:020000040800F2
:1000000000000320ED7B0308C5E20208E1E20208DC
:10001000FDE2020819E3020835E3020800000000CF
:1000200000000000000000000000000071980008BF
:1000300051E3020800000000ED9A00086DE3020899
:100040003D7C03083D7C03083D7C03083D7C0308A0
:100050003D7C03083D7C0308B91100083D7C030882
:100060003D7C0308E91100083D7C03083D7C030842
:100070003D7C03083D7C03083D7C03083D7C030870
:100080003D7C03083D7C03083D7C03083D7C030860
:100090003D7C03083D7C03083D7C03083D7C030850
:1000A0003D7C03083D7C03083D7C03083D7C030840
:1000B0003D7C03083D7C03083D7C03083D7C030830
:1000C0003D7C03083D7C03083D7C03083D7C030820
:1000D0003D7C03083D7C03083D7C03083D7C030810
:1000E000191200083D7C03083D7C03083D7C030891
:1000F0003D7C03083D7C03083D7C03083D7C0308F0
:100100003D7C03083D7C03083D7C03083D7C0308DF
:100110003D7C03083D7C03083D7C03083D7C0308CF
:100120003D7C03083D7C03083D7C03083D7C0308BF
:100130003D7C030881E302083D7C03083D7C030805
:100140003D7C03083D7C03083D7C03083D7C03089F
:100150003D7C03083D7C03083D7C03083D7C03088F
:100160003D7C03083D7C03083D7C03083D7C03087F
:100170003D7C03083D7C03083D7C03080000000033
:100180003D7C03083D7C03083D7C03083D7C03085F
:100190003D7C03083D7C03083D7C03083D7C03084F
:0C01A0003D7C03083D7C03083D7C030807
:1001C0000348044B834202D0034B03B118477047E6
:1001D000F4090020F4090020000000000548064949
:1001E0000B1AD90F01EBA301491002D0034B03B145
:1001F00018477047F4090020F409002000000000AF
:1002000010B5064C237843B9FFF7DAFF044B13B15E
:100210000448AFF300800123237010BDF4090020CF
:1002200000000000547C030808B5044B1BB10449CE
:100230000448AFF30080BDE80840CFE700000000AD
:10024000F8090020547C0308A3F5803A704700BFEA
:10025000154B002B08BF114B9D46FFF7F5FF002102
:100260008B460F461148124A121A2EF04DFA0C4BCB
:10027000002B00D098470B4B002B00D09847002054
:10028000002104000D000B482EF042F92EF07EF9FB
:100290002000290000F010F82EF04EF900000800B0
:1002A000000000000000000000000000F409002031
:1002B00014EA002059E5020880B500AF20F0B2FA38
:1002C00009F0BAFB2DF01AFF2DF0EAFB2DF0B4FC7B
:1002D00009F0E2FB01F0AAFE02F0ACFB07F074F9B2
:1002E000FEE7000080B58AB000AF78600023FB61B4
:1002F00007F0CEF9654B1B68002B01D100F053F9D4
:10030000634B1A687B681340002B40F0A7807B6822
:10031000002B2DD008227B6813447A689A4227D29A
:1003200008227B6813447B607B6803F00703002B83
:1003300021D07B6823F0070308337A689A4214D2ED
:100340007B6823F0070308337B607B6803F00703B7
:10035000002B10D04FF0500383F31188BFF36F8F41
:10036000BFF34F8F7B6100BFFEE700237B6002E09D
:1003700000237B6000E000BF7B68002B6ED0454B04
:100380001B687A689A4269D8434B3B62424B1B68B0
:100390007B6204E07B6A3B627B6A1B687B627B6AF0
:1003A0005B687A689A4203D97B6A1B68002BF1D19B
:1003B000364B1B687A6A9A4250D03B6A1B68082207
:1003C0001344FB617B6A1A683B6A1A607B6A5A684D
:1003D0007B68D21A08235B009A421FD97A6A7B682D
:1003E0001344BB61BB6903F00703002B0AD04FF035
:1003F000500383F31188BFF36F8FBFF34F8F3B61BF
:1004000000BFFEE77B6A5A687B68D21ABB695A60F4
:100410007B6A7A685A60B86900F028F91D4B1A683F
:100420007B6A5B68D31A1B4A13601A4B1A681B4B12
:100430001B689A4203D2174B1B68184A13607B6AE9
:100440005A68134B1B681A437B6A5A607B6A002206
:100450001A60134B1B680133114A136007F026F929
:10046000FB6903F00703002B0AD04FF0500383F31E
:100470001188BFF36F8FBFF34F8FFB6000BFFEE7A4
:10048000FB6918462837BD4680BD00BF24E6002022
:1004900038E6002028E600201CE600202CE600209C
:1004A00030E6002080B586B000AF78607B687B6165
:1004B0007B68002B4DD008235B427A6913447B6133
:1004C0007B693B613B695A68244B1B681340002BD6
:1004D0000AD14FF0500383F31188BFF36F8FBFF33E
:1004E0004F8FFB6000BFFEE73B691B68002B0AD003
:1004F0004FF0500383F31188BFF36F8FBFF34F8F1B
:10050000BB6000BFFEE73B695A68144B1B68134091
:10051000002B1ED03B691B68002B1AD13B695A681F
:100520000E4B1B68DB431A403B695A6007F0B0F87A
:100530003B695A680A4B1B681344094A13603869BF
:1005400000F094F8074B1B680133064A136007F06C
:10055000ADF800BF1837BD4680BD00BF38E60020AB
:1005600028E6002034E6002080B400AF034B1B686F
:100570001846BD465DF8047B704700BF28E60020A2
:1005800080B400AF034B1B681846BD465DF8047B82
:10059000704700BF2CE6002080B400AF00BFBD460E
:1005A0005DF8047B704780B485B000AF4FF45C43C6
:1005B000BB60284BFB60FB6803F00703002B0CD0EB
:1005C000FB680733FB60FB6823F00703FB60BA6836
:1005D000FB68D31A1F4A1344BB60FB687B601E4A4A
:1005E0007B6813601C4B00225A607B68BA68134416
:1005F000FB600822FB689B1AFB60FB6823F0070383
:10060000FB60FB68154A1360144B1B6800225A609C
:10061000124B1B6800221A607B683B603B68FA68DB
:10062000D21A3B685A600D4B1A683B681A603B68E7
:100630005B680B4A13603B685B680A4A13600A4BAD
:100640004FF000421A6000BF1437BD465DF8047BCE
:10065000704700BF1C0A00201CE6002024E6002092
:100660002CE6002028E6002038E6002080B485B083
:1006700000AF7860284BFB6002E0FB681B68FB6002
:10068000FB681B687A689A42F7D8FB68BB60FB6816
:100690005B68BA6813447A689A4208D1FB685A6862
:1006A0007B685B681A44FB685A60FB687B607B6808
:1006B000BB607B685B68BA681A44FB681B689A4237
:1006C00018D1FB681A68154B1B689A420DD07B68DD
:1006D0005A68FB681B685B681A447B685A60FB6851
:1006E0001B681A687B681A6008E00C4B1A687B6804
:1006F0001A6003E0FB681A687B681A60FA687B6816
:100700009A4202D0FB687A681A6000BF1437BD466F
:100710005DF8047B704700BF1CE6002024E6002043
:1007200080B586B000AF786000233B610023FB609A
:100730004FF0FF33BB6006F0ABFF224B1B687B61C1
:100740007B69002B1AD03B6901333B617B695B6895
:10075000FA689A4202D27B695B68FB607B695B68DE
:10076000BA689A4202D97B695B68BB607B691B6887
:100770007B61154B1B687A699A42E4D106F096FFBB
:100780007B68FA685A607B68BA689A607B683A69E5
:10079000DA6009F051F90D4B1A687B681A600C4B4E
:1007A0001A687B685A610B4B1A687B689A610A4B1E
:1007B0001A687B681A6109F06FF900BF1837BD46E7
:1007C00080BD00BF1CE6002024E6002028E60020B3
:1007D00030E6002034E600202CE6002080B485B00E
:1007E00000AF0023FB60984B1B6B974A43F040031C
:1007F0001363954B1B6B03F04003FB60FB68002306
:10080000BB60914B1B6B904A43F0100313638E4BFC
:100810001B6B03F01003BB60BB6800237B608A4B3B
:100820001B6B894A43F020031363874B1B6B03F058
:1008300020037B607B68854B1B68844A23F44063FC
:100840001360824B1B68814A43F4806313607F4BC3
:100850009B687E4A23F4406393607C4B9B687B4A91
:1008600043F400639360794B5B68784A23F020037C
:100870005360764BDB68754A23F44063D360734B57
:10088000DB68724A43F48063D360704B1B686F4A25
:1008900023F4405313606D4B1B686C4A43F4805340
:1008A00013606A4B9B68694A23F440539360674B1B
:1008B0009B68664A43F400539360644B5B68634AE9
:1008C00023F040035360614BDB68604A23F44053DC
:1008D000D3605E4BDB685D4A43F48053D3605B4B6F
:1008E0001B685A4A23F440331360584B1B68574A1D
:1008F00043F480331360554B9B68544A23F44033D0
:100900009360524B9B68514A43F4003393604F4BC2
:100910005B684E4A23F4807353604C4BDB684B4A50
:1009200023F44033D360494BDB68484A43F48033B7
:10093000D360464B1B68454A23F440131360434B76
:100940001B68424A43F480131360404B9B683F4A44
:1009500023F4401393603D4B9B683C4A43F40013DF
:1009600093603A4B5B68394A23F480635360374B9A
:10097000DB68364A23F44013D360344BDB68334AD8
:1009800043F48013D360314B1B68304A23F4400397
:1009900013602E4B1B682D4A43F4800313602B4BCE
:1009A0009B682A4A23F440039360284B9B68274A9C
:1009B00043F400039360254B5B68244A23F40063EF
:1009C0005360224BDB68214A23F44003D3601F4B62
:1009D000DB681E4A43F48003D3601C4B1B681B4A30
:1009E00023F040631360194B1B68184A43F080637F
:1009F0001360164B9B68154A23F040639360134BBA
:100A00009B68124A43F000639360104B5B680F4A87
:100A100023F4005353600D4BDB680C4A23F0406312
:100A2000D3600A4BDB68094A43F08063D360074B0D
:100A30001B68064A23F040431360044B1B68034ABB
:100A400043F08043136003E0003802400018024086
:100A5000504B9B684F4A23F0404393604D4B9B683B
:100A60004C4A43F0004393604A4B5B68494A23F485
:100A700000435360474BDB68464A23F04043D36052
:100A8000444BDB68434A43F08043D360424B1B68CE
:100A9000414A23F0030313603F4B1B683E4A43F077
:100AA000010313603C4B9B683B4A23F003039360B4
:100AB000394B9B68384A43F002039360364B5B68BE
:100AC000354A23F001035360334BDB68324A23F08D
:100AD0000303D360304BDB682F4A43F00103D3603C
:100AE0002D4B1B682C4A23F4405313602A4B1B6880
:100AF000294A43F480531360274B9B68264A23F40A
:100B000040539360244B9B68234A43F40053936003
:100B1000214B5B68204A23F0400353601E4BDB6887
:100B20001D4A23F44053D3601B4BDB681A4A43F43D
:100B30008053D360194B1B68184A23F44003136099
:100B4000164B1B68154A43F480031360134B9B68D4
:100B5000124A23F440039360104B9B680F4A43F4FE
:100B6000000393600D4B5B680C4A23F400635360F1
:100B70000A4BDB68094A23F44003D360074BDB6868
:100B8000064A43F48003D36000BF1437BD465DF8C6
:100B9000047B70470018024000100240001402401D
:100BA00080B483B000AF78600B46FB707B68002B8D
:100BB00010D1FB78002B06D0634B5B69624A43F08F
:100BC00040035361B9E0604B5B695F4A23F0400327
:100BD0005361B2E07B68012B10D1FB78002B06D06B
:100BE0005A4B5B69594A43F400435361A5E0574BA4
:100BF0005B69564A23F4004353619EE07B68022BF5
:100C000010D1FB78002B06D0504B5B694F4A43F460
:100C10008063536191E04D4B5B694C4A23F48063E0
:100C200053618AE07B68032B10D1FB78002B06D040
:100C3000464B5B69454A43F4005353617DE0434BA7
:100C40005B69424A23F40053536176E07B68042BCE
:100C500010D1FB78002B06D03C4B5B693B4A43F438
:100C60000063536169E0394B5B69384A23F40063E0
:100C7000536162E07B68052B10D1FB78002B06D016
:100C8000334B5B69324A43F40063536155E0304BA8
:100C90005B692F4A23F4006353614EE07B68062BA7
:100CA00010D1FB78002B06D0274B5B69264A43F016
:100CB0000103536141E0244B5B69234A23F00103A4
:100CC00053613AE07B68072B10D1FB78002B06D0EC
:100CD0001E4B5B691D4A43F4807353612DE01B4B2F
:100CE0005B691A4A23F48073536126E07B68082B02
:100CF00010D1FB78002B06D0144B5B69134A43F0EC
:100D00002003536119E0114B5B69104A23F0200363
:100D1000536112E07B68092B0FD1FB78002B06D0C2
:100D20000A4B5B69094A43F04003536105E0074BF6
:100D30005B69064A23F04003536100BF0C37BD4690
:100D40005DF8047B704700BF0010024000180240AD
:100D50000014024080B584B000AF0346FB8000233E
:100D6000FB600FE0FA88FB6842FA03F3DBB203F0A2
:100D70000103FB72FB7A1946F868FFF711FFFB6865
:100D80000133FB60FB68092BECDD00BF00BF1037AF
:100D9000BD4680BD80B584B000AF03463960FB809E
:100DA0003B68002B0AD1FB885B001AB2FB885B0A08
:100DB0009BB21BB213431BB2FB810CE0FB885B08A8
:100DC0009BB21AB2FB885B021BB203F400731BB226
:100DD00013431BB2FB81FB891846FFF7BBFFFB895E
:100DE00018461037BD4680BD80B483B000AF0346BF
:100DF000FB7197F90730002B0CDBFB7903F01F0226
:100E0000074997F907305B09012000FA02F26033C5
:100E100041F8232000BF0C37BD465DF8047B7047C6
:100E200000E100E080B584B000AF78600023FB6093
:100E30006B4B1B6B6A4A43F004031363684B1B6BD9
:100E400003F00403FB60FB680023BB60644B1B6B77
:100E5000634A43F020031363614B1B6B03F02003D1
:100E6000BB60BB685E4B5B6C5D4A43F4804353647C
:100E70007B68002B38D15B4B1B685A4A23F0030375
:100E80001360584BDB68574A23F00303D360554B7C
:100E9000DB68544A43F00203D360534B9B68524AC9
:100EA00023F00F039360504B9B684F4A43F00203BB
:100EB00093604E4B9B684D4A43F0010393604B4B4C
:100EC000DB684A4A23F00103D360484B1B68474A5A
:100ED00043F00103136000220A21062009F0FFFD00
:100EE000062009F018FE76E07B68022B38D1404BD3
:100EF0001B683F4A23F0C00313603D4BDB683C4A4C
:100F000023F0C003D3603A4BDB68394A43F08003D7
:100F1000D360354B9B68344A23F470439360324B63
:100F20009B68314A43F4A0439360304B9B682F4A3F
:100F300043F0080393602D4BDB682C4A23F0080331
:100F4000D3602A4B1B68294A43F008031360002230
:100F50000A21092009F0C3FD092009F0DCFD3AE06F
:100F60007B68032B37D11F4B1B681E4A23F040635D
:100F700013601C4BDB681B4A23F04063D360194BA2
:100F8000DB68184A43F00063D360174B5B69164A6D
:100F900023F0F0035361144B5B69134A43F02003C1
:100FA0005361124B9B68114A43F4005393600F4BFB
:100FB000DB680E4A23F40053D3600C4B1B680B4ACA
:100FC00043F40053136000220A21282009F087FD12
:100FD000282009F0A0FD00BF1037BD4680BD00BF2E
:100FE000003802400008024000380140003C014047
:100FF0000014024080B584B000AF78601FF0B2FCEE
:10100000F860394A7B6852F82330FA68D31AC8224C
:10101000934265D9354A7B6852F823305A1C3349CC
:101020007B6841F823207B68002B03D102202CF041
:10103000D5FD0CE07B68022B03D104202CF0CEFD03
:1010400005E07B68032B02D101202CF0C7FD274A65
:101050007B6852F82330072B04DD244A7B6800218B
:1010600042F8231020497B68FA6841F823200023C6
:10107000BB607B68002B0CD11D4B1B68002B08D07C
:101080001B4B1B6807F108021146184603F039FA9A
:101090001BE07B68022B0CD1164B1B68002B08D081
:1010A000144B1B6807F108021146184603F029FA91
:1010B0000BE0114B1B68002B07D00F4B1B6807F18F
:1010C00008021146184603F01CFABB68002B07D033
:1010D0000A4B4FF080521A60BFF34F8FBFF36F8FF0
:1010E00000BF1037BD4680BD48E600203CE600202A
:1010F00040E9002044E900203CE9002004ED00E044
:1011000080B483B000AF78607B68002B02D07B682E
:10111000022B04D1054A7B6852F8233000E00023FB
:1011200018460C37BD465DF8047B70473CE600204E
:1011300080B483B000AF78607B68002B02D07B68FE
:10114000022B04D1054A7B68002142F8231000BF1E
:101150000C37BD465DF8047B704700BF3CE60020BD
:1011600080B500AF03220021012002F0A9FE034652
:101170000E4A136003220021012002F0A1FE034663
:101180000B4A136003220021012002F099FE03465E
:10119000084A13600020FFF745FE0220FFF742FED9
:1011A0000320FFF73FFE00BF80BD00BF40E90020E5
:1011B00044E900203CE9002080B500AF0620FFF79D
:1011C00013FE084B5B6903F00103012B08D1054BAB
:1011D0005B69044A43F0010353610020FFF70AFFF3
:1011E00000BF80BD003C014080B500AF0920FFF783
:1011F000FBFD084B5B6903F00803082B08D1054B86
:101200005B69044A43F0080353610220FFF7F2FED2
:1012100000BF80BD003C014080B500AF2820FFF733
:10122000E3FD094B5B6903F40053B3F5005F08D19C
:10123000054B5B69044A43F4005353610320FFF7F5
:10124000D9FE00BF80BD00BF003C014080B485B026
:1012500000AF0023FB60564B1B6B554A43F0100355
:101260001363534B1B6B03F01003FB60FB680023FD
:10127000BB604F4B1B6B4E4A43F0200313634C4B38
:101280001B6B03F02003BB60BB6800237B60484BF3
:101290001B6B474A43F001031363454B1B6B03F081
:1012A00001037B607B68434B1B68424A23F4400385
:1012B0001360404B1B683F4A43F4800313603D4B6F
:1012C0009B683C4A23F4400393603A4B9B68394A3D
:1012D00043F400039360374B5B68364A23F40063A2
:1012E0005360344BDB68334A23F44003D360314B03
:1012F000DB68304A43F48003D3602F4B1B682E4ACF
:1013000023F0407313602C4B1B682B4A43F080730F
:101310001360294B9B68284A23F040739360264B47
:101320009B68254A43F000739360234B5B68224A15
:1013300023F480535360204BDB681F4A23F0407333
:10134000D3601D4BDB681C4A43F08073D3601B4B9A
:101350001B681A4A23F040431360184B1B68174A56
:1013600043F080431360154B9B68144A23F04043BD
:101370009360124B9B68114A43F0004393600F4BFC
:101380005B680E4A23F4004353600C4BDB680B4A46
:1013900023F04043D360094BDB68084A43F08043A5
:1013A000D36000BF1437BD465DF8047B704700BFB3
:1013B00000380240001002400000024000140240C9
:1013C00080B483B000AF0346FB71FB7903F00403E4
:1013D000002B06D01B4B5B691A4A43F40063536130
:1013E00005E0184B5B69174A23F400635361FB79EE
:1013F00003F00203002B06D0134B5B69124A43F43F
:101400008053536105E0104B5B690F4A23F480530E
:101410005361FB7903F00103002B06D00B4B5B6992
:101420000A4A43F40043536105E0084B5B69074AED
:1014300023F40043536100BF0C37BD465DF8047BC5
:10144000704700BF0010024000000240001402403C
:1014500080B582B000AF00237B60394B1B6B384AEC
:1014600043F001031363364B1B6B03F001037B60F6
:101470007B68344B1B68334A43F0C0031360314B25
:101480009B68304A23F0C00393602E4B9B682D4A23
:1014900043F0800393602B4BDB682A4A23F0C003A0
:1014A000D36000233B60264B5B6C254A43F480737A
:1014B0005364234B5B6C03F480733B603B68224BAB
:1014C000224A1A60204B00225A601F4B00229A6069
:1014D0001D4B00221A611C4B00221A761A4B002267
:1014E00083F82020184B00225A62174B0022DA6240
:1014F000154B00229A62144B0022DA60124B012233
:10150000DA61114B002283F830200F4B00225A6120
:101510000D481FF08FFB0E4B03221A600C4B01226B
:101520005A600B4B00229A60094B0022DA6008498E
:10153000054820F0F0F900BF0837BD4680BD00BF68
:10154000003802400000024050E900200020014025
:1015500098E9002080B500AF08481FF0F4FB00BFF9
:101560000A2106481FF0F5FC0346002BF8D103487A
:1015700020F09CF90346184680BD00BF50E90020CA
:1015800080B582B000AFFFF763FF4FF0FF337B60A1
:10159000FFF7E0FF03463B603A687B68D31A002BF5
:1015A000B8BF5B420A2B08DD064B1868394600239A
:1015B000002202F0C3FD3B687B60322005F048FC4E
:1015C000E6E700BF4CE9002080B582B002AF002200
:1015D0000421042002F074FC0346084A136000232F
:1015E00001930223009300234FF4807204490548BD
:1015F00005F030FA00BFBD4680BD00BF4CE90020B9
:10160000787C03088115000880B588B000AF0346D8
:10161000FB71FB79184600F059F9B861BB69012BE1
:1016200040F08180FB7903F01003002B14BF0123ED
:101630000023DBB2FB75FB7903F02003002B14BF02
:1016400001230023DBB2BB75FB7903F04003002BC1
:1016500014BF01230023DBB27B7597F90730DBB29F
:10166000DB09DBB23B75FB7903F00203002B14BFEF
:1016700001230023DBB2FB74FB7903F00403002B8E
:1016800014BF01230023DBB2BB74FB7903F0080312
:10169000002B14BF01230023DBB27B740023FB77F4
:1016A000BA7D7B7D5340DAB23B7D53403B74FA7D7B
:1016B0007B7D5340DAB23B7D5340FB73FA7DBB7DAB
:1016C0005340DAB23B7D5340BB733A7CFB7C9A4279
:1016D00003D0FB7F43F00103FB77FA7BBB7C9A428C
:1016E00003D0FB7F43F00203FB77BA7B7B7C9A42FB
:1016F00003D0FB7F43F00403FB77FB7F002B04D177
:10170000FB7983F00103FB7112E0FB7F072B0FD8FD
:10171000FB7F012202FA03F35AB297F907305340D4
:101720005BB2FB7104E0BB69022B01D1FF2323E014
:1017300097F907301B115BB203F008035AB2FB792B
:101740001B115BB203F004035BB213435AB2FB7983
:101750001B115BB203F002035BB213435AB2FB7975
:1017600003F01003002B14BF01230023DBB25BB294
:1017700013435BB27B737B7B18462037BD4680BD2D
:1017800080B487B000AF0346FB710023FB75FB7983
:1017900003F00103002B14BF01230023DBB27B7590
:1017A000FB7903F00203002B14BF01230023DBB2FB
:1017B0003B75FB7903F00403002B14BF01230023C6
:1017C000DBB2FB74FB7903F00803002B14BF012389
:1017D0000023DBB2BB743A7DFB7C5340DAB2BB7CA6
:1017E00053407B747A7DFB7C5340DAB2BB7C534020
:1017F0003B747A7D3B7D5340DAB2BB7C5340FB7334
:101800007B7C5B005AB23B7C9B005BB213435AB2B9
:10181000FB7BDB005BB213435AB27B7D1B015BB2E7
:1018200013435AB23B7D5B015BB213435AB2FB7C5C
:101830009B015BB213435AB2BB7CDB015BB2134327
:101840005BB2BB730123BB7513E0BA7BBB7D42FA6D
:1018500003F303F00103002B14BF01230023DBB2C9
:101860005AB297F9173053405BB2FB75BB7D013319
:10187000BB75BB7D072BE8D9BA7BFB7D1343BB73DC
:10188000BB7B18461C37BD465DF8047B704790B59E
:1018900085B000AF0346FB71FB7903F00F03DBB2A9
:1018A0001846FFF76DFF03461CB2FB791B09DBB23C
:1018B0001846FFF765FF03461B021BB223431BB20A
:1018C000FB81FB8918461437BD4690BD80B489B0B2
:1018D00000AF0346FB710023FB770023BB77FB7946
:1018E00003F01003002B14BF01230023DBB2FB75B0
:1018F000FB7903F02003002B14BF01230023DBB28C
:10190000BB75FB7903F04003002B14BF01230023B8
:10191000DBB27B7597F90730DBB2DB09DBB23B75D5
:10192000FB7903F00203002B14BF01230023DBB279
:10193000FB74FB7903F00403002B14BF0123002385
:10194000DBB2BB74FB7903F00803002B14BF012347
:101950000023DBB27B74BA7D7B7D5340DAB23B7DE2
:1019600053403B74FA7D7B7D5340DAB23B7D53405C
:10197000FB73FA7DBB7D5340DAB23B7D5340BB73B2
:101980003A7CFB7C9A4203D0FB7F43F00103FB7758
:10199000FA7BBB7C9A4203D0FB7F43F00203FB77C8
:1019A000BA7B7B7C9A4203D0FB7F43F00403FB7736
:1019B0000123BB6113E0FA79BB6942FA03F303F038
:1019C0000103002B14BF01230023DBB25AB297F9A5
:1019D0001E3053405BB2BB77BB690133BB61BB694F
:1019E000072BE8DDBA7FFB7903F001039A4214BFAD
:1019F00001230023DBB2BB60FB7F002B04D1BB685B
:101A0000002B01D100230EE0FB7F002B02D0BB682E
:101A1000002B05D1FB7F002B04D1BB68002B01D02C
:101A2000012300E0022318462437BD465DF8047BFD
:101A3000704790B585B000AF786039600023FB60D7
:101A400022E0FB687A6813441B78FB72FB7A03F090
:101A50000F03DAB2FB685B0019463B685C1810465E
:101A6000FFF78EFE03462370FB7A1B09D9B2FB6891
:101A70005B0001333A68D4180846FFF781FE03463D
:101A80002370FB680133FB60FB680F2BD9DD00BFBF
:101A900000BF1437BD4690BD80B483B000AF0023B3
:101AA0007B60644B1B6B634A43F001031363614B20
:101AB0001B6B03F001037B607B6800233B605D4B85
:101AC0001B6B5C4A43F0080313635A4B1B6B03F018
:101AD00008033B603B68584B1B68574A23F440633C
:101AE0001360554B1B68544A43F480631360524B98
:101AF0009B68514A23F4406393604F4B9B684E4A66
:101B000043F4006393604C4B5B684B4A23F0200323
:101B10005360494BDB68484A23F44063D360464B2B
:101B20001B68454A23F440531360434B1B68424AE9
:101B300043F480531360404B9B683F4A23F4405367
:101B400093603D4B9B683C4A43F4005393603A4B8F
:101B50005B68394A23F040035360374BDB68364AF1
:101B600023F44053D360344B1B68334A23F440437F
:101B70001360314B1B68304A43F4804313602E4B93
:101B80009B682D4A23F4404393602B4B9B682A4A61
:101B900043F400439360284B5B68274A23F080039B
:101BA0005360254BDB68244A23F44043D360234B26
:101BB0001B68224A23F040531360204B1B681F4AC6
:101BC00043F0805313601D4B9B681C4A23F0405325
:101BD00093601A4B9B68194A43F000539360174B6C
:101BE0005B68164A23F480435360144BDB68134A46
:101BF00023F04053D360104B5B690F4A43F020033E
:101C000053610D4B5B690C4A43F0400353610A4B2F
:101C10005B69094A43F080035361084B5B69074ADB
:101C200043F48043536100BF0C37BD465DF8047B2D
:101C3000704700BF0038024000000240000C024024
:101C400080B483B000AF00237B60884B1B6B874A56
:101C500043F010031363854B1B6B03F010037B6091
:101C60007B6800233B60814B1B6B804A43F002037F
:101C700013637E4B1B6B03F002033B603B687C4BA2
:101C80001B687B4A23F440331360794B9B68784A86
:101C900023F440339360764B9B68754A43F40033DA
:101CA0009360734BDB68724A23F44033D360704B0C
:101CB000DB686F4A43F40033D3606D4B1B686C4A9A
:101CC00023F4404313606A4B9B68694A23F4404302
:101CD0009360674B9B68664A43F400439360644B90
:101CE000DB68634A23F44043D360614BDB68604A9E
:101CF00043F40043D3605E4B1B685D4A23F44013FA
:101D000013605B4B9B685A4A23F440139360584B13
:101D10009B68574A43F400139360554BDB68544A61
:101D200023F44013D360524BDB68514A43F4001351
:101D3000D3604F4B1B684E4A23F0407313604C4BEB
:101D40009B684B4A23F040739360494B9B68484A19
:101D500043F000739360464BDB68454A23F04073C1
:101D6000D360434BDB68424A43F00073D360404B7F
:101D70001B683F4A23F0405313603D4B9B683C4A2D
:101D800023F0405393603A4B9B68394A43F0005329
:101D90009360374BDB68364A23F04053D360344BB3
:101DA000DB68334A43F00053D360314B1B68304A41
:101DB00023F0404313602E4B9B682D4A23F0404391
:101DC00093602B4B9B682A4A43F000439360284B57
:101DD000DB68274A23F04043D360254BDB68244A65
:101DE00043F00043D360234B1B68224A23F0406337
:101DF0001360204B9B681F4A23F0406393601D4B88
:101E00009B681C4A43F0006393601A4BDB68194AD5
:101E100023F04063D360174BDB68164A43F000633E
:101E2000D360144B1B68134A23F440031360114B17
:101E30009B68104A23F4400393600E4B9B680D4A45
:101E400043F4000393600B4BDB680A4A23F440031E
:101E5000D360084BDB68074A43F40003D36000BF3C
:101E60000C37BD465DF8047B704700BF0038024068
:101E7000001002400004024080B483B000AF002391
:101E8000FB712B4B1B6903F48073002B03D0FB7990
:101E900043F00103FB71264B1B6903F08003002B09
:101EA00003D0FB7943F00203FB71214B1B6903F460
:101EB0008063002B03D0FB7943F00403FB711C4BC0
:101EC0001B6903F48053002B03D0FB7943F0080314
:101ED000FB71174B1B6903F48043002B03D0FB7984
:101EE00043F01003FB71124B1B6903F40043002BFA
:101EF00003D0FB7943F02003FB710E4B1B6903F405
:101F00000053002B03D0FB7943F04003FB71094BD6
:101F10001B6903F40063002B03D0FB7963F07F039C
:101F2000FB71FB7918460C37BD465DF8047B7047A2
:101F3000001002400004024080B582B000AFFFF7FD
:101F40007FFE00220121052001F0BAFF0346094A65
:101F50001360FFF791FF03463B71064B1868391D6C
:101F600000234FF0FF3202F0E9F8322004F070FF56
:101F7000EFE700BFA8E9002080B582B002AF0023E0
:101F800001930223009300234FF480720349044815
:101F900004F060FD00BFBD4680BD00BF847C030827
:101FA000391F000880B58CB000AF00233B6207F1F9
:101FB000240300221A605A609A60184B1B680021A3
:101FC000184602F033FC0346012B08D0144B1B6863
:101FD0000021184602F02AFC0346012B1AD1114BAE
:101FE0001B68002B0CBF01230023DBB21A460D4BEC
:101FF0001A600C4B1B68002B06D00B4B5B690A4A1E
:1020000023F04003536105E0074B5B69064A43F048
:1020100040035361012004F01BFFCEE740E900209C
:1020200044E9002060E600200000024080B582B054
:1020300002AFFFF795F8FFF72FFDFEF7CFFB00F09B
:1020400085FE01F047FB0023019302230093002348
:102050004FF480620349044804F0FCFC00BFBD4615
:1020600080BD00BF8C7C0308A51F000880B500AFB1
:1020700001F030FB2BF0F6FC00224FF40041134836
:1020800011F06AFA05221249302001F0CDFB052239
:102090000F492A2001F0C8FB0021012001F06AFB52
:1020A0000121022001F066FB2021112001F062FBDA
:1020B0003421052001F05EFB0621062001F05AFBC9
:1020C0000221002001F056FB00BF80BD000C024041
:1020D0000400002080B58CB000AF00233B6207F104
:1020E000240300221A605A609A60354B1B684FF037
:1020F000FF31184602F09AFB0346012BF5D120234D
:1021000087F82030482387F82130312387F82230A0
:10211000562387F82330762387F8243007F12003ED
:1021200005330B22002118462CF0EEFA07F12003AC
:1021300005330422234918462CF04CFA3A4607F19D
:10214000200311461846FFF774FC3B46184601F081
:102150001DFC1D4B1B68002B0CBF01230023DBB2B1
:102160001A46194B1A60184B1B68002B06D0174BE8
:102170005B69164A23F04003536105E0134B5B692A
:10218000124A43F040035361114B1B68002B0CBFF4
:1021900001230023DBB21A460D4B1A600C4B1B685F
:1021A000002B06D0094B5B69084A23F020035361DA
:1021B0009BE7064B5B69054A43F02003536194E7B4
:1021C0003CE90020947C030874E6002000000240F3
:1021D00070E6002080B500AF574B1B684FF0FF3111
:1021E000184602F023FB0346012BF5D1534B1B7815
:1021F000013B0E2B6CD801A252F823F039220008C3
:1022000047220008552200086322000871220008B6
:102210007F2200088D2200089B220008A9220008C6
:10222000D1220008D1220008D1220008D1220008C2
:10223000D1220008B7220008404B02221A70404BFE
:1022400022221A704BE03D4B03221A703C4B222293
:102250001A7044E0394B04221A70394B22221A704A
:102260003DE0364B05221A70354B26221A7036E0B7
:10227000324B06221A70324B27221A702FE02F4B56
:1022800007221A702E4B00221A7028E02B4B0822CE
:102290001A702B4B00221A7021E0284B09221A7069
:1022A000274B00221A701AE0244B0F221A70244B7D
:1022B0000F221A7013E0234B64221A60224B002273
:1022C0001A601E4B01221A701D4B22221A7006E062
:1022D0001A4B01221A701A4B00221A7000BF174BBA
:1022E0001B78072B07D0154B1B78082B03D0134BFB
:1022F0001B78092B04D1114B1B78184600F0D0FC39
:10230000124B1B68002B0CBF01230023DBB21A46C3
:102310000E4B1A600D4B1B68002B06D00C4B5B69F3
:102320000B4A23F04003536156E7094B5B69084AA7
:1023300043F0400353614FE740E9002009000020CB
:102340000A0000200C0000207CE6002074E600203B
:102350000000024080B592B002AFAB4B1B684FF05B
:10236000FF31184602F062FA0346012BF5D1A74B64
:102370001B7887F82C30482387F82D30312387F8D5
:102380002E30562387F82F30762387F8303007F128
:102390002C0305330B22002118462CF0B5F900233D
:1023A0003B603B1D00221A605A60984B1B780F3B24
:1023B000182B00F2D28001A252F823F03125000838
:1023C0005B2500085B2500085B2500085B250008ED
:1023D0005B2500085B2500085B2500085B250008DD
:1023E0005B2500085B2500085B2500085B250008CD
:1023F0005B2500085B2500085B2500085B250008BD
:102400005B2500085B250008212400085B250008E7
:102410005B2500085B250008E92400080125000869
:10242000002387F83F30002387F83E30002387F8E9
:102430003D30774B1B78042B2DD0042B44DC022B32
:1024400002D0032B13D03FE0724B1B7887F83F304C
:10245000714A97F83F301370002387F83E3000230D
:1024600087F83D3097F83F306C4A13602DE0694B98
:102470001B7887F83E306A4A97F83E301370664BF7
:102480001B7887F83F30002387F83D3097F83E30BF
:10249000624A136019E05F4B1B78DBB2632B03D8F1
:1024A0005C4B1B78DBB200E0632387F83D305A4B6E
:1024B0001B7887F83F305A4B1B7887F83E3097F8E7
:1024C0003D30564A136000E000BF97F83F1097F880
:1024D0003E3097F83D203846019200930B46514A12
:1024E0000C212CF055FA38E04F4B1B6838464F4A08
:1024F0000C212CF04DFA4C4B1B68484A13602CE021
:102500004B4B1B68002B01DB202200E02D22484BA7
:102510001B68002BB8BF5B42384600931346454A00
:102520000C212CF035FA424B1B683C4A136014E036
:102530003D4B64221A603E4B00221A60364B00224B
:102540001A70374B00221A70344B00221A60002296
:102550000F210F2000F092F9FFE63B4618462CF0C1
:102560000FFB0246394607F12C03053318462CF0C1
:1025700031F807F10C0207F12C0311461846FFF75A
:1025800058FA07F10C03184601F000FA214B1B78AA
:10259000DBB2184600F082FC274B1B68002B0CBFF7
:1025A00001230023DBB21A46234B1A60224B1B681F
:1025B000002B06D0214B5B69204A23F02003536196
:1025C00005E01E4B5B691D4A43F0200353611C4B21
:1025D0001B68002B0CBF01230023DBB21A46184BEB
:1025E0001A60174B1B68002B06D0144B5B69134A0B
:1025F00023F040035361B0E6104B5B690F4A43F090
:1026000040035361A9E600BF44E900200A0000200E
:102610000900002080E6002081E6002078E6002006
:1026200082E600209C7C03080C000020AC7C0308A0
:102630007CE60020B87C030870E600200000024021
:1026400074E6002080B500AF044B1B789BB218469F
:10265000FEF780FB0A2004F0FBFBF5E709000020F1
:1026600080B582B000AF074B1B68391D4FF0FF32B9
:10267000184601F0FBFF0346012BF4D13A79024BD7
:102680001A70F0E7A8E9002080E6002080B582B04B
:1026900000AF114B1B78062B09D0062B0EDC012B4B
:1026A00009D0052B0AD10D4B1B687B600BE00C4B4E
:1026B0001B687B6007E000237B6004E0094B1B780C
:1026C000DBB27B6000BF084B1B68184600F0E6FBDE
:1026D000012004F0BDFBDCE7090000200C00002015
:1026E0007CE6002080E6002078E6002080B582B0FD
:1026F00000AF0023FB710520FEF762FE0A4B1B783A
:10270000012B01D10523FB71084B1B78FA799A4202
:1027100006D0FB791846FEF753FE044AFB79137086
:102720000A2004F095FBE9E70900002010000020D2
:1027300080B584B000AF4A4B1B683946002218466A
:1027400001F094FF0346012B73D13B68454A82FB9D
:1027500003121A441212DB17D31ABB60424B1B68D8
:10276000BA689A4265D0404B1B68BA68D31A7B603E
:102770003D4B1B68B3F1FF3F03D13B4ABB6813607D
:102780006CE03A4B1B78052B18D17A6813469B00F6
:1027900013449B001A46364B1B681344344A13609B
:1027A000334B1B68C82B02DD314BC8221A60304BFB
:1027B0001B68002B02DA2E4B00221A602B4B1B7871
:1027C000062B1AD17A6813469B0013449B001A46C5
:1027D000284B1B681344274A1360264B1B68642B45
:1027E00002DD244B64221A60224B1B6813F1640F34
:1027F00003DA204B6FF063021A600523FB737B68DA
:10280000002B02DD0323FB7304E07B68002B01DA5D
:102810000623FB73184B1B78FA7B9A4206D0FB7B8E
:102820001846FEF7CDFD144AFB7B13700E4ABB68B9
:1028300013600E4B1B78052B0DD00C4B1B78062B11
:1028400009D00D4B1B78052B05D00520FEF7B8FDF0
:10285000094B05221A70322004F0FAFA6BE700BF28
:102860004CE9002089163CA014000020090000203B
:102870000C0000207CE600201800002080B594B0F9
:1028800002AF03463A60FB710B46BB71FFF7EEFBEC
:102890000023BB6307F13C0300221A605A609A6070
:1028A0000023FB6007F1100300221A605A60FB79D5
:1028B00087F83830482387F83930312387F83A30A1
:1028C000562387F83B30762387F83C30FB790F3B63
:1028D000182B00F2A18001A252F823F0BF290008B2
:1028E000192A0008192A0008192A0008192A0008BC
:1028F000192A0008192A0008192A0008192A0008AC
:10290000192A0008192A0008192A0008192A00089B
:10291000192A0008192A0008192A0008192A00088B
:10292000192A0008192A000841290008192A000854
:10293000192A0008192A000889290008992900087D
:10294000BB79022B07D107F10C003B68344A0C21FC
:102950002CF01EF843E0BB79032B07D107F10C00E4
:102960003B68304A0C212CF013F838E0BB79042B7B
:1029700035D13B68632BA8BF632307F10C002A4ABB
:102980000C212CF005F82AE007F10C003B68274ADF
:102990000C212BF0FDFF23E03B68002B01DB202204
:1029A00000E02D223B68002BB8BF5B4207F10C0012
:1029B000009313461E4A0C212BF0EAFF10E0002280
:1029C00002212220FFF75AFF642205212620FFF76B
:1029D00055FF002206212720FFF750FF1DE000BF12
:1029E00007F10C0318462CF0CBF8024607F10C0156
:1029F00007F13803053318462BF0ECFD07F11802F8
:102A000007F1380311461846FFF713F807F11803CA
:102A1000184600F0BBFF00E000BF4837BD4680BD50
:102A2000C87C0308D87C0308E87C0308AC7C030856
:102A3000B87C030880B582B002AF2BF0FDF8FDF73B
:102A4000CDFE00F083F9FEF701FCFFF70FFBFEF768
:102A500087FBFFF791FAFEF7B7FD00F051F900F0A0
:102A6000A7FC002301930223009300234FF480620C
:102A70002F49304803F0EEFF002301930223009317
:102A800000234FF480622C492C4803F0E3FF00231D
:102A900001930223009300234FF4806228492948C0
:102AA00003F0D8FF002301930223009300234FF487
:102AB00080622549254803F0CDFF002301930123BF
:102AC000009300234FF480722149224803F0C2FF93
:102AD000002301930223009300234FF480621E49D8
:102AE0001E4803F0B7FF0023019301230093002346
:102AF0004FF480721A491B4803F0ACFF0023019386
:102B00000123009300234FF480721749174803F004
:102B1000A1FF002301930223009300234FF480625E
:102B20001349144803F096FF00BFBD4680BD00BFA7
:102B3000947C0308D5200008F87C0308D521000800
:102B4000047D0308552300080C7D03084526000872
:102B5000147D0308612600081C7D03088D260008EB
:102B6000247D0308ED260008287D0308312700088E
:102B7000307D0308F533000880B500AF03482AF024
:102B800028FE4FF47A7004F063F9F7E7347D030808
:102B9000B0B5ADF5047D02AF364B18684FF0FF338A
:102BA000009300230122072103F000FDC7F804026F
:102BB000D7F8043203F00103002B1FD02E4B1B6803
:102BC000002B18D12C4B01930223009300234FF4C8
:102BD00000722A492A4803F03DFFC7F80002D7F8DF
:102BE0000032012B03D127482AF0F3FD06E02648E6
:102BF0002AF0EFFD02E025482AF0EBFDD7F8043279
:102C000003F00203002B12D01B4B1B68002B0BD0D0
:102C1000194B1B68184604F087F8174B00221A60FE
:102C20001B482AF0D6FD02E01A482AF0D2FDD7F858
:102C3000043203F00403002BAED03B46164A1C4678
:102C400015460FCD0FC40FCD0FC42B6823603B4634
:102C500018462BF095FF02463B461344184605F0F4
:102C600070FF0E482AF0B5FD3B4618462AF0B1FD2C
:102C700092E700BF84E6002088E60020507D03082C
:102C8000792B0008587D0308747D0308987D03089C
:102C9000B47D0308C87D0308E07D0308047E0308B3
:102CA00080B582B000AF0346FB71FB79092B14D0CD
:102CB000092B19DC072B02D0082B07D014E00E4B90
:102CC0001B680121184603F09BFD11E00A4B1B68AD
:102CD0000221184603F094FD0AE0074B1B6804210B
:102CE000184603F08DFD03E004482AF072FD00BF92
:102CF00000BF0837BD4680BD84E600201C7E030867
:102D000080B582B002AF03F08BFB03460B4A136021
:102D10000A4B1B68002B03D109482AF05AFD0AE030
:102D2000002301930223009300234FF4806205499E
:102D3000054803F08FFE00BFBD4680BD84E600203D
:102D4000387E0308587E0308912B000880B483B0B6
:102D500000AF00237B60154B1B6B144A43F020032C
:102D60001363124B1B6B03F020037B607B68104BDB
:102D70001B680F4A23F07C5313600D4B1B680C4AF1
:102D800043F0A85313600A4B5B68094A23F4E043FD
:102D90005360074BDB68064A23F07C53D36000BFC7
:102DA0000C37BD465DF8047B704700BF0038024019
:102DB0000014024080B485B000AF03460A46FB71A0
:102DC0001346BB71FB791B021AB2BB791BB21343CA
:102DD0001BB27B810F23FB601BE07A89FB6842FA00
:102DE00003F303F00103002B04D0124B4FF4805285
:102DF0009A6103E00F4B4FF080529A610D4B4FF4F4
:102E000000529A610B4B4FF000529A61FB68013BF4
:102E1000FB60FB68002BE0DA064B4FF480429A61BE
:102E2000044B4FF080429A6100BF1437BD465DF8F5
:102E3000047B70470014024080B584B000AF0346A5
:102E40000A46FB711346BB71FB79092B02D8BB798B
:102E5000032B0BD9BB79012202FA03F3DBB2DB436C
:102E6000DBB21946FF20FFF7A5FF10E0FB790A4A05
:102E7000D35CDB43FB73BB79012202FA03F3BB7320
:102E8000BA7BFB7B11461846FFF794FF00BF00BFDB
:102E90001037BD4680BD00BF607E030880B586B098
:102EA00000AF78600023BB6000237B617B6842F247
:102EB0000F72934202DD42F20F737B607B6813F561
:102EC0007A7F01DC444B7B607B68002B04DA0123B2
:102ED0007B617B685B427B607A68404B83FB0213BB
:102EE0009910D317C91A0B469B000B445B00D11AEB
:102EF000CBB2FB727B68394A82FB03129210DB175C
:102F0000D21A364B83FB02139910D317C91A0B46FA
:102F10009B000B445B00D11ACBB2BB727B68304A7A
:102F200082FB03125211DB17D21A2C4B83FB0213C4
:102F30009910D317C91A0B469B000B445B00D11A9A
:102F4000CBB27B727B68274A82FB03129211DB179C
:102F5000D21A224B83FB02139910D317C91A0B46BE
:102F60009B000B445B00D11ACBB23B727B69002BF8
:102F700001D00A233B7200233B6124E007F10802E1
:102F80003B6913441B78092B0AD807F108023B69F7
:102F900013441B781A46144B9B5CDB43FB7301E024
:102FA000BF23FB7301223B6902FA03F3BB73BA7BB5
:102FB000FB7B11461846FFF7FDFE02201DF01EFDAB
:102FC0003B6901333B613B69032BD7DD00BF00BF89
:102FD0001837BD4680BD00BF19FCFFFF67666666F7
:102FE0001F85EB51D34D6210607E030880B586B01B
:102FF00000AF7860396007F110031A460121786844
:1030000000F014FE78617B69002B15D00023BB60B3
:103010000023FB603B691A4607F1080379691846EB
:103020002BF06EFE07F1080318462BF077FA0246E4
:103030003B681A60012300E0002318461837BD469C
:1030400080BD80B596B002AFF860B9607A6007F1D4
:103050004C0319467868FFF7C9FF0346002B41D09F
:10306000FB6C254A1360244B1968244B1B68244AC7
:10307000126807F14000019200930B46214A0C218F
:103080002BF086FC204A07F1300392E80300186019
:103090000433198007F1360300221A605A601A813E
:1030A00007F1400318462BF06BFD024607F1400183
:1030B00007F13003053318462BF08CFA07F11002A4
:1030C00007F1300311461846FEF7B3FC07F1100371
:1030D000184600F05BFC084B1B6819460B482AF0A9
:1030E00078FB04E00A4AB968F8682BF051FC002329
:1030F00018465037BD4680BDF8E60020FCE60020AB
:1031000000E700206C7E0308A47E03087C7E030891
:10311000907E030880B596B002AFF860B9607A601F
:1031200007F14C0319467868FFF760FF0346002B50
:1031300041D0FB6C254A1360254B1968234B1B6853
:10314000244A126807F14000019200930B46224A7C
:103150000C212BF01DFC214A07F1300392E80300FB
:1031600018600433198007F1360300221A605A6090
:103170001A8107F1400318462BF002FD024607F1C1
:10318000400107F13003053318462BF023FA07F10D
:10319000100207F1300311461846FEF74AFC07F10A
:1031A0001003184600F0F2FB084B1B6819460C4848
:1031B0002AF00FFB04E00B4AB968F8682BF0E8FB33
:1031C000002318465037BD4680BD00BFFCE60020F6
:1031D000F8E6002000E700206C7E0308A47E0308C8
:1031E000B47E0308C87E030880B596B002AFF860CD
:1031F000B9607A6007F14C0319467868FFF7F6FE6C
:103200000346002B44D0FB6C632BA8BF6323254AE5
:103210001360254B1968254B1B68224A126807F179
:103220004000019200930B46214A0C212BF0B0FB89
:10323000204A07F1300392E8030018600433198034
:1032400007F1360300221A605A601A8107F1400321
:1032500018462BF095FC024607F1400107F13003B8
:10326000053318462BF0B6F907F1100207F13003C9
:1032700011461846FEF7DDFB07F11003184600F073
:1032800085FB084B1B6819460B482AF0A2FA04E09C
:103290000A4AB968F8682BF07BFB002318465037C0
:1032A000BD4680BD00E70020F8E60020FCE60020D7
:1032B0006C7E0308A47E0308DC7E0308F07E03080E
:1032C00080B586B000AFF860B9607A6007F114038A
:1032D00019467868FFF78AFE0346002B0BD07B69FE
:1032E0001A4605212620FFF7C9FA7B6919460748C7
:1032F0002AF06FFA04E0064AB968F8682BF048FB38
:10330000002318461837BD4680BD00BF047F030860
:103310001C7F030880B586B000AFF860B9607A60A2
:1033200007F1140319467868FFF760FE0346002B87
:103330000BD07B691A4606212720FFF79FFA7B698D
:10334000194607482AF045FA04E0064AB968F868C1
:103350002BF01EFB002318461837BD4680BD00BF6A
:10336000347F03084C7F030880B584B000AFF86059
:10337000B9607A600A4B00221A600A4B00221A6078
:10338000094B00221A6009482AF023FA00220F2173
:103390000F20FFF773FA002318461037BD4680BD93
:1033A000F8E60020FCE6002000E70020687F030824
:1033B00080B500AF094800F065FB094800F062FBEA
:1033C000084800F05FFB084800F05CFB074800F08D
:1033D00059FB074800F056FB00BF80BD0080030882
:1033E000308003086080030898800308D4800308B5
:1033F0000081030880B582B000AF64220021374805
:103400002BF082F900F008FC0346354A13602AF0DD
:10341000ADF90346FB70FB78002B5BD0FB781846B8
:103420002AF090F9FB780D2B02D0FB780A2B33D1D0
:103430000A202AF087F92AF092F92A4B1B68274ABA
:103440000021D154264B1B6864221946234800F002
:103450005DFB7860224B1B681B78002B10D1224843
:103460002AF0B7F90FE01E4B1B6818462AF0B1F995
:103470001B4B1B6864221946002000F047FB786054
:103480007B68002BEFD16422002114482BF03CF91B
:10349000144B00221A601DE0FB78082B0ED1114B53
:1034A0001B68002B16DD0F4B1B68013B0D4A136098
:1034B0000C4B1B68094A0021D1540BE0094B1B68D7
:1034C000622B07DC074B1B685A1C06490A6003493C
:1034D000FA78CA54642003F0BBFC98E78CE600201D
:1034E000F0E60020F4E60020907F030880B58CB061
:1034F00000AF0023BB61714B1B6C704A43F48043E7
:1035000013646E4B1B6C03F48043BB61BB690023E7
:103510007B616A4B1B6B694A43F002031363674B81
:103520001B6B03F002037B617B6900233B61634BF0
:103530001B6B624A43F004031363604B1B6B03F085
:1035400004033B613B690023FB605C4B1B6B5B4AE4
:1035500043F004031363594B1B6B03F00403FB603C
:10356000FB680023BB60554B1B6B544A43F00203BE
:103570001363524B1B6B03F00203BB60BB68002359
:103580007B604E4B1B6B4D4A43F0080313634B4B60
:103590001B6B03F008037B607B684FF48063FB6167
:1035A00002233B620323BB6202237B620523FB628F
:1035B00007F11C03194642480FF0FEFC0423FB618F
:1035C00002233B620223BB6201237B620523FB6271
:1035D00007F11C0319463B480FF0EEFC0823FB6182
:1035E00002233B6202237B620523FB6207F11C037B
:1035F000194634480FF0E0FC334B344A1A60324B22
:103600001B681A68304B1B6822F040021A602E4B70
:103610004FF482725A602C4B2022DA612A4B00222E
:103620009A60294B00225A61274B00221A61264BCF
:1036300000229A62244B0022DA62234B0022DA60D5
:10364000214B00221A62204B4FF400729A611E4BEC
:1036500000225A621C4816F09DFD1B4B1B681A681D
:10366000194B1B6842F040021A604FF48053FB6113
:1036700001233B6201237B620223BB6207F11C032F
:1036800019460F480FF098FC4FF40043FB610123EB
:103690003B6201237B620223BB6207F11C031946D4
:1036A0000B480FF089FC01224FF4805104480FF0C1
:1036B00053FF00BF3037BD4680BD00BF0038024019
:1036C000000402400008024004E7002000380040E7
:1036D000000C024080B500AF2AF0C4F9FFF706FFE6
:1036E00000224FF4004113480FF036FF0522124923
:1036F000302000F099F805220F492A2000F094F8B4
:103700000021012000F036F80121022000F032F8FB
:103710002021112000F02EF83E21052000F02AF88B
:103720000621062000F026F80221002000F022F8F1
:1037300000BF80BD000C02401C00002080B586B098
:1037400002AF0346FB7107F10E02F91DC823009377
:103750000123074817F0D4F80346FB73FB7918469A
:1037600029F0F0FFBB7B18461037BD4680BD00BF77
:1037700004E7002080B582B000AF03460A46FB7123
:103780001346BB7100224FF4805110480FF0E4FE45
:1037900005202AF08DFCFB7943F02003DBB21846AC
:1037A000FFF7CCFF0A202AF083FCBB791846FFF70D
:1037B000C5FF05202AF07CFC01224FF4805103480C
:1037C0000FF0CAFE00BF0837BD4680BD00040240AE
:1037D00080B584B000AF0346FB7100224FF48051E6
:1037E00010480FF0B9FE05202AF062FCFB7918465C
:1037F000FFF7A4FF0346FB730A202AF059FCFF20C1
:10380000FFF79CFF0346BB7305202AF051FC012201
:103810004FF4805103480FF09FFEBB7B18461037D2
:10382000BD4680BD0004024080B586B000AF0346AF
:10383000B9607A60FB7300224FF4805119480FF091
:103840008BFE0A202AF034FCFB7B43F02003DBB222
:103850001846FFF773FF0A202AF02AFC00237B6139
:103860000CE07B69BA6813441B781846FFF766FFC3
:103870000A202AF01DFC7B6901337B617A697B6831
:103880009A42EEDB0A202AF013FC01224FF4805109
:1038900004480FF061FE0A202AF00AFC00BF183726
:1038A000BD4680BD0004024090B587B000AF03461E
:1038B000B9607A60FB7300224FF4805118480FF012
:1038C0004BFE0A202AF0F4FBFB7B1846FFF736FF7D
:1038D0000A202AF0EDFB00237B610DE07B69BA68CA
:1038E000D418FF20FFF72AFF034623700A202AF08E
:1038F000DFFB7B6901337B617A697B689A42EDDB90
:103900000A202AF0D5FB01224FF4805104480FF021
:1039100023FE0A202AF0CCFB00BF1C37BD4690BD19
:103920000004024080B584B000AF78600720FFF744
:103930004FFF0346FB73FB7B03F04003002B1DD0BE
:103940000A202AF0B5FB202279686120FFF7ACFF3E
:103950000A202AF0ADFB0021E220FFF70BFF0A202E
:103960002AF0A6FB00224FF4004107480FF0F4FDB7
:1039700070210720FFF7FEFE012300E00023184618
:103980001037BD4680BD00BF000C024080B582B03C
:1039900000AF786072210020FFF7ECFE20227968EA
:1039A000A020FFF741FF00224FF4004113480FF021
:1039B000D3FD14202AF07CFB01224FF400410F4874
:1039C0000FF0CAFD14202AF073FB00224FF40041CF
:1039D0000A480FF0C1FD41F294102AF069FB7321EF
:1039E0000020FFF7C7FE01224FF4004103480FF00B
:1039F000B3FD00BF0837BD4680BD00BF000C0240CC
:103A000080B500AF03210020FFF7B4FE01224FF480
:103A1000004102480FF0A0FD00BF80BD000C024035
:103A200080B500AF01224FF4004102480FF094FD31
:103A300000BF80BD000C024080B400AF01231846D7
:103A4000BD465DF8047B704780B582B000AF17209B
:103A5000FFF7BEFE0346FB71FB7903F01003184627
:103A60000837BD4680BD80B582B000AF1720FFF794
:103A7000AFFE0346FB71FB7903F0010318460837DC
:103A8000BD4680BD80B586B000AF786000237B6105
:103A90007B68002B0AD14FF0500383F31188BFF3EA
:103AA0006F8FBFF34F8FFB6000BFFEE70820FCF76E
:103AB00019FC38613B69002B0AD14FF0500383F3A6
:103AC0001188BFF36F8FBFF34F8FBB6000BFFEE75E
:103AD0003B69002B12D005F0AFFF3B697A681A6092
:103AE0003B6900225A60084B1B683A695A60064AD3
:103AF0003B69136005F0D0FF01237B617B691846A9
:103B00001837BD4680BD00BF2C00002080B588B0AE
:103B100000AFF860B9607A600123FB613A4B1B6823
:103B2000002B41D1384B394A1A6037E0364B1B68BD
:103B30001B681B68BB61B8692BF022F87861FA68D2
:103B40007B6913441B78202B05D0FA687B691344EA
:103B50001B78002B1DD17A69B969F8682BF07EF8C3
:103B60000346002B15D1284B1B681B6893F90C30BA
:103B7000002B18DBF86800F0DFF803461A46224BEA
:103B80001B681B6893F90C309A420CD00023FB6130
:103B900009E01D4B1B685B681B4A13601A4B1B68CE
:103BA000002BC3D100E000BF174B1B68002B0BD0CC
:103BB000FB69002B08D17A681549B8682BF0A0F88A
:103BC000114B00221A601AE00F4B1B68002B0FD01C
:103BD0000D4B1B681B689B68FA687968B868984742
:103BE000F861FB69002B0AD1074B00221A6006E03E
:103BF0007A680849B8682BF083F80023FB61FB69F9
:103C000018462037BD4680BDC0E7002024000020B4
:103C100058810308B081030880B400AF024B1846F6
:103C2000BD465DF8047B70475CE7002080B487B038
:103C300000AFF860B9607A6000237B6100233B61CC
:103C40007B6800221A603BE0FB680133FB60FB6885
:103C50001B78002B07D0FB681B78202BF4D102E0E7
:103C6000FB680133FB60FB681B78002B03D0FB680B
:103C70001B78202BF4D0FB681B78002B25D07B69A8
:103C800001337B617A69BB689A4219D1FB683B6159
:103C900007E07B681B685A1C7B681A60FB6801336D
:103CA000FB60FB681B78002B03D0FB681B78202B84
:103CB000EFD17B681B68002B09D100233B6106E034
:103CC0007A69BB689A42C2D302E000BF00E000BF3D
:103CD0003B6918461C37BD465DF8047B704780B5CC
:103CE00086B000AFF860B9607A60114B1B68002B9A
:103CF00002D10F4B0F4A1A600D4B1B681B685B68A3
:103D0000BA681946F8682AF0FBFF094B1B685B6824
:103D1000074A1360064B1B68002B02D100237B610E
:103D200001E001237B617B6918461837BD4680BDE1
:103D3000C4E700202400002080B485B000AF786084
:103D40000023FB730023BB6014E07B681B78202BEF
:103D50000BD1BB68012B0AD097F90F30DBB20133CE
:103D6000DBB2FB730123BB6001E00023BB607B6817
:103D700001337B607B681B78002BE6D1BB68012B8D
:103D800005D197F90F30DBB2013BDBB2FB7397F93A
:103D90000F3018461437BD465DF8047B704700BFEE
:103DA00080B586B000AF7860396001237B617B68A5
:103DB0003B613B69002B0AD14FF0500383F311881C
:103DC000BFF36F8FBFF34F8FFB6000BFFEE73B6910
:103DD000002B5DD03B69DB6B002B59D03B691A6C23
:103DE0003B69DB6B0021A3FB0223002B00D00121E8
:103DF0000B46002B4CD105F01FFE3B691A683B694E
:103E0000DB6B3969096C01FB03F31A443B699A6067
:103E10003B6900229A633B691A683B695A603B69B7
:103E20001A683B69DB6B013B3969096C01FB03F3E1
:103E30001A443B69DA603B69FF2283F844203B69FE
:103E4000FF2283F845203B68002B14D13B691B6996
:103E5000002B1AD03B691033184604F017F80346BC
:103E6000002B12D0154B4FF080521A60BFF34F8FCA
:103E7000BFF36F8F09E03B691033184601F08CFBEC
:103E80003B692433184601F087FB05F005FE01E08D
:103E900000237B617B69002B0AD14FF0500383F331
:103EA0001188BFF36F8FBFF34F8FBB6000BFFEE77A
:103EB0007B6918461837BD4680BD00BF04ED00E0A1
:103EC00080B58AB002AFF860B9601346FB71002379
:103ED000FB61FB68002B2ED00021BA68FB68A3FBB6
:103EE0000223002B00D001210B46002B23D1FB68BD
:103EF000BA6802FB03F313F1550F1CD8FB68BA68CC
:103F000002FB03F3BB61BB6954331846FCF7EAF9C3
:103F1000F861FB69002B1CD0FB697B617B69543322
:103F20007B61FA79FB69009313467A69B968F8688E
:103F300000F014F80DE0FB69002B0AD14FF050039C
:103F400083F31188BFF36F8FBFF34F8F3B6100BFC7
:103F5000FEE7FB6918462037BD4680BD80B584B0BA
:103F600000AFF860B9607A60FB70BB68002B03D1CA
:103F7000BB69BA691A6002E0BB697A681A60BB69FA
:103F8000FA68DA63BB69BA681A640121B869FFF795
:103F900007FFBB69FA7883F85020BB6900229A6456
:103FA00000BF1037BD4680BD80B582B000AF7860DD
:103FB0007B68002B0ED07B6800229A607B68002211
:103FC0001A607B680022DA600023002200217868F2
:103FD00000F0B4F800BF0837BD4680BD80B586B09C
:103FE00000AF0346FB7101237B6100233B61FB793A
:103FF0001A4639697869FFF763FFF860F868FFF7D8
:10400000D3FFFB6818461837BD4680BD90B587B012
:1040100000AF78607B683B613B69002B0AD14FF0B1
:10402000500383F31188BFF36F8FBFF34F8FFB6093
:1040300000BFFEE73B699C6804F036FB03469C42E8
:1040400011D13B69DB685A1E3B69DA603B69DB686A
:10405000002B05D1002300220021386900F06EF802
:1040600001237B6101E000237B617B6918461C37DB
:10407000BD4690BD90B587B000AF786039607B6871
:104080003B613B69002B0AD14FF0500383F3118849
:10409000BFF36F8FBFF34F8FFB6000BFFEE73B693D
:1040A0009C6804F001FB03469C4207D13B69DB6836
:1040B0005A1C3B69DA6001237B610CE0396838697E
:1040C00000F0B4FB78617B69002B04D03B69DB68AE
:1040D0005A1C3B69DA607B6918461C37BD4690BDA7
:1040E00080B584B000AF786039600023FB607B68E6
:1040F000002B10D03A687B689A420CD8022200212B
:104100007868FFF7DDFEF860FB68002B11D0FB68D4
:104110003A689A630DE0FB68002B0AD14FF0500318
:1041200083F31188BFF36F8FBFF34F8FBB6000BF66
:10413000FEE7FB6818461037BD4680BD80B58EB0DF
:1041400000AFF860B9607A603B6000237B63FB6876
:104150003B633B6B002B0AD14FF0500383F3118874
:10416000BFF36F8FBFF34F8F7B6200BFFEE7BB686B
:10417000002B03D13B6B1B6C002B01D1012300E012
:104180000023002B0AD14FF0500383F31188BFF3B3
:104190006F8FBFF34F8F3B6200BFFEE73B68022B80
:1041A00003D13B6BDB6B012B01D1012300E000232A
:1041B000002B0AD14FF0500383F31188BFF36F8FA8
:1041C000BFF34F8FFB6100BFFEE704F07DFA0346AB
:1041D000002B02D17B68002B01D1012300E00023DA
:1041E000002B0AD14FF0500383F31188BFF36F8F78
:1041F000BFF34F8FBB6100BFFEE705F01DFC3B6BBB
:104200009A6B3B6BDB6B9A4202D33B68022B45D126
:104210003B6B9B6BFB623A68B968386B00F0B0FE91
:10422000B8623B6B9B6C002B14D03B68022B02D115
:10423000FB6A002B2ED1386B01F03DF90346002BB1
:1042400028D04A4B4FF080521A60BFF34F8FBFF314
:104250006F8F1FE03B6B5B6A002B10D03B6B2433EE
:10426000184603F013FE0346002B13D03F4B4FF0CC
:1042700080521A60BFF34F8FBFF36F8F0AE0BB6AA3
:10428000002B07D0394B4FF080521A60BFF34F8F8D
:10429000BFF36F8F05F000FC012363E07B68002B08
:1042A00003D105F0F9FB00235CE07B6B002B06D10A
:1042B00007F11003184603F0A5FF01237B6305F007
:1042C000EBFB03F0E5F905F0B7FB3B6B93F84430EB
:1042D0005BB2B3F1FF3F03D13B6B002283F8442074
:1042E0003B6B93F845305BB2B3F1FF3F03D13B6BBF
:1042F000002283F8452005F0CFFB3A1D07F110039B
:104300001146184603F094FF0346002B24D1386B66
:1043100000F05FFF0346002B18D03B6B10337A6828
:104320001146184603F038FD386B00F0B9FE03F073
:10433000BDF90346002B7FF460AF0C4B4FF0805269
:104340001A60BFF34F8FBFF36F8F56E7386B00F0E3
:10435000A7FE03F0ABF950E7386B00F0A1FE03F0C5
:10436000A5F9002318463837BD4680BD04ED00E0AE
:1043700080B592B000AFF860B9607A603B60FB68CE
:104380003B643B6C002B0AD14FF0500383F3118840
:10439000BFF36F8FBFF34F8FFB6200BFFEE7BB68B9
:1043A000002B03D13B6C1B6C002B01D1012300E0DF
:1043B0000023002B0AD14FF0500383F31188BFF381
:1043C0006F8FBFF34F8FBB6200BFFEE73B68022BCE
:1043D00003D13B6CDB6B012B01D1012300E00023F7
:1043E000002B0AD14FF0500383F31188BFF36F8F76
:1043F000BFF34F8F7B6200BFFEE705F0FEFBEFF3DC
:1044000011824FF0500383F31188BFF36F8FBFF316
:104410004F8F3A62FB613B6AFB633B6C9A6B3B6C70
:10442000DB6B9A4202D33B68022B5DD13B6C93F865
:10443000453087F83B303B6C9B6B7B633A68B968CF
:10444000386C00F09DFD97F93B30B3F1FF3F29D167
:104450003B6C9B6C002B12D03B68022B02D17B6B18
:10446000002B3ED1386C01F026F80346002B38D0E3
:104470007B68002B35D07B6801221A6031E03B6CF1
:104480005B6A002B2DD03B6C2433184603F0FEFCF6
:104490000346002B25D07B68002B22D07B680122AD
:1044A0001A601EE003F020FA386397F93B303A6B4C
:1044B0009A4216D997F93B307F2B0AD14FF050031F
:1044C00083F31188BFF36F8FBFF34F8FBB6100BFC2
:1044D000FEE797F83B300133DBB25AB23B6C83F80E
:1044E000452001237B6401E000237B64FB6B7B613F
:1044F0007B6983F3118800BF7B6C18464837BD4643
:1045000080BD80B590B000AF786039607B68BB63D8
:10451000BB6B002B0AD14FF0500383F31188BFF31C
:104520006F8FBFF34F8F7B6200BFFEE7BB6B1B6CCF
:10453000002B0AD04FF0500383F31188BFF36F8F25
:10454000BFF34F8F3B6200BFFEE7BB6B1B68002BC6
:1045500003D1BB6B9B68002B01D1012300E000233A
:10456000002B0AD14FF0500383F31188BFF36F8FF4
:10457000BFF34F8FFB6100BFFEE705F03EFBEFF39B
:1045800011824FF0500383F31188BFF36F8FBFF395
:104590004F8FBA617B61BB697B63BB6B9B6B3B637A
:1045A000BB6BDB6B3A6B9A4253D2BB6B93F84530D3
:1045B00087F82F303B6B5A1CBB6B9A6397F92F30EF
:1045C000B3F1FF3F23D1BB6B9B6C002B0CD0B86BBE
:1045D00000F071FF0346002B38D03B68002B35D02C
:1045E0003B6801221A6031E0BB6B5B6A002B2DD067
:1045F000BB6B2433184603F049FC0346002B25D03F
:104600003B68002B22D03B6801221A601EE003F0B9
:104610006BF9B86297F92F30BA6A9A4216D997F9AE
:104620002F307F2B0AD14FF0500383F31188BFF353
:104630006F8FBFF34F8F3B6100BFFEE797F82F30BE
:104640000133DBB25AB2BB6B83F845200123FB6315
:1046500001E00023FB637B6BFB60FB6883F3118845
:1046600000BFFB6B18464037BD4680BD80B58CB09F
:1046700000AFF860B9607A600023FB62FB68BB6240
:10468000BB6A002B0AD14FF0500383F31188BFF3AC
:104690006F8FBFF34F8F3B6200BFFEE7BB68002BFD
:1046A00003D1BB6A1B6C002B01D1012300E0002366
:1046B000002B0AD14FF0500383F31188BFF36F8FA3
:1046C000BFF34F8FFB6100BFFEE703F0FDFF034622
:1046D000002B02D17B68002B01D1012300E00023D5
:1046E000002B0AD14FF0500383F31188BFF36F8F73
:1046F000BFF34F8FBB6100BFFEE705F09DF9BB6ABA
:104700009B6B7B627B6A002B1FD0B968B86A00F094
:10471000A1FC7B6A5A1EBB6A9A63BB6A1B69002BA9
:104720000FD0BB6A1033184603F0B0FB0346002BD2
:1047300007D03D4B4FF080521A60BFF34F8FBFF34D
:104740006F8F05F0A9F9012369E07B68002B03D185
:1047500005F0A2F9002362E0FB6A002B06D107F105
:104760001003184603F04EFD0123FB6205F094F997
:1047700002F08EFF05F060F9BB6A93F844305BB23B
:10478000B3F1FF3F03D1BB6A002283F84420BB6A28
:1047900093F845305BB2B3F1FF3F03D1BB6A00220F
:1047A00083F8452005F078F93A1D07F1100311460A
:1047B000184603F03DFD0346002B23D1B86A00F0F4
:1047C000CEFC0346002B17D0BB6A24337A6811460F
:1047D000184603F0E1FAB86A00F062FC02F066FFE6
:1047E0000346002B89D1104B4FF080521A60BFF363
:1047F0004F8FBFF36F8F80E7B86A00F051FC02F073
:1048000055FF7AE7B86A00F04BFC02F04FFFB86A38
:1048100000F0A5FC0346002B3FF46FAF00231846C1
:104820003037BD4680BD00BF04ED00E080B58EB0DE
:1048300000AF7860396000237B637B68FB620023F4
:104840003B63FB6A002B0AD14FF0500383F31188BE
:10485000BFF36F8FBFF34F8F3B6200BFFEE7FB6A72
:104860001B6C002B0AD04FF0500383F31188BFF369
:104870006F8FBFF34F8FFB6100BFFEE703F024FF94
:104880000346002B02D13B68002B01D1012300E03D
:104890000023002B0AD14FF0500383F31188BFF39C
:1048A0006F8FBFF34F8FBB6100BFFEE705F0C4F809
:1048B000FB6A9B6BBB62BB6A002B24D0BB6A5A1E8F
:1048C000FB6A9A63FB6A1B68002B04D104F0E8F9C9
:1048D0000246FB6A9A60FB6A1B69002B0FD0FB6AD9
:1048E0001033184603F0D2FA0346002B07D0544B7E
:1048F0004FF080521A60BFF34F8FBFF36F8F05F0F8
:10490000CBF8012397E03B68002B11D13B6B002BC8
:104910000AD04FF0500383F31188BFF36F8FBFF3BA
:104920004F8F7B6100BFFEE705F0B6F8002382E001
:104930007B6B002B06D107F10C03184603F062FCD9
:1049400001237B6305F0A8F802F0A2FE05F074F8DD
:10495000FB6A93F844305BB2B3F1FF3F03D1FB6ACB
:10496000002283F84420FB6A93F845305BB2B3F130
:10497000FF3F03D1FB6A002283F8452005F08CF845
:104980003A4607F10C031146184603F051FC034662
:10499000002B32D1F86A00F0E2FB0346002B26D050
:1049A000FB6A1B68002B09D105F046F8FB6A9B687F
:1049B000184603F0A7FE386305F06EF8FB6A24334F
:1049C0003A681146184603F0E7F9F86A00F068FB08
:1049D00002F06CFE0346002B7FF468AF184B4FF0DB
:1049E00080521A60BFF34F8FBFF36F8F5EE7F86A94
:1049F00000F056FB02F05AFE58E7F86A00F050FB50
:104A000002F054FEF86A00F0AAFB0346002B3FF4C4
:104A10004DAF3B6B002B0DD005F00EF8F86A00F09F
:104A200097FA7862FB6A9B68796A184603F0ACFFD4
:104A300005F032F8002318463837BD4680BD00BF68
:104A400004ED00E080B58EB000AFF860B9607A6028
:104A500000237B63FB683B633B6B002B0AD14FF069
:104A6000500383F31188BFF36F8FBFF34F8F7B62C7
:104A700000BFFEE7BB68002B03D13B6B1B6C002B18
:104A800001D1012300E00023002B0AD14FF0500395
:104A900083F31188BFF36F8FBFF34F8F3B6200BF6B
:104AA000FEE703F011FE0346002B02D17B68002BCA
:104AB00001D1012300E00023002B0AD14FF0500365
:104AC00083F31188BFF36F8FBFF34F8FFB6100BF7C
:104AD000FEE704F0B1FF3B6B9B6BFB62FB6A002BB4
:104AE00021D03B6BDB68BB62B968386B00F0B2FA6F
:104AF0003B6BBA6ADA603B6B5B6A002B0FD03B6B97
:104B00002433184603F0C2F90346002B07D03D4B6F
:104B10004FF080521A60BFF34F8FBFF36F8F04F0D6
:104B2000BBFF012369E07B68002B03D104F0B4FFD5
:104B3000002362E07B6B002B06D107F114031846BB
:104B400003F060FB01237B6304F0A6FF02F0A0FDED
:104B500004F072FF3B6B93F844305BB2B3F1FF3F5C
:104B600003D13B6B002283F844203B6B93F8453024
:104B70005BB2B3F1FF3F03D13B6B002283F84520CA
:104B800004F08AFF3A1D07F114031146184603F09A
:104B90004FFB0346002B23D1386B00F0E0FA0346AD
:104BA000002B17D03B6B24337A681146184603F06C
:104BB000F3F8386B00F074FA02F078FD0346002B2E
:104BC00087D1104B4FF080521A60BFF34F8FBFF365
:104BD0006F8F7EE7386B00F063FA02F067FD78E7CD
:104BE000386B00F05DFA02F061FD386B00F0B7FA47
:104BF0000346002B3FF46DAF002318463837BD46FF
:104C000080BD00BF04ED00E080B590B000AFF8605B
:104C1000B9607A60FB68BB63BB6B002B0AD14FF0B5
:104C2000500383F31188BFF36F8FBFF34F8F7B6205
:104C300000BFFEE7BB68002B03D1BB6B1B6C002BD6
:104C400001D1012300E00023002B0AD14FF05003D3
:104C500083F31188BFF36F8FBFF34F8F3B6200BFA9
:104C6000FEE704F0CAFFEFF311824FF0500383F325
:104C70001188BFF36F8FBFF34F8FFA61BB61FB6980
:104C80007B63BB6B9B6B3B633B6B002B46D0BB6B6F
:104C900093F8443087F82F30B968B86B00F0DAF930
:104CA0003B6B5A1EBB6B9A6397F92F30B3F1FF3FF2
:104CB00012D1BB6B1B69002B2DD0BB6B1033184678
:104CC00003F0E4F80346002B25D07B68002B22D0AC
:104CD0007B6801221A601EE002F006FEB86297F9B6
:104CE0002F30BA6A9A4216D997F92F307F2B0AD102
:104CF0004FF0500383F31188BFF36F8FBFF34F8FD3
:104D00007B6100BFFEE797F82F300133DBB25AB268
:104D1000BB6B83F844200123FB6301E00023FB63AA
:104D20007B6B3B613B6983F3118800BFFB6B1846CB
:104D30004037BD4680BD80B58CB000AF786039602B
:104D40007B68BB62BB6A002B0AD14FF0500383F330
:104D50001188BFF36F8FBFF34F8FFB6100BFFEE77A
:104D60003B68002B03D1BB6A1B6C002B01D10123D4
:104D700000E00023002B0AD14FF0500383F3118889
:104D8000BFF36F8FBFF34F8FBB6100BFFEE7BB6AFE
:104D90001B6C002B0AD14FF0500383F31188BFF333
:104DA0006F8FBFF34F8F7B6100BFFEE704F025FFDD
:104DB000EFF311824FF0500383F31188BFF36F8F2D
:104DC000BFF34F8F3A61FB603B697B62BB6A9B6BB1
:104DD000002B0CD0BB6ADB683B623968B86A00F014
:104DE00039F9BB6A3A6ADA600123FB6201E0002309
:104DF000FB627B6ABB60BB6883F3118800BFFB6A00
:104E000018463037BD4680BD80B584B000AF7860AD
:104E10007B68002B0AD14FF0500383F31188BFF356
:104E20006F8FBFF34F8FBB6000BFFEE704F004FE3F
:104E30007B689B6BFB6004F02FFEFB681846103705
:104E4000BD4680BD80B586B000AF78607B687B6171
:104E50007B69002B0AD14FF0500383F31188BFF315
:104E60006F8FBFF34F8FFB6000BFFEE704F0E4FDE0
:104E70007B69DA6B7B699B6BD31A3B6104F00CFE98
:104E80003B6918461837BD4680BD80B487B000AF77
:104E900078607B687B617B69002B0AD14FF05003FF
:104EA00083F31188BFF36F8FBFF34F8FFB6000BF99
:104EB000FEE77B699B6B3B613B6918461C37BD462F
:104EC0005DF8047B704780B584B000AF78607B6884
:104ED000FB60FB68002B0AD14FF0500383F311886D
:104EE000BFF36F8FBFF34F8FBB6000BFFEE7F86863
:104EF00000F030FAF868FBF7D5FA00BF1037BD466E
:104F000080BD80B483B000AF78607B68DB6C1846EE
:104F10000C37BD465DF8047B704780B483B000AFAA
:104F2000786039607B683A68DA6400BF0C37BD4648
:104F30005DF8047B704780B483B000AF78607B6815
:104F400093F8503018460C37BD465DF8047B704727
:104F500080B485B000AF78607B685B6A002B06D0B8
:104F60007B681B6B1B68C3F10703FB6001E0002338
:104F7000FB60FB6818461437BD465DF8047B70473C
:104F800080B586B000AFF860B9607A6000237B61BD
:104F9000FB689B6B3B61FB681B6C002B0DD1FB68B6
:104FA0001B68002B4DD1FB689B68184603F048FC3A
:104FB0007861FB6800229A6043E07B68002B19D17E
:104FC000FB685868FB681B6C1A46B96829F002FB3D
:104FD000FB685A68FB681B6C1A44FB685A60FB68E4
:104FE0005A68FB689B689A422BD3FB681A68FB6877
:104FF0005A6026E0FB68D868FB681B6C1A46B968E3
:1050000029F0E8FAFB68DA68FB681B6C5B421A441B
:10501000FB68DA60FB68DA68FB681B689A4207D2B3
:10502000FB689A68FB681B6C5B421A44FB68DA6099
:105030007B68022B05D13B69002B02D03B69013B09
:105040003B613B695A1CFB689A637B6918461837B9
:10505000BD4680BD80B582B000AF786039607B68A6
:105060001B6C002B18D07B68DA687B681B6C1A44B9
:105070007B68DA607B68DA687B689B689A4203D356
:105080007B681A687B68DA607B68D9687B681B6C10
:105090001A46386829F09EFA00BF0837BD4680BD21
:1050A00080B584B000AF786004F0C6FC7B6893F8EC
:1050B0004530FB731EE07B689B6C002B08D0786842
:1050C00000F0F9F90346002B10D003F017F90DE0BA
:1050D0007B685B6A002B12D07B682433184602F091
:1050E000D5FE0346002B01D003F008F9FB7B013B02
:1050F000DBB2FB7397F90F30002BDCDC00E000BF64
:105100007B68FF2283F8452004F0C6FC04F094FC81
:105110007B6893F84430BB7311E07B681B69002BFC
:1051200012D07B681033184602F0B0FE0346002B05
:1051300001D003F0E3F8BB7B013BDBB2BB7397F913
:105140000E30002BE9DC00E000BF7B68FF2283F813
:10515000442004F0A1FC00BF1037BD4680BD80B5DF
:1051600084B000AF786004F067FC7B689B6B002B19
:1051700002D10123FB6001E00023FB6004F08CFC02
:10518000FB6818461037BD4680BD80B487B000AFBD
:1051900078607B683B613B69002B0AD14FF050037C
:1051A00083F31188BFF36F8FBFF34F8FFB6000BF96
:1051B000FEE73B699B6B002B02D101237B6101E081
:1051C00000237B617B6918461C37BD465DF8047B74
:1051D000704780B584B000AF786004F02DFC7B6828
:1051E0009A6B7B68DB6B9A4202D10123FB6001E082
:1051F0000023FB6004F050FCFB6818461037BD46E6
:1052000080BD80B487B000AF78607B683B613B694C
:10521000002B0AD14FF0500383F31188BFF36F8F37
:10522000BFF34F8FFB6000BFFEE73B699A6B3B69A2
:10523000DB6B9A4202D101237B6101E000237B6199
:105240007B6918461C37BD465DF8047B704780B407
:1052500087B000AF7860396000233B617B68002B2A
:105260000AD14FF0500383F31188BFF36F8FBFF360
:105270004F8FFB6000BFFEE73B68002B24D000236C
:105280007B611EE0184A7B69DB0013445B687A6827
:105290009A4205D17B69DB00134A13443B6113E05A
:1052A0003B69002B0AD1104A7B6952F83330002B3E
:1052B00004D17B69DB000C4A13443B617B690133F9
:1052C0007B617B69072BDDD93B69002B05D03B69EE
:1052D0003A681A603B697A685A6000BF1C37BD465D
:1052E0005DF8047B704700BFACE9002080B487B054
:1052F00000AF786000233B617B68002B0AD14FF040
:10530000500383F31188BFF36F8FBFF34F8FFB60A0
:1053100000BFFEE700237B6110E00D4A7B69DB00E4
:1053200013445B687A689A4205D1094A7B6952F84E
:1053300033303B6105E07B6901337B617B69072B7F
:10534000EBD93B6918461C37BD465DF8047B7047B6
:10535000ACE9002080B485B000AF78607B68002B9A
:105360000AD14FF0500383F31188BFF36F8FBFF35F
:105370004F8FBB6000BFFEE70023FB6016E0104AC2
:10538000FB68DB0013445B687A689A420BD10C4AD5
:10539000FB68002142F83310094AFB68DB00134424
:1053A00000225A6006E0FB680133FB60FB68072BB4
:1053B000E5D900BF00BF1437BD465DF8047B7047D8
:1053C000ACE9002080B584B000AF786000220421F1
:1053D0007868FEF775FDF860FB6818461037BD4623
:1053E00080BD80B584B000AF7860396004F024FBE4
:1053F0007B689B6C002B02D00023FB600BE07B687A
:105400009B6B002B02D00023FB6004E07B683A68B2
:105410009A640123FB6004F03FFBFB6818461037D9
:10542000BD4680BD80B584B000AF786039607B68D0
:10543000BB60BB689B6C3A689A4202D00023FB6059
:105440000FE0BB689B6B002B02D00023FB6008E0E1
:1054500004F0F2FABB6800229A6404F01DFB0123F9
:10546000FB60FB6818461037BD4680BD80B584B030
:1054700000AF786039600023FB6007F10C033A68E5
:1054800019467868FFF7F2F8FB6818461037BD46F2
:1054900080BD80B584B000AF78600023FB6007F169
:1054A0000C03002219467868FFF7AEFBFB6818462C
:1054B0001037BD4680BD80B58AB000AF78607B688C
:1054C0009B6C3B6200237B623B6A002B0AD14FF04E
:1054D000500383F31188BFF36F8FBFF34F8F7B614E
:1054E00000BFFEE73B6A9A6B3B6ADB6B9A420AD3CA
:1054F0004FF0500383F31188BFF36F8FBFF34F8FCB
:105500003B6100BFFEE73B6A9A6B3B6ADB6B9A42EA
:105510003CD23B6A93F84530FB773B1D002219468D
:10552000386AFFF72DFD786297F91F30B3F1FF3F1E
:105530000ED13B6A5B6A002B28D03B6A24331846A5
:1055400002F0A4FC0346002B20D001237B621DE067
:1055500002F0CAF9B86197F91F30BA699A4215D9B1
:1055600097F91F307F2B0AD14FF0500383F3118836
:10557000BFF36F8FBFF34F8FFB6000BFFEE7FB7F72
:105580000133DBB25AB23B6A83F845207B6A184686
:105590002837BD4680BD00BF80B483B000AF7860BF
:1055A0007B6803F108027B685A607B684FF0FF322A
:1055B0009A607B6803F108027B68DA607B6803F11C
:1055C00008027B681A617B6800221A6000BF0C37F2
:1055D000BD465DF8047B704780B483B000AF78604F
:1055E0007B6800221A6100BF0C37BD465DF8047B62
:1055F000704780B485B000AF786039607B685B68C5
:10560000FB603B68FA685A60FB689A683B689A607E
:10561000FB689B683A685A60FB683A689A603B6826
:105620007A681A617B681B685A1C7B681A6000BF25
:105630001437BD465DF8047B704780B485B000AF79
:10564000786039603B681B68BB60BB68B3F1FF3FA3
:1056500003D17B681B69FB600CE07B680833FB604F
:1056600002E0FB685B68FB60FB685B681B68BA680C
:105670009A42F6D2FB685A683B685A603B685B689E
:105680003A689A603B68FA689A60FB683A685A60C0
:105690003B687A681A617B681B685A1C7B681A60D1
:1056A00000BF1437BD465DF8047B704780B485B0F9
:1056B00000AF78607B681B69FB607B685B687A6819
:1056C00092689A607B689B687A6852685A60FB6847
:1056D0005B687A689A4203D17B689A68FB685A6073
:1056E0007B6800221A61FB681B685A1EFB681A60FF
:1056F000FB681B6818461437BD465DF8047B70478D
:1057000080B58CB002AFF860B9607A607B68012B1D
:1057100010D1012387F82330FB68042B1BD84FF0EE
:10572000500383F31188BFF36F8FBFF34F8FFB617B
:1057300000BFFEE7002387F82330FB68002B0AD167
:105740004FF0500383F31188BFF36F8FBFF34F8F78
:10575000BB6100BFFEE7BA68FB689A420AD94FF006
:10576000500383F31188BFF36F8FBFF34F8F7B61BB
:1057700000BFFEE7BB68002B01D10123BB60FB68C3
:1057800013F1260F09D8FB680133FB60FB68243353
:105790001846FAF7A7FD786201E000237B627B6A76
:1057A000002B0AD07B6A03F1240197F82330009381
:1057B000BB68FA68786A00F0D7FD7B6A184628371C
:1057C000BD4680BD80B584B000AF78607B68FB606B
:1057D000FB68002B0AD14FF0500383F31188BFF30D
:1057E0006F8FBFF34F8FBB6000BFFEE7FB681B7F6F
:1057F00003F00203002B03D1F868FAF753FE04E02C
:1058000024220021F86828F07FFF00BF1037BD4632
:1058100080BD80B588B002AF78607B683B610023B3
:105820007B613B69002B0AD14FF0500383F3118851
:10583000BFF36F8FBFF34F8FBB6000BFFEE73B69C5
:105840001B6AFB6004F0F8F83B691B69002B15D15B
:105850003B695B69002B11D13B6999693B699A6887
:105860003B69D8683B691B7F00930346386900F0A9
:105870007BFD01237B613B69FA681A6204F00CF935
:105880007B6918461837BD4680BD80B487B000AF2D
:10589000786039607B683B613B69002B0AD14FF02F
:1058A000500383F31188BFF36F8FBFF34F8FFB60FB
:1058B00000BFFEE73B68002B01D101233B603B6941
:1058C0009B683A689A4205D23B693A68DA600123DC
:1058D0007B6101E000237B617B6918461C37BD4674
:1058E0005DF8047B704780B487B000AF78607B6858
:1058F0003B613B69002B0AD14FF0500383F31188C1
:10590000BFF36F8FBFF34F8FBB6000BFFEE73B69F4
:105910001B68FB603B699A683B691B6813447B61A9
:105920003B695B687A69D31A7B613B691B68FA68DB
:105930009A42ECD17B69013B7B613B699B687A6948
:105940009A4204D33B699B687A69D31A7B617B696D
:1059500018461C37BD465DF8047B704780B586B09D
:1059600000AF78607B687B617B69002B0AD14FF0C8
:10597000500383F31188BFF36F8FBFF34F8FFB602A
:1059800000BFFEE7786900F0CFFC38613B6918463C
:105990001837BD4680BD80B592B002AFF860B960DF
:1059A0007A603B60FB687B630023FB637B68BB63BF
:1059B00000233B63BB68002B0AD14FF0500383F3F5
:1059C0001188BFF36F8FBFF34F8FBB6200BFFEE73D
:1059D0007B6B002B0AD14FF0500383F31188BFF388
:1059E0006F8FBFF34F8F7B6200BFFEE77B6B9B68BF
:1059F000013B3B637B6B1B7F03F00103002B18D043
:105A0000BB6B0433BB63BA6B7B689A420AD84FF016
:105A1000500383F31188BFF36F8FBFF34F8F3B6247
:105A200000BFFEE7BA6B3B6B9A4208D900233B608C
:105A300005E0BA6B3B6B9A4201D93B6BBB633B6899
:105A4000002B41D007F11403184602F0B5FB03F018
:105A5000F3FF786BFFF747FFF863FA6BBB6B9A4273
:105A600018D20021002003F0B3FD7B6B5B69002B93
:105A70000AD04FF0500383F31188BFF36F8FBFF349
:105A80004F8FFB6100BFFEE702F00EFE02467B6B0C
:105A90005A6102E004F000F816E003F0FDFF3B68F5
:105AA0000093002300220021002003F079F97B6B92
:105AB00000225A613A4607F114031146184602F0D3
:105AC000B7FB0346002BC2D0FB6B002B03D1786BD6
:105AD000FFF709FFF863BB6B0093FB6B7A68B9684B
:105AE000786B00F098F8F862FB6A002B1BD0786B9B
:105AF00000F01AFC02467B6BDB689A4213D301F07C
:105B0000C7FD7B6B1B69002B0BD07B6B18690023D7
:105B1000009300230022002103F0C6F97B6B0022D2
:105B20001A6101F0C3FDFB6A18464037BD4680BDCF
:105B300080B590B002AFF860B9607A603B60FB68F6
:105B40003B637B687B63BB68002B0AD14FF050033B
:105B500083F31188BFF36F8FBFF34F8F3B6200BF9A
:105B6000FEE73B6B002B0AD14FF0500383F3118803
:105B7000BFF36F8FBFF34F8FFB6100BFFEE73B6B3F
:105B80001B7F03F00103002B02D07B6B04337B638C
:105B9000386BFFF7A8FEF8627B6B0093FB6A7A68AC
:105BA000B968386B00F037F8B862BB6A002B2DD0AB
:105BB000386B00F0B9FB02463B6BDB689A4225D399
:105BC000EFF311824FF0500383F31188BFF36F8F0F
:105BD000BFF34F8FBA617B61BB697B623B6B1B6913
:105BE000002B0DD03B6B18693B6801930023009399
:105BF00000230022002103F081FA3B6B00221A618E
:105C00007B6A3B613B6983F3118800BFBB6A18461E
:105C10003837BD4680BD80B588B000AFF860B96048
:105C20007A603B60FB685B68FB61FB681B7F03F08D
:105C30000103002B20D07B687B617B697A689A42E4
:105C40000AD04FF0500383F31188BFF36F8FBFF377
:105C50004F8FBB6100BFFEE73A68BB6A9A4208D328
:105C600007F11401FB690422F86800F086FAF86174
:105C700008E000237B6005E07A683B68934228BF18
:105C800013467B607B68002B08D0FB697A68B96893
:105C9000F86800F072FA0246FB685A607B681846A2
:105CA0002037BD4680BD80B58EB002AFF860B960C8
:105CB0007A603B60FB683B620023FB62BB68002BA1
:105CC0000AD14FF0500383F31188BFF36F8FBFF3F6
:105CD0004F8FFB6100BFFEE73B6A002B0AD14FF0FC
:105CE000500383F31188BFF36F8FBFF34F8FBB61F6
:105CF00000BFFEE73B6A1B7F03F00103002B02D0CD
:105D000004237B6201E000237B623B68002B37D0D9
:105D100003F092FE386A00F007FBB862BA6A7B6A49
:105D20009A4217D80021002003F052FC3B6A1B69FD
:105D3000002B0AD04FF0500383F31188BFF36F8F0D
:105D4000BFF34F8F7B6100BFFEE702F0ADFC024660
:105D50003B6A1A6103F0A0FEBA6A7B6A9A4213D8C2
:105D60003B680093002300220021002003F018F874
:105D70003B6A00221A61386A00F0D6FAB86203E082
:105D8000386A00F0D1FAB862BA6A7B6A9A421DD9C1
:105D9000BB6A7A68B968386A00F0D0F8F862FB6AC2
:105DA000002B13D001F074FC3B6A5B69002B0BD015
:105DB0003B6A58690023009300230022002103F06E
:105DC00073F83B6A00225A6101F070FCFB6A1846C6
:105DD0003037BD4680BD80B588B000AF78607B6845
:105DE000BB61BB69002B0AD14FF0500383F31188CC
:105DF000BFF36F8FBFF34F8F3B6100BFFEE7BB69FF
:105E00001B7F03F00103002B22D0B86900F08CFA4D
:105E100078617B69042B0AD9BB691B6807F108010B
:105E20000422B86900F016FABB68FB6112E07B69D6
:105E3000002B0AD04FF0500383F31188BFF36F8F0C
:105E4000BFF34F8FFB6000BFFEE70023FB6101E063
:105E50000023FB61FB6918462037BD4680BD80B535
:105E600090B002AFF860B9607A603B60FB68FB629B
:105E700000237B63BB68002B0AD14FF0500383F3F0
:105E80001188BFF36F8FBFF34F8F3B6200BFFEE7F8
:105E9000FB6A002B0AD14FF0500383F31188BFF344
:105EA0006F8FBFF34F8FFB6100BFFEE7FB6A1B7F65
:105EB00003F00103002B02D004233B6301E0002325
:105EC0003B63F86A00F030FAB862BA6A3B6B9A42F8
:105ED0002FD9BB6A7A68B968F86A00F02FF878633E
:105EE0007B6B002B25D0EFF311824FF0500383F32F
:105EF0001188BFF36F8FBFF34F8FBA617B61BB69AE
:105F00007B62FB6A5B69002B0DD0FB6A58693B68BA
:105F100001930023009300230022002103F0EEF8F8
:105F2000FB6A00225A617B6A3B613B6983F31188FB
:105F300000BF7B6B18463837BD4680BD80B588B042
:105F400000AFF860B9607A603B60FB681B68BB61BA
:105F5000FB681B7F03F00103002B13D007F1100136
:105F6000BB690422F86800F075F9B8613B69FB6110
:105F70003B68043B3B60FA697B689A4204D9002382
:105F8000FB6101E07B68FB613A68FB69934228BFD3
:105F900013467B617B69002B08D0BB697A69B968BD
:105FA000F86800F057F90246FB681A607B691846EA
:105FB0002037BD4680BD80B487B000AF78607B6875
:105FC0003B613B69002B0AD14FF0500383F31188EA
:105FD000BFF36F8FBFF34F8FBB6000BFFEE73B691E
:105FE0001B68FB603B695B68FA689A4202D1012337
:105FF0007B6101E000237B617B6918461C37BD464D
:106000005DF8047B704780B586B000AF78607B6830
:10601000FB60FB68002B0AD14FF0500383F311881B
:10602000BFF36F8FBFF34F8FBB6000BFFEE7FB680E
:106030001B7F03F00103002B02D004233B6101E02E
:1060400000233B617868FFF74EFC02463B699342B0
:1060500002D301237B6101E000237B617B69184649
:106060001837BD4680BD80B58CB002AF786039600E
:106070007B683B623B6A002B0AD14FF0500383F3ED
:106080001188BFF36F8FBFF34F8FBB6100BFFEE777
:10609000EFF311824FF0500383F31188BFF36F8F3A
:1060A000BFF34F8F7A613B617B69FB613B6A1B6980
:1060B000002B10D03B6A18693B68019300230093C2
:1060C00000230022002103F019F83B6A00221A6124
:1060D00001237B6201E000237B62FB69FB60FB68BC
:1060E00083F3118800BF7B6A18462837BD4680BD00
:1060F00080B58CB002AF786039607B683B623B6AE8
:10610000002B0AD14FF0500383F31188BFF36F8F38
:10611000BFF34F8FBB6100BFFEE7EFF311824FF07B
:10612000500383F31188BFF36F8FBFF34F8F7A61F2
:106130003B617B69FB613B6A5B69002B10D03B6A6A
:1061400058693B680193002300930023002200213B
:1061500002F0D4FF3B6A00225A6101237B6201E016
:1061600000237B62FB69FB60FB6883F3118800BF3F
:106170007B6A18462837BD4680BD80B588B000AF21
:10618000F860B9607A603B607B68002B0AD14FF001
:10619000500383F31188BFF36F8FBFF34F8FBB6141
:1061A00000BFFEE7FB689A683B68D31A7A6893429F
:1061B00028BF1346FB613A68FB691A44FB689B6879
:1061C0009A420AD94FF0500383F31188BFF36F8FBF
:1061D000BFF34F8F7B6100BFFEE7FB689A693B68A6
:1061E0001344FA69B968184628F0F4F97A68FB692B
:1061F0009A421CD97A68FB69D21AFB689B689A425A
:106200000AD94FF0500383F31188BFF36F8FBFF3A8
:106210004F8F3B6100BFFEE7FB689869BA68FB6976
:10622000D1187A68FB69D31A1A4628F0D3F93A686C
:106230007B6813443B60FB689B683A689A4204D3CE
:10624000FB689B683A68D31A3B603B681846203766
:10625000BD4680BD80B588B000AFF860B9607A6097
:106260003B607B68002B0AD14FF0500383F3118809
:10627000BFF36F8FBFF34F8FBB6100BFFEE7FB68BB
:106280009A683B68D31A7A68934228BF1346FB6129
:10629000FA697B689A420AD94FF0500383F3118858
:1062A000BFF36F8FBFF34F8F7B6100BFFEE73A688C
:1062B000FB691A44FB689B689A420AD94FF0500365
:1062C00083F31188BFF36F8FBFF34F8F3B6100BF24
:1062D000FEE7FB689A693B681344FA691946B86897
:1062E00028F078F97A68FB699A420AD9BA68FB699A
:1062F000D018FB6899697A68FB69D31A1A4628F0A6
:1063000069F93A687B6813443B60FB689B683A68AC
:106310009A4204D3FB689B683A68D31A3B603B6897
:1063200018462037BD4680BD80B485B000AF786088
:106330007B689A687B685B681344FB607B681B68BA
:10634000FA68D31AFB607B689B68FA689A4204D3A8
:106350007B689B68FA68D31AFB60FB6818461437A1
:10636000BD465DF8047B704780B586B000AFF8602D
:10637000B9607A603B6055237B617A687969B86857
:1063800028F0C2F90246BB6893420AD04FF050038E
:1063900083F31188BFF36F8FBFF34F8F3B6100BF53
:1063A000FEE724220021F86828F0AEF9FB68BA68FD
:1063B0009A61FB687A689A60FB683A68DA60FB6801
:1063C00097F820201A7700BF1837BD4680BD80B4EB
:1063D00083B000AF78607B681B6A18460C37BD46F7
:1063E0005DF8047B704780B483B000AF786039609B
:1063F0007B683A681A6200BF0C37BD465DF8047BC3
:10640000704780B483B000AF78607B681B7F03F077
:106410000103DBB218460C37BD465DF8047B7047BC
:1064200080B582B000AF1C20F9F75CFF78607B6814
:10643000002B07D07B6800221A607B680433184663
:10644000FFF7AAF87B6818460837BD4680BD80B5BF
:106450008CB000AFF860B9607A603B60FB68BB62EB
:1064600000237B627B6803F07F43002B0AD04FF050
:10647000500383F31188BFF36F8FBFF34F8FBB615E
:1064800000BFFEE77B68002B0AD14FF0500383F377
:106490001188BFF36F8FBFF34F8F7B6100BFFEE7A3
:1064A00002F012F90346002B02D13B68002B01D108
:1064B000012300E00023002B0AD14FF0500383F3A7
:1064C0001188BFF36F8FBFF34F8F3B6100BFFEE7B3
:1064D00001F0DEF8BB6A1B683B62B968F86800F03F
:1064E0008FF93A6ABB681A437B6813407A689A420C
:1064F0000DD13A6ABB681343FB62BB6A1A687B68BA
:10650000DB431A40BB6A1A6000233B6013E03B6820
:10651000002B0BD0BB6A181D7B6843F0A0633A6860
:10652000194601F05DFC0023FB6204E0BB6A1B68B6
:10653000FB6201237B6201F0B9F8F8613B68002B34
:106540002CD0FB69002B07D1174B4FF080521A60FB
:10655000BFF34F8FBFF36F8F02F08AFBF862FB6AC5
:1065600003F00073002B15D103F066FABB6A1B68B9
:10657000FB62FA6A7B6813407A689A4206D1BB6A6A
:106580001A687B68DB431A40BB6A1A6003F084FA1E
:1065900001237B62FB6A23F07F43FB62FB6A1846A0
:1065A0003037BD4680BD00BF04ED00E080B590B03F
:1065B00000AFF860B9607A603B60FB687B630023E2
:1065C000BB6300233B63FB68002B0AD14FF05003F1
:1065D00083F31188BFF36F8FBFF34F8F3B6200BF10
:1065E000FEE7BB6803F07F43002B0AD04FF0500357
:1065F00083F31188BFF36F8FBFF34F8FFB6100BF31
:10660000FEE7BB68002B0AD14FF0500383F31188DB
:10661000BFF36F8FBFF34F8FBB6100BFFEE702F088
:1066200053F80346002B02D1BB6C002B01D1012390
:1066300000E00023002B0AD14FF0500383F31188B0
:10664000BFF36F8FBFF34F8F7B6100BFFEE701F099
:106650001FF87B6B1B68FB623A68B968F86A00F048
:10666000B3F9B862BB6A002B0ED0FB6AFB63002350
:10667000BB647B68002B28D07B6B1A68BB68DB434C
:106680001A407B6B1A6020E0BB6C002B04D1FB6AC4
:10669000FB6301233B6318E07B68002B03D0BB6BDB
:1066A00043F08073BB633B68002B03D0BB6B43F0AC
:1066B0008063BB637B6B181DBA68BB6B1343BA6CFA
:1066C000194601F08DFB0023FB6300F0EFFF7862B9
:1066D000BB6C002B31D07B6A002B07D1194B4FF0DC
:1066E00080521A60BFF34F8FBFF36F8F02F0C0FA72
:1066F000F863FB6B03F00073002B1AD103F09CF9D5
:106700007B6B1B68FB633A68B968F86B00F05CF957
:106710000346002B09D07B68002B06D07B6B1A68E0
:10672000BB68DB431A407B6B1A6001233B6303F0B9
:10673000B3F9FB6B23F07F43FB63FB6B18464037D9
:10674000BD4680BD04ED00E080B586B000AF786046
:1067500039607B687B617B68002B0AD14FF0500366
:1067600083F31188BFF36F8FBFF34F8FFB6000BFC0
:10677000FEE73B6803F07F43002B0AD04FF0500345
:1067800083F31188BFF36F8FBFF34F8FBB6000BFE0
:10679000FEE703F051F97B691B683B617B691A686E
:1067A0003B68DB431A407B691A6003F075F93B696B
:1067B00018461837BD4680BD80B489B000AF7860F8
:1067C0007B68FB61EFF311824FF0500383F3118874
:1067D000BFF36F8FBFF34F8FFA60BB60FB68BB6185
:1067E000FB691B687B61BB693B613B6983F3118873
:1067F00000BF7B6918462437BD465DF8047B7047AF
:1068000080B58EB000AF7860396000233B637B6851
:10681000BB620023FB627B68002B0AD14FF0500360
:1068200083F31188BFF36F8FBFF34F8F3B6100BFBE
:10683000FEE73B6803F07F43002B0AD04FF0500384
:1068400083F31188BFF36F8FBFF34F8FFB6000BFDF
:10685000FEE7BB6A04337B627B6A08333B6200F06D
:1068600017FF7B6ADB687B63BB6A1A683B681A4365
:10687000BB6A1A603CE07B6B5B68FB617B6B1B68EF
:10688000BB610023FB62BB6903F07F437B61BB6993
:1068900023F07F43BB617B6903F08063002B08D149
:1068A000BB6A1A68BB691340002B0BD00123FB6243
:1068B00008E0BB6A1A68BB691340BA699A4201D101
:1068C0000123FB62FB6A002B10D07B6903F080730D
:1068D000002B03D03A6BBB6913433B63BB6A1B6855
:1068E00043F000731946786B01F0A6FBFB697B63EC
:1068F0007A6B3B6A9A42BED1BB6A1A683B6BDB4338
:106900001A40BB6A1A6000F0D1FEBB6A1B681846C9
:106910003837BD4680BD80B586B000AF78607B68F3
:106920007B617B69002B0AD14FF0500383F3118800
:10693000BFF36F8FBFF34F8FFB6000BFFEE77B6934
:1069400004333B6100F0A4FE17E03B69DA683B6961
:1069500008339A420AD14FF0500383F31188BFF3F2
:106960006F8FBFF34F8FBB6000BFFEE73B69DB68F3
:106970004FF00071184601F05FFB3B691B68002B6C
:10698000E3D100F093FE7869F9F78CFD00BF18376A
:10699000BD4680BD80B582B000AF7860396039688F
:1069A0007868FFF72DFF00BF0837BD4680BD80B572
:1069B00082B000AF7860396039687868FFF7C4FE4C
:1069C00000BF0837BD4680BD80B487B000AFF86017
:1069D000B9607A6000237B617B68002B07D1FA687D
:1069E000BB681340002B0AD001237B6107E0FA68E3
:1069F000BB681340BA689A4201D101237B617B696D
:106A000018461C37BD465DF8047B704780B485B0DE
:106A100000AF78607B68BB607B68002B02D10023ED
:106A2000FB6002E0BB689B69FB60FB68184614379B
:106A3000BD465DF8047B704780B483B000AF7860DA
:106A400039607B683A689A6100BF0C37BD465DF8D3
:106A5000047B704780B58CB004AFF860B9603B60D0
:106A60001346FB80FB889B001846F9F73BFC7861D6
:106A70007B69002B13D05C20F9F734FCF861FB69CB
:106A8000002B08D05C220021F86927F03DFEFB694D
:106A90007A691A6305E07869F9F704FD01E00023DB
:106AA000FB61FB69002B13D0FA8800230393FB6979
:106AB0000293FB6A0193BB6A00933B68B968F8686C
:106AC00000F00EF8F86900F099F80123BB6102E0CC
:106AD0004FF0FF33BB61BB6918462037BD4680BD10
:106AE00080B588B000AFF860B9607A603B603B6BFE
:106AF000186B7B689B001A46A52127F005FE3B6BAF
:106B00001A6B7B6803F18043013B9B001344BB611C
:106B1000BB6923F00703BB61BB6903F00703002BCC
:106B20000AD04FF0500383F31188BFF36F8FBFF388
:106B30004F8F7B6100BFFEE7BB68002B1ED0002398
:106B4000FB6112E0BA68FB69134419783A6BFB6980
:106B5000134434330A461A70BA68FB6913441B782D
:106B6000002B06D0FB690133FB61FB690F2BE9D9D0
:106B700000E000BF3B6B002283F84320BB6A062B7A
:106B80000AD94FF0500383F31188BFF36F8FBFF31F
:106B90004F8F3B6100BFFEE7BB6A062B01D906237E
:106BA000BB623B6BBA6ADA623B6BBA6ADA643B6B14
:106BB00004331846FEF710FD3B6B18331846FEF7FA
:106BC0000BFD3B6B3A6B1A61BB6AC3F107023B6B6F
:106BD0009A613B6B3A6B5A623A68F968B86902F09D
:106BE000E7FD02463B6B1A60FB6A002B02D0FB6A92
:106BF0003A6B1A6000BF2037BD4680BD80B584B0B7
:106C000000AF786002F018FF404B1B6801333F4A29
:106C100013603F4B1B68002B09D13D4A7B68136012
:106C20003A4B1B68012B10D101F0B4FB0DE0394B3E
:106C30001B68002B09D1364B1B68DA6A7B68DB6A5C
:106C40009A4202D8324A7B681360334B1B68013387
:106C5000314A1360304B1A687B685A647B68DB6A80
:106C600001229A402D4B1B6813432C4A13607B680A
:106C7000DA6A2B4913469B0013449B000B440433F0
:106C80001B68FB607B68FA689A60FB689A687B689F
:106C9000DA60FB689B687A6804325A607B681A1D68
:106CA000FB689A607B68DA6A13469B0013449B007A
:106CB0001B4A1A447B685A617B68DA6A1849134692
:106CC0009B0013449B000B441B68591C144813463B
:106CD0009B0013449B000344196002F0DDFE0D4B42
:106CE0001B68002B0ED00A4B1B68DA6A7B68DB6AD4
:106CF0009A4207D20B4B4FF080521A60BFF34F8F6E
:106D0000BFF36F8F00BF1037BD4680BDC8E80020BD
:106D1000C8E70020D4E80020E4E80020D0E8002004
:106D2000CCE7002004ED00E080B584B000AF7860CF
:106D300002F082FE7B68002B02D13B4B1B6800E017
:106D40007B68FB60FB6804331846FEF7AFFC034624
:106D5000002B15D1FB68DA6A344913469B001344B3
:106D60009B000B441B68002B0AD1FB68DB6A0122E5
:106D700002FA03F3DA432E4B1B6813402C4A1360CC
:106D8000FB689B6A002B04D0FB6818331846FEF79B
:106D90008DFC284B1B680133264A1360224B1B686D
:106DA000FA689A420BD1FB68043319462248FEF771
:106DB00020FC224B1B680133204A136006E0204B65
:106DC0001B68013B1E4A136001F052FC02F064FE96
:106DD000154B1B68FA689A4202D0F86801F038FC3B
:106DE000184B1B68002B1BD00F4B1B68FA689A428C
:106DF00016D1154B1B68002B0AD04FF0500383F3BC
:106E00001188BFF36F8FBFF34F8FBB6000BFFEE7EA
:106E10000E4B4FF080521A60BFF34F8FBFF36F8F4E
:106E200000BF1037BD4680BDC8E70020CCE700207A
:106E3000D0E80020E4E800209CE80020B0E8002032
:106E4000C8E80020D4E80020F0E8002004ED00E0CD
:106E500080B584B000AF78600023FB607B68002BB6
:106E600017D0134B1B68002B0AD04FF0500383F34D
:106E70001188BFF36F8FBFF34F8FBB6000BFFEE77A
:106E800000F006FC0021786802F00CFC00F00EFC1B
:106E9000F860FB68002B07D1064B4FF080521A6058
:106EA000BFF34F8FBFF36F8F00BF1037BD4680BD5C
:106EB000F0E8002004ED00E080B58AB000AF786013
:106EC0007B68FB61FB69002B0AD14FF0500383F311
:106ED0001188BFF36F8FBFF34F8FFB6000BFFEE7DA
:106EE0002D4B1B68FA699A4203D1002387F827309B
:106EF0004BE002F0A1FDFB695B69BB61274B1B689E
:106F00007B61274B1B683B6102F0C6FDBA697B6958
:106F10009A4203D0BA693B699A4203D1022387F8A7
:106F2000273032E0BB691F4A934220D1FB699B6A3C
:106F3000002B18D1032387F8273000233B620EE093
:106F4000FA693B6A134458331B78DBB2012B03D137
:106F5000022387F8273018E03B6A01333B623B6A23
:106F6000002BEDDD11E0022387F827300DE0BB692F
:106F70000D4A934202D0BB69002B03D1042387F84A
:106F8000273002E0012387F8273097F8273018468A
:106F90002837BD4680BD00BFC8E7002080E800203C
:106FA00084E80020B4E800209CE8002080B584B08C
:106FB00000AF786002F040FD7B68002B02D1074BE8
:106FC0001B6800E07B68FB60FB68DB6ABB6002F06B
:106FD00063FDBB6818461037BD4680BDC8E700207A
:106FE00080B588B000AF786002F007FEEFF3118241
:106FF0004FF0500383F31188BFF36F8FBFF34F8FB0
:107000003A61FB603B69FB617B68002B02D1094B55
:107010001B6800E07B68BB61BB69DB6A7B61FB6965
:10702000BB60BB6883F3118800BF7B6918462037BB
:10703000BD4680BDC8E7002080B588B000AF78604D
:1070400039600023FB613B68062B0AD94FF05003DF
:1070500083F31188BFF36F8FBFF34F8FBB6000BF07
:10706000FEE73B68062B01D906233B6002F0E4FCF7
:107070007B68002B02D1554B1B6800E07B68BB612D
:10708000BB69DB6C7B617A693B689A4200F098804F
:107090003A687B699A420DD94C4B1B68BA699A428F
:1070A0000FD04A4B1B68DB6A3A689A4209D3012326
:1070B000FB6106E0454B1B68BA699A4201D1012386
:1070C000FB61BB69DB6A3B61BB69DA6CBB69DB6A8C
:1070D0009A4202D1BB693A68DA62BB693A68DA64FB
:1070E000BB699B69002B04DB3B68C3F10702BB69EA
:1070F0009A61BB6959693A6913469B0013449B0026
:10710000334A1344994250D1BB6904331846FEF701
:10711000CDFA0346002B09D101223B6902FA03F3A1
:10712000DA432C4B1B6813402A4A1360BB69DB6AA5
:1071300001229A40274B1B681343264A1360BB6900
:10714000DA6A234913469B0013449B000B44043323
:107150001B68FB60BB69FA689A60FB689A68BB6948
:10716000DA60FB689B68BA6904325A60BB691A1D11
:10717000FB689A60BB69DA6A13469B0013449B0064
:10718000134A1A44BB695A61BB69DA6A104913464B
:107190009B0013449B000B441B68591C0C4813466E
:1071A0009B0013449B0003441960FB69002B07D02C
:1071B000094B4FF080521A60BFF34F8FBFF36F8FB0
:1071C00002F06AFC00BF2037BD4680BDC8E7002042
:1071D000CCE70020D0E8002004ED00E080B586B0C8
:1071E00000AF786002F028FC7B68002B02D1434B93
:1071F0001B6800E07B683B613B6904331846FEF77F
:1072000055FA0346002B15D13B69DA6A3C4913460F
:107210009B0013449B000B441B68002B0AD13B6965
:10722000DB6A012202FA03F3DA43364B1B68134090
:10723000344A13603B699B6A002B04D03B691833C6
:107240001846FEF733FA3B69043319462E48FEF719
:10725000D0F900237B6110E03A697B69134458330D
:107260001B78DBB2012B05D13A697B691344583393
:1072700000221A707B6901337B617B69002BEBDD97
:1072800002F00AFC214B1B68002B05D002F0D4FB56
:1072900001F0EEF902F000FC184B1B683A699A42C3
:1072A00027D11A4B1B68002B17D0194B1B68002BDA
:1072B0000AD04FF0500383F31188BFF36F8FBFF3F1
:1072C0004F8FFB6000BFFEE7124B4FF080521A60F9
:1072D000BFF34F8FBFF36F8F0BE00B4B1A680E4B52
:1072E0001B689A4203D1054B00221A6001E000F0AE
:1072F000F7FC00BF1837BD4680BD00BFC8E70020BF
:10730000CCE70020D0E80020B4E80020D4E800203A
:10731000F0E8002004ED00E0C8E8002080B487B069
:1073200000AF786000237B617B683B617B68002B4A
:107330000AD14FF0500383F31188BFF36F8FBFF36F
:107340004F8FFB6000BFFEE73B695B690A4A9342CF
:107350000AD13B699B6A094A934205D03B699B6A03
:10736000002B01D101237B617B6918461C37BD4688
:107370005DF8047B704700BFB4E8002088E8002077
:1073800080B586B000AF78607B687B617B68002B3E
:107390000AD14FF0500383F31188BFF36F8FBFF30F
:1073A0004F8FFB6000BFFEE7344B1B687A699A423F
:1073B0005FD07B69002B5CD002F03EFB7869FFF761
:1073C000ADFF0346002B52D07B6904331846FEF70D
:1073D0006DF97B69DB6A01229A40294B1B681343D4
:1073E000274A13607B69DA6A264913469B001344D7
:1073F0009B000B4404331B683B617B693A699A60CC
:107400003B699A687B69DA603B699B687A690432F8
:107410005A607B691A1D3B699A607B69DA6A134678
:107420009B0013449B00174A1A447B695A617B698D
:10743000DA6A144913469B0013449B000B441B68F3
:10744000591C104813469B0013449B0003441960C9
:107450007B69DA6A094B1B68DB6A9A4207D30A4BDD
:107460004FF080521A60BFF34F8FBFF36F8F02F05F
:1074700013FB00BF1837BD4680BD00BFC8E7002022
:10748000D0E80020CCE7002004ED00E080B58AB011
:1074900000AF786000237B627B683B627B68002BD7
:1074A0000AD14FF0500383F31188BFF36F8FBFF3FE
:1074B0004F8F7B6100BFFEE702F09FFBEFF311826D
:1074C0004FF0500383F31188BFF36F8FBFF34F8FDB
:1074D0003A61FB603B69FB61386AFFF71FFF0346B7
:1074E000002B5AD0324B1B68002B50D13B6ADA6A12
:1074F000304B1B68DB6A9A4204D301237B622E4B1C
:1075000001221A603B6A04331846FEF7CFF83B6A43
:10751000DB6A01229A40294B1B681343274A1360F8
:107520003B6ADA6A264913469B0013449B000B44CE
:1075300004331B68BB613B6ABA699A60BB699A688D
:107540003B6ADA60BB699B683A6A04325A603B6AFC
:107550001A1DBB699A603B6ADA6A13469B001344A2
:107560009B00174A1A443B6A5A613B6ADA6A14491B
:1075700013469B0013449B000B441B68591C104886
:1075800013469B0013449B000344196005E03B6ACB
:10759000183319460B48FEF72CF8FB69BB60BB6833
:1075A00083F3118800BF7B6A18462837BD4680BD2B
:1075B000F0E80020C8E70020DCE80020D0E8002048
:1075C000CCE7002088E8002080B586B002AF1D4BD4
:1075D000019300230093002380221B491B48FFF7DF
:1075E00039FAF860FB68012B16D14FF0500383F392
:1075F0001188BFF36F8FBFF34F8FBB6000BF144B79
:107600004FF0FF321A60134B01221A60124B002216
:107610001A6002F054F90EE0FB68B3F1FF3F0AD1A3
:107620004FF0500383F31188BFF36F8FBFF34F8F79
:107630007B6000BFFEE7094B1B6800BF1037BD46EB
:1076400080BD00BFECE800200082030867830008CB
:10765000E8E80020D4E80020CCE80020300000203A
:1076600080B582B000AF4FF0500383F31188BFF3B1
:107670006F8FBFF34F8F7B6000BF044B00221A60F7
:1076800002F0BEF900BF0837BD4680BDD4E8002037
:1076900080B400AF044B1B680133034A136000BF82
:1076A000BD465DF8047B7047F0E8002080B588B0E7
:1076B00000AF0023FB610023BB61714B1B68002BF3
:1076C0000AD14FF0500383F31188BFF36F8FBFF3DC
:1076D0004F8F7B6000BFFEE702F0AEF9684B1B687E
:1076E000013B674A1360664B1B68002B40F0C0806B
:1076F000644B1B68002B00F0BB808AE0624BDB68A8
:10770000DB68FB61FB699B6A3B61FB69DB69FA69CA
:10771000126A9A60FB691B6AFA69D2695A603B690E
:107720005A68FB6918339A4203D1FB691A6A3B69AC
:107730005A60FB6900229A623B691B685A1E3B69CA
:107740001A60FB695B69FB60FB699B68FA69D26838
:107750009A60FB69DB68FA6992685A60FB685A684C
:10776000FB6904339A4203D1FB69DA68FB685A600B
:10777000FB6900225A61FB681B685A1EFB681A608D
:10778000FB69DB6A01229A40404B1B6813433F4A66
:107790001360FB69DA6A3E4913469B0013449B0061
:1077A0000B4404331B68BB60FB69BA689A60BB6812
:1077B0009A68FB69DA60BB689B68FA6904325A60B0
:1077C000FB691A1DBB689A60FB69DA6A13469B0065
:1077D00013449B002E4A1A44FB695A61FB69DA6A1A
:1077E0002B4913469B0013449B000B441B68591CF8
:1077F000274813469B0013449B0003441960FB6910
:10780000DA6A244B1B68DB6A9A4202D3224B0122BC
:107810001A601D4B1B68002B7FF470AFFB69002BB7
:1078200001D000F025FF1D4B1B687B617B69002B9D
:1078300010D000F03FF90346002B02D0164B012276
:107840001A607B69013B7B617B69002BF1D1134B93
:1078500000221A60104B1B68002B09D00123BB616A
:107860000F4B4FF080521A60BFF34F8FBFF36F8FF3
:1078700002F012F9BB6918462037BD4680BD00BF33
:10788000F0E80020C8E8002088E80020D0E80020C8
:10789000CCE70020C8E70020DCE80020D8E8002082
:1078A00004ED00E080B483B000AF054B1B687B6043
:1078B0007B6818460C37BD465DF8047B704700BFF7
:1078C000CCE8002080B582B000AF02F096F900232A
:1078D0007B60044B1B683B603B6818460837BD461D
:1078E00080BD00BFCCE8002080B400AF034B1B6814
:1078F0001846BD465DF8047B704700BFC8E800200D
:1079000080B485B000AF78607B68002B02D10D4B4E
:107910001B6800E07B68FB60FB68002B0AD14FF01E
:10792000500383F31188BFF36F8FBFF34F8FBB609A
:1079300000BFFEE7FB68343318461437BD465DF8D8
:10794000047B7047C8E7002080B586B000AFF860C0
:10795000B9607A6000237B6107233B61FFF798FEE3
:107960003A4B1B68BA689A4268D33B69013B3B615A
:107970007A691346DB0013449B001A46FB6898188B
:107980003A6913469B0013449B00314A1344012279
:10799000194600F0D3FD02467B6913447B613B69C5
:1079A000002BE2D17A691346DB0013449B001A4690
:1079B000FB681344274A11680222184600F0BEFDF6
:1079C00002467B6913447B617A691346DB001344EA
:1079D0009B001A46FB6813441F4A1168022218468E
:1079E00000F0ACFD02467B6913447B617A69134663
:1079F000DB0013449B001A46FB681344042217491A
:107A0000184600F09BFD02467B6913447B617A694E
:107A10001346DB0013449B001A46FB681344032201
:107A20000F49184600F08AFD02467B6913447B61CA
:107A30007B68002B02D07B6800221A60FFF736FEBD
:107A40007B6918461837BD4680BD00BFC8E80020D6
:107A5000CCE7002080E8002084E800209CE800209B
:107A6000B4E8002080B584B000AF78600F4B1B688D
:107A7000002B0AD04FF0500383F31188BFF36F8FB0
:107A8000BFF34F8FBB6000BFFEE7FFF701FE084B5F
:107A90001A687B681344064A1360FFF707FEF86014
:107AA000FB6818461037BD4680BD00BFF0E80020D7
:107AB000D8E8002080B58AB000AF00237B627D4B00
:107AC0001B68002B40F0EC807B4B1B6801333B6252
:107AD000794A3B6A13603B6A002B20D1774B1B68C5
:107AE0001B68002B0AD04FF0500383F31188BFF3BB
:107AF0006F8FBFF34F8F7B6000BFFEE76F4B1B683C
:107B0000FB616F4B1B686D4A13606D4AFB69136024
:107B10006C4B1B6801336B4A136000F0A9FD6A4B84
:107B20001B683A6A9A42C0F0A680644B1B681B68C7
:107B3000002B04D1644B4FF0FF321A609BE05F4B87
:107B40001B68DB68DB68BB61BB695B687B613A6AA9
:107B50007B699A4203D25C4A7B6913608BE0BB6904
:107B60005B693B61BB699B68BA69D2689A60BB6913
:107B7000DB68BA6992685A603B695A68BB6904332A
:107B80009A4203D1BB69DA683B695A60BB6900223B
:107B90005A613B691B685A1E3B691A60BB699B6A44
:107BA000002B1ED0BB699B6AFB60BB69DB69BA69AD
:107BB000126A9A60BB691B6ABA69D2695A60FB682B
:107BC0005A68BB6918339A4203D1BB691A6AFB68C9
:107BD0005A60BB6900229A62FB681B685A1EFB68E8
:107BE0001A60BB69DB6A01229A40384B1B68134359
:107BF000364A1360BB69DA6A354913469B00134461
:107C00009B000B4404331B68BB60BB69BA689A6075
:107C1000BB689A68BB69DA60BB689B68BA69043262
:107C20005A60BB691A1DBB689A60BB69DA6A134661
:107C30009B0013449B00264A1A44BB695A61BB69E6
:107C4000DA6A234913469B0013449B000B441B68CC
:107C5000591C1F4813469B0013449B0003441960A2
:107C6000BB69DA6A1B4B1B68DB6A9A42FFF45DAFA3
:107C700001237B6259E7174B1B68DA6A14491346E4
:107C80009B0013449B000B441B68012B01D901236B
:107C90007B62114B1B68002B07D001237B6204E041
:107CA0000E4B1B6801330D4A13607B6A1846283758
:107CB000BD4680BDF0E80020CCE8002080E8002030
:107CC00084E80020E0E80020E8E80020D0E8002078
:107CD000CCE70020C8E70020DCE80020D8E800203E
:107CE00080B487B000AF274B1B68002B03D0264B16
:107CF00001221A603FE0244B00221A60234B1B68CC
:107D0000FB60FB68B3FA83F3FB72FB7AC3F11F03DA
:107D10007B611F497A6913469B0013449B000B4407
:107D20001B68002B0AD14FF0500383F31188BFF377
:107D30006F8FBFF34F8F7B6000BFFEE77A691346FA
:107D40009B0013449B00124A13443B613B695B68F0
:107D50005A683B695A603B695A683B6908339A42E2
:107D600004D13B695B685A683B695A603B695B6850
:107D7000DB68084A136000BF1C37BD465DF8047B12
:107D8000704700BFF0E80020DCE80020D0E80020C9
:107D9000CCE70020C8E7002080B584B000AF786051
:107DA00039607B68002B0AD14FF0500383F31188B0
:107DB000BFF36F8FBFF34F8FFB6000BFFEE7074B32
:107DC0001B68183319467868FDF737FC01213868BD
:107DD00001F068FC00BF1037BD4680BDC8E7002039
:107DE00080B588B000AFF860B9607A60FB68002B9E
:107DF0000AD14FF0500383F31188BFF36F8FBFF3A5
:107E00004F8FBB6100BFFEE71E4B1B68002B0AD1E2
:107E10004FF0500383F31188BFF36F8FBFF34F8F81
:107E20007B6100BFFEE7184B1B68BA6842F0004256
:107E30009A61FB685B68FB61134B1B68FA69DA6146
:107E4000114B1B68FA6992681A620F4B1A68FB693A
:107E50009B6818325A600C4B1B6803F11802FB69CF
:107E60009A60094B1B68FA689A62FB681B685A1C87
:107E7000FB681A600121786801F014FC00BF20370C
:107E8000BD4680BDF0E80020C8E7002080B48BB07C
:107E900000AF78607B68DB68DB683B623B6A002B85
:107EA0000AD14FF0500383F31188BFF36F8FBFF3F4
:107EB0004F8FFB6000BFFEE73B6A9B6AFB613B6A3A
:107EC000DB693A6A126A9A603B6A1B6A3A6AD2694B
:107ED0005A60FB695A683B6A18339A4203D13B6A7D
:107EE0001A6AFB695A603B6A00229A62FB691B6846
:107EF0005A1EFB691A604A4B1B68002B5ED13B6A15
:107F00005B697B613B6A9B683A6AD2689A603B6AAC
:107F1000DB683A6A92685A607B695A683B6A043344
:107F20009A4203D13B6ADA687B695A603B6A002255
:107F30005A617B691B685A1E7B691A603B6ADB6A5F
:107F400001229A40374B1B681343364A13603B6A41
:107F5000DA6A354913469B0013449B000B440433F3
:107F60001B683B613B6A3A699A603B699A683B6A65
:107F7000DA603B699B683A6A04325A603B6A1A1DB0
:107F80003B699A603B6ADA6A13469B0013449B0084
:107F9000254A1A443B6A5A613B6ADA6A2249134607
:107FA0009B0013449B000B441B68591C1E4813463E
:107FB0009B0013449B00034419601BE01B4B5B6850
:107FC000BB613B6ABA69DA61BB699A683B6A1A624B
:107FD000BB699B683A6A18325A603B6A03F118021F
:107FE000BB699A603B6A114A9A62104B1B68013365
:107FF0000E4A13603B6ADA6A0D4B1B68DB6A9A42D1
:1080000005D901237B620B4B01221A6001E000239A
:108010007B627B6A18462C37BD465DF8047B70474F
:10802000F0E80020D0E80020CCE7002088E800201D
:10803000C8E70020DCE8002080B489B000AF786099
:108040003960584B1B68002B0AD14FF0500383F363
:108050001188BFF36F8FBFF34F8FFB6000BFFEE748
:108060003B6843F000427B681A607B68DB68FB6119
:10807000FB69002B0AD14FF0500383F31188BFF343
:108080006F8FBFF34F8FBB6000BFFEE77B681B693C
:10809000BB617B685B687A6892689A607B689B6862
:1080A0007A6852685A60BB695B687A689A4203D101
:1080B0007B689A68BB695A607B6800221A61BB6959
:1080C0001B685A1EBB691A60FB695B697B61FB69AF
:1080D0009B68FA69D2689A60FB69DB68FA69926802
:1080E0005A607B695A68FB6904339A4203D1FB6981
:1080F000DA687B695A60FB6900225A617B691B68F8
:108100005A1E7B691A60FB69DB6A01229A40264B82
:108110001B681343244A1360FB69DA6A2349134638
:108120009B0013449B000B4404331B683B61FB69B9
:108130003A699A603B699A68FB69DA603B699B68B7
:10814000FA6904325A60FB691A1D3B699A60FB693F
:10815000DA6A13469B0013449B00144A1A44FB69D5
:108160005A61FB69DA6A114913469B0013449B006C
:108170000B441B68591C0D4813469B0013449B007D
:1081800003441960FB69DA6A094B1B68DB6A9A428F
:1081900002D9084B01221A6000BF2437BD465DF8A2
:1081A000047B7047F0E80020D0E80020CCE70020F6
:1081B000C8E70020DCE8002080B584B000AF78601C
:1081C0007B68002B0AD14FF0500383F31188BFF373
:1081D0006F8FBFF34F8FFB6000BFFEE701F02CFCF9
:1081E000064B1A687B681A60054B1A687B685A60F0
:1081F00001F052FC00BF1037BD4680BDE0E8002012
:10820000CCE8002080B483B000AF7860064B1A68D9
:108210007B681A60054B1A687B685A6000BF0C3790
:10822000BD465DF8047B7047E0E80020CCE8002004
:1082300080B588B000AF786039607B68002B0AD1C8
:108240004FF0500383F31188BFF36F8FBFF34F8F4D
:108250003B6100BFFEE73B68002B0AD14FF05003A3
:1082600083F31188BFF36F8FBFF34F8FFB6000BFA5
:10827000FEE701F0E1FB1F4B1B68BB617B685B689D
:10828000BA69D31A7B613B681B68B3F1FF3F02D127
:108290000023FB6126E07B681A68174B1B689A4233
:1082A0000AD07B685B68BA699A4205D30123FB61F7
:1082B0003B6800221A6015E03B681B687A699A42A5
:1082C0000BD23B681A687B69D21A3B681A607868DF
:1082D000FFF798FF0023FB6104E03B6800221A606F
:1082E0000123FB6101F0D8FBFB6918462037BD462E
:1082F00080BD00BFCCE80020E0E8002080B400AFE3
:10830000034B01221A6000BFBD465DF8047B704735
:10831000DCE8002080B485B000AF78607B68002B7B
:1083200005D07B68BB60BB689B6CFB6001E00023F1
:10833000FB60FB6818461437BD465DF8047B704748
:1083400080B485B000AF786039607B68002B04D0C2
:108350007B68FB60FB683A689A6400BF1437BD46CF
:108360005DF8047B704780B582B000AF786000F0A4
:1083700051F8064B1B68012BF9D9054B4FF0805281
:108380001A60BFF34F8FBFF36F8FF0E7CCE7002089
:1083900004ED00E080B582B000AF00237B600CE00C
:1083A0007A6813469B0013449B00124A13441846F4
:1083B000FDF7F2F87B6801337B607B68062BEFD911
:1083C0000D48FDF7E9F80D48FDF7E6F80C48FDF714
:1083D000E3F80C48FDF7E0F80B48FDF7DDF80B4B30
:1083E000054A1A600A4B054A1A6000BF0837BD46A5
:1083F00080BD00BFCCE7002058E800206CE80020DA
:1084000088E800209CE80020B4E8002080E80020F4
:1084100084E8002080B582B000AF19E001F00CFBC9
:10842000104BDB68DB687B607B6804331846FDF724
:108430003DF90D4B1B68013B0B4A13600B4B1B684E
:10844000013B0A4A136001F027FB786800F000F94D
:10845000064B1B68002BE1D100BF00BF0837BD46AB
:1084600080BD00BF9CE80020C8E80020B0E80020E4
:1084700080B586B000AFF860B9607A60FB70FB68C9
:10848000002B02D12C4B1B6800E0FB687B61BB68B2
:108490007A691A607B6903F13402BB685A607B69B0
:1084A000DA6ABB681A617B691A6BBB68DA617B693F
:1084B0005A6CBB689A607B69DA6CBB685A61BB68AE
:1084C00000229A61FB78052B1AD01B4B1B687A6936
:1084D0009A4203D1BB6800221A7318E0BB68FA788D
:1084E0001A73FB78032B12D1FFF7D2F87B699B6AD2
:1084F000002B02D0BB6802221A73FFF7D7F806E000
:108500007869FEF7D9FC03461A46BB681A737B6884
:10851000002B09D07B691B6B184600F061F80346FD
:108520001A46BB681A8402E0BB6800221A8400BFA6
:108530001837BD4680BD00BFC8E7002080B58AB0AF
:1085400000AFF860B9601346FB7100237B62BB6823
:108550001B68002B3FD0BB683B623B6A5B685A6874
:108560003B6A5A603B6A5A683B6A08339A4204D1B4
:108570003B6A5B685A683B6A5A603B6A5B68DB68C7
:10858000FB61BB68BB61BB695B685A68BB695A60C9
:10859000BB695A68BB6908339A4204D1BB695B68FE
:1085A0005A68BB695A60BB695B68DB687B617A6A41
:1085B0001346DB0013449B001A46FB689918FB79AD
:1085C00001227869FFF754FF7B6A01337B627A6985
:1085D000FB699A42D5D17B6A18462837BD4680BDD3
:1085E00080B485B000AF78600023FB6005E07B6855
:1085F00001337B60FB680133FB607B681B78A52B34
:10860000F5D0FB689B08FB60FB689BB218461437EB
:10861000BD465DF8047B704780B586B000AF7860DA
:108620007B68002B02D1094B1B6800E07B687B61F3
:108630007B691B6B3B613869FFF7D2FF0346FB6028
:10864000FB6818461837BD4680BD00BFC8E700204C
:1086500080B582B000AF78607B681B6B1846F7F777
:1086600021FF7868F7F71EFF00BF0837BD4680BDC1
:1086700080B400AF0A4B1B681B68002B04D1094B68
:108680004FF0FF321A6005E0054B1B68DB681B6882
:10869000044A136000BFBD465DF8047B704700BF0D
:1086A00080E80020E8E8002080B483B000AF054BEC
:1086B0001B687B607B6818460C37BD465DF8047B01
:1086C000704700BFC8E7002080B483B000AF0B4BF9
:1086D0001B68002B02D101237B6008E0084B1B685C
:1086E000002B02D102237B6001E000237B607B68CA
:1086F00018460C37BD465DF8047B7047D4E800206F
:10870000F0E8002080B586B000AF78607B683B6100
:1087100000237B617B68002B00F087803B69DA6A6D
:10872000444B1B68DB6A9A4276D23B699B69002BFB
:1087300006DB404B1B68DB6AC3F107023B699A61A9
:108740003B6959693B69DA6A13469B0013449B00F5
:10875000394A1344994257D13B6904331846FCF710
:10876000A5FF0346002B0AD13B69DB6A012202FA0E
:1087700003F3DA43314B1B681340304A13602D4B2F
:108780001B68DA6A3B69DA623B69DB6A01229A405C
:108790002A4B1B681343294A13603B69DA6A26494E
:1087A00013469B0013449B000B4404331B68FB607F
:1087B0003B69FA689A60FB689A683B69DA60FB6813
:1087C0009B683A6904325A603B691A1DFB689A60DB
:1087D0003B69DA6A13469B0013449B00164A1A440D
:1087E0003B695A613B69DA6A134913469B0013449B
:1087F0009B000B441B68591C0F4813469B001344F5
:108800009B000344196004E00A4B1B68DA6A3B6969
:10881000DA6201237B6108E03B69DA6C054B1B6877
:10882000DB6A9A4201D201237B617B6918461837C3
:10883000BD4680BDC8E70020CCE70020D0E800207E
:1088400080B588B000AF78607B68BB610023FB61B6
:108850007B68002B00F08C80484B1B68BA699A42F9
:108860000AD04FF0500383F31188BFF36F8FBFF32B
:108870004F8F3B6100BFFEE7BB691B6D002B0AD128
:108880004FF0500383F31188BFF36F8FBFF34F8F07
:10889000FB6000BFFEE7BB691B6D5A1EBB691A6512
:1088A000BB69DA6ABB69DB6C9A4261D0BB691B6D3C
:1088B000002B5DD1BB6904331846FCF7F7FE034675
:1088C000002B0AD1BB69DB6A012202FA03F3DA4307
:1088D0002B4B1B6813402A4A1360BB69DA6CBB69D7
:1088E000DA62BB69DB6AC3F10702BB699A61BB69E3
:1088F000DB6A01229A40224B1B681343204A136013
:10890000BB69DA6A1F4913469B0013449B000B4462
:1089100004331B687B61BB697A699A607B699A68DA
:10892000BB69DA607B699B68BA6904325A60BB69CB
:108930001A1D7B699A60BB69DA6A13469B0013446F
:108940009B00104A1A44BB695A61BB69DA6A0D4937
:1089500013469B0013449B000B441B68591C094899
:1089600013469B0013449B00034419600123FB61E1
:10897000FB6918462037BD4680BD00BFC8E7002010
:10898000D0E80020CCE7002080B58AB000AF786046
:1089900039607B683B620123FB617B68002B00F040
:1089A000A1803B6A1B6D002B0AD14FF0500383F36B
:1089B0001188BFF36F8FBFF34F8F3B6100BFFEE79E
:1089C0003B6ADB6C3A689A4202D93B687B6202E000
:1089D0003B6ADB6C7B623B6ADB6A7A6A9A4200F034
:1089E00081803B6A1B6DFA699A427BD13F4B1B68C1
:1089F0003A6A9A420AD14FF0500383F31188BFF3C9
:108A00006F8FBFF34F8FFB6000BFFEE73B6ADB6AEF
:108A1000BB613B6A7A6ADA623B6A9B69002B04DBC2
:108A20007B6AC3F107023B6A9A613B6A5969BA697A
:108A300013469B0013449B002D4A1344994251D185
:108A40003B6A04331846FCF731FE0346002B0AD17B
:108A50003B6ADB6A012202FA03F3DA43254B1B6807
:108A60001340244A13603B6ADB6A01229A40214B7F
:108A70001B6813431F4A13603B6ADA6A1C4913469A
:108A80009B0013449B000B4404331B687B613B6ACF
:108A90007A699A607B699A683B6ADA607B699B684D
:108AA0003A6A04325A603B6A1A1D7B699A603B6AD3
:108AB000DA6A13469B0013449B000D4A1A443B6A32
:108AC0005A613B6ADA6A0A4913469B0013449B00C9
:108AD0000B441B68591C064813469B0013449B001B
:108AE0000344196000BF2837BD4680BDC8E7002099
:108AF000CCE70020D0E8002080B584B000AF7860DB
:108B000039603968786825F0C9FF786826F038F848
:108B1000F86007E07A68FB68134420221A70FB684B
:108B20000133FB60FB680E2BF4D97A68FB681344B1
:108B300000221A707A68FB68134418461037BD4645
:108B400080BD90B589B002AF78607B6800221A7052
:108B5000454B1B68FB60444B1A681346DB0013440B
:108B60009B001846F7F7BEFBB860BB68002B77D0B8
:108B70000022F968B868FEF7E7FEF86000237B6121
:108B800067E07A691346DB0013449B001A46BB6812
:108B900013441B7B042B1CD801A252F823F000BF06
:108BA000B58B0008BB8B0008C18B0008C78B000881
:108BB000CD8B00085823FB740EE05223FB740BE0AE
:108BC0004223FB7408E05323FB7405E04423FB7449
:108BD00002E00023FB7400BF7A691346DB001344F4
:108BE0009B001A46BB6813445B6819467868FFF718
:108BF00083FF7860F97C7A691346DB0013449B009D
:108C00001A46BB68134418697A691346DB0013449B
:108C10009B001A46BB6813441B8C1C467A6913469A
:108C2000DB0013449B001A46BB6813449B68019306
:108C3000009403460A460D49786825F00DFF7868D0
:108C400025F09EFF02467B6813447B607B690133FD
:108C50007B617A69FB689A4293D3B868F7F722FC84
:108C600000BF1C37BD4690BDC8E80020088203083D
:108C700080B483B000AF094B1B689B697B60074BD6
:108C80001B68DA6A054B1B68C2F107029A617B68B0
:108C900018460C37BD465DF8047B7047C8E70020D6
:108CA00080B400AF074B1B68002B04D0054B1B683A
:108CB0001A6D01321A65034B1B681846BD465DF8F4
:108CC000047B7047C8E7002080B586B000AFF8602D
:108CD000B9607A60FB68002B0AD04FF0500383F331
:108CE0001188BFF36F8FBFF34F8F3B6100BFFEE76B
:108CF00000F0A2FE284B1A68FB6814339B00134453
:108D00005B68002B15D1244B1A68FB681344583359
:108D100001221A707B68002B0BD00121786800F0CB
:108D2000C1FC1E4B4FF080521A60BFF34F8FBFF350
:108D30006F8F00F0B1FE00F07FFE174B1A68FB68E2
:108D400014339B0013445B687B617B69002B14D058
:108D5000BB68002B08D0104B1A68FB6814339B00CB
:108D6000134400225A6008E00B4B19687B695A1EB5
:108D7000FB6814339B000B445A60074B1A68FB686E
:108D80001344583300221A7000F086FE7B6918469F
:108D90001837BD4680BD00BFC8E7002004ED00E0E5
:108DA00080B586B000AFF860B9607A603B60FB6860
:108DB000002B0AD04FF0500383F31188BFF36F8F5D
:108DC000BFF34F8F3B6100BFFEE700F035FE344B31
:108DD0001A68FB68134458331B78DBB2022B24D08B
:108DE0002F4B1A68FB6814339B0013445968BB6807
:108DF000DB431940FB6814339B0013445960284B34
:108E00001A68FB681344583301221A703B6A002B1E
:108E10000BD00121386A00F045FC224B4FF0805204
:108E20001A60BFF34F8FBFF36F8F00F035FE00F075
:108E300003FE3B68002B08D0194B1A68FB681433FB
:108E40009B0013445A683B681A60154B1A68FB680C
:108E5000134458331B78DBB2022B02D000237B6112
:108E600010E00F4B1A68FB6814339B0013445968D9
:108E70007B68DB431940FB6814339B001344596043
:108E800001237B61064B1A68FB68134458330022A8
:108E90001A7000F001FE7B6918461837BD4680BD88
:108EA000C8E7002004ED00E080B58EB000AFF860A8
:108EB000B9607A60FB7001237B63BB68002B0AD02A
:108EC0004FF0500383F31188BFF36F8FBFF34F8FC1
:108ED0003B6200BFFEE7FB68002B0AD14FF0500356
:108EE00083F31188BFF36F8FBFF34F8FFB6100BF18
:108EF000FEE7FB683B6300F09FFD3B6C002B07D057
:108F00003A6BBB6814339B0013445A683B6C1A607D
:108F10003A6BBB68134458331B7887F82F303A6B91
:108F2000BB681344583302221A70FB78042B41D8D3
:108F300001A252F823F000BFD38F00084D8F000824
:108F40006B8F0008878F0008978F00083A6BBB680B
:108F500014339B0013445A687B681A43396BBB680F
:108F600014339B000B445A6036E03A6BBB681433F1
:108F70009B0013445B685A1C396BBB6814339B001D
:108F80000B445A6028E03A6BBB6814339B001344CF
:108F90007A685A6020E097F82F30022B07D03A6B9E
:108FA000BB6814339B0013447A685A6014E00023B2
:108FB0007B6311E04C4B1B68002B0CD04FF050032F
:108FC00083F31188BFF36F8FBFF34F8FBB6100BF77
:108FD000FEE700BF00E000BF97F82F30012B7BD1E8
:108FE0003B6B5B69BB623B6B9B683A6BD2689A6078
:108FF0003B6BDB683A6B92685A60BB6A5A683B6BA2
:1090000004339A4203D13B6BDA68BB6A5A603B6B0C
:1090100000225A61BB6A1B685A1EBB6A1A603B6B0E
:10902000DB6A01229A40314B1B6813432F4A1360BD
:109030003B6BDA6A2E4913469B0013449B000B449A
:1090400004331B687B623B6B7A6A9A607B6A9A681E
:109050003B6BDA607B6A9B683A6B04325A603B6B0D
:109060001A1D7B6A9A603B6BDA6A13469B001344B5
:109070009B001F4A1A443B6B5A613B6BDA6A1C49DE
:1090800013469B0013449B000B441B68591C184853
:1090900013469B0013449B00034419603B6B9B6A7F
:1090A000002B0AD04FF0500383F31188BFF36F8F6A
:1090B000BFF34F8F7B6100BFFEE73B6BDA6A0D4B5E
:1090C0001B68DB6A9A4207D90B4B4FF080521A603B
:1090D000BFF34F8FBFF36F8F00F0DEFC7B6B184642
:1090E0003837BD4680BD00BFCCE80020D0E8002066
:1090F000CCE70020C8E7002004ED00E080B592B086
:1091000000AFF860B9607A60FB7001237B64FB6894
:10911000002B0AD14FF0500383F31188BFF36F8FF8
:10912000BFF34F8FBB6200BFFEE7BB68002B0AD0C6
:109130004FF0500383F31188BFF36F8FBFF34F8F4E
:109140007B6200BFFEE700F058FDFB683B64EFF375
:1091500011824FF0500383F31188BFF36F8FBFF379
:109160004F8F3A62FB613B6AFB633B6D002B07D07C
:109170003A6CBB6814339B0013445A683B6D1A6009
:109180003A6CBB68134458331B7887F83B303A6C11
:10919000BB681344583302221A70FB78042B41D861
:1091A00001A252F823F000BF43920008BD910008CD
:1091B000DB910008F7910008079200083A6CBB6841
:1091C00014339B0013445A687B681A43396CBB689C
:1091D00014339B000B445A6036E03A6CBB6814337E
:1091E0009B0013445B685A1C396CBB6814339B00AA
:1091F0000B445A6028E03A6CBB6814339B0013445C
:109200007A685A6020E097F83B30022B07D03A6C1E
:10921000BB6814339B0013447A685A6014E000233F
:109220007B6411E05F4B1B68002B0CD04FF05003A8
:1092300083F31188BFF36F8FBFF34F8FBB6100BF04
:10924000FEE700BF00E000BF97F83B30012B40F085
:109250009E803B6C9B6A002B0AD04FF0500383F337
:109260001188BFF36F8FBFF34F8F7B6100BFFEE7A5
:109270004D4B1B68002B5ED13B6C5B693B633B6CC9
:109280009B683A6CD2689A603B6CDB683A6C926877
:109290005A603B6B5A683B6C04339A4203D13B6C77
:1092A000DA683B6B5A603B6C00225A613B6B1B686F
:1092B0005A1E3B6B1A603B6CDB6A01229A403B4BA7
:1092C0001B681343394A13603B6CDA6A384913460A
:1092D0009B0013449B000B4404331B68FB623B6CF4
:1092E000FA6A9A60FB6A9A683B6CDA60FB6A9B6870
:1092F0003A6C04325A603B6C1A1DFB6A9A603B6CF4
:10930000DA6A13469B0013449B00294A1A443B6CBB
:109310005A613B6CDA6A264913469B0013449B0052
:109320000B441B68591C224813469B0013449B00A6
:10933000034419601BE01F4B5B687B633B6C7A6BDB
:10934000DA617B6B9A683B6C1A627B6B9B683A6C48
:1093500018325A603B6C03F118027B6B9A603B6CCD
:10936000144A9A62134B1B680133124A13603B6C18
:10937000DA6A114B1B68DB6A9A4208D97B6D002BB5
:1093800002D07B6D01221A600C4B01221A60FB6B2C
:109390003B613B6983F3118800BF7B6C18464837FB
:1093A000BD4680BDCCE80020F0E80020D0E80020D9
:1093B000CCE7002088E80020C8E70020DCE8002097
:1093C00080B590B000AFF860B9607A60FB68002BA0
:1093D0000AD14FF0500383F31188BFF36F8FBFF3AF
:1093E0004F8F7B6200BFFEE7BB68002B0AD04FF0B7
:1093F000500383F31188BFF36F8FBFF34F8F3B622E
:1094000000BFFEE700F0F9FBFB68FB63EFF311829E
:109410004FF0500383F31188BFF36F8FBFF34F8F6B
:10942000FA61BB61FB69BB63FA6BBB6813445833D9
:109430001B7887F83730FA6BBB6813445833022225
:109440001A70FA6BBB6814339B0013445B685A1C98
:10945000F96BBB6814339B000B445A6097F83730A4
:10946000012B40F09E80FB6B9B6A002B0AD04FF0D3
:10947000500383F31188BFF36F8FBFF34F8F7B616E
:1094800000BFFEE74C4B1B68002B5ED1FB6B5B699A
:10949000FB62FB6B9B68FA6BD2689A60FB6BDB68C4
:1094A000FA6B92685A60FB6A5A68FB6B04339A4203
:1094B00003D1FB6BDA68FB6A5A60FB6B00225A61CE
:1094C000FB6A1B685A1EFB6A1A60FB6BDB6A01228F
:1094D0009A403A4B1B681343384A1360FB6BDA6AB5
:1094E000374913469B0013449B000B4404331B680D
:1094F000BB62FB6BBA6A9A60BB6A9A68FB6BDA6004
:10950000BB6A9B68FA6B04325A60FB6B1A1DBB6A1C
:109510009A60FB6BDA6A13469B0013449B00284A4F
:109520001A44FB6B5A61FB6BDA6A254913469B00B0
:1095300013449B000B441B68591C214813469B0095
:1095400013449B00034419601BE01E4B5B683B63A4
:10955000FB6B3A6BDA613B6B9A68FB6B1A623B6B95
:109560009B68FA6B18325A60FB6B03F118023B6B75
:109570009A60FB6B134A9A62124B1B680133114AC3
:109580001360FB6BDA6A104B1B68DB6A9A4208D9DE
:109590007B68002B02D07B6801221A600B4B0122F2
:1095A0001A60BB6B3B613B6983F3118800BF00BF4E
:1095B0004037BD4680BD00BFF0E80020D0E8002065
:1095C000CCE7002088E80020C8E70020DCE8002085
:1095D00080B586B000AF786039603B68002B0AD058
:1095E0004FF0500383F31188BFF36F8FBFF34F8F9A
:1095F000FB6000BFFEE77B68002B02D1104B1B68AD
:1096000000E07B683B6100F017FA3A693B6813445D
:1096100058331B78DBB2022B08D13A693B681344FC
:10962000583300221A7001237B6101E000237B6123
:1096300000F032FA7B6918461837BD4680BD00BF7E
:10964000C8E7002080B586B000AFF860B9607A60E6
:10965000FB68002B02D1124B1B6800E0FB687B61AA
:1096600000F0EAF97A69BB6814339B0013445B6825
:109670003B617A69BB6814339B0013445A687B686A
:10968000DB431A407969BB6814339B000B445A6072
:1096900000F002FA3B6918461837BD4680BD00BF8E
:1096A000C8E7002080B586B000AF78603960364BDF
:1096B0001B687B61354B1B6804331846FBF7F6FFCC
:1096C0000346002B0BD1314B1B68DB6A012202FAE7
:1096D00003F3DA432E4B1B6813402D4A13607B685B
:1096E000B3F1FF3F24D13B68002B21D0294B5B68AD
:1096F0003B61264B1B683A699A60244B1B683A69A8
:109700009268DA60214B1A683B699B6804325A60A0
:109710001E4B1B681A1D3B699A601C4B1B681D4A37
:109720005A611C4B1B6801331A4A136000BF26E0C4
:109730007A697B681344FB60144B1B68FA685A60B3
:10974000FA687B699A4209D2134B1A680F4B1B685F
:10975000043319461046FBF770FF10E00F4B1A68F0
:109760000A4B1B68043319461046FBF766FF0C4B87
:109770001B68FA689A4202D2094AFB68136000BF6C
:109780001837BD4680BD00BFCCE80020C8E70020E8
:10979000D0E80020B4E8002084E8002080E8002021
:1097A000E8E80020000000000000000000000000C9
:1097B00080B485B000AFF860B9607A60FB68043BA4
:1097C000FB60FB684FF080721A60FB68043BFB6033
:1097D000BB6823F00102FB681A60FB68043BFB6076
:1097E0000C4AFB681A60FB68143BFB607A68FB68F4
:1097F0001A60FB68043BFB60FB686FF002021A60B2
:10980000FB68203BFB60FB6818461437BD465DF8DB
:10981000047B70471998000880B485B000AF00231E
:109820007B60124B1B68B3F1FF3F0AD04FF050032F
:1098300083F31188BFF36F8FBFF34F8FFB6000BFBF
:10984000FEE74FF0500383F31188BFF36F8FBFF330
:109850004F8FBB6000BF00BF7B68002BFCD000BFF8
:1098600000BF1437BD465DF8047B7047340000200C
:10987000074B19680868B0E8F04F80F30988BFF318
:109880006F8F4FF0000080F311887047AFF30080B6
:10989000C8E7002000BF08480068006880F3088817
:1098A0004FF0000080F3148862B661B6BFF34F8FAB
:1098B000BFF36F8F00DF00BF08ED00E000BF80B591
:1098C00086B000AF454B1B68454A93420AD14FF022
:1098D000500383F31188BFF36F8FBFF34F8F3B614A
:1098E00000BFFEE73D4B1B683E4A93420AD14FF052
:1098F000500383F31188BFF36F8FBFF34F8FFB606B
:1099000000BFFEE7384B7B617B691B78DBB27B6075
:109910007B69FF221A707B691B78DBB2FB70FB78D6
:10992000DBB203F05003DAB2304B1A70304B07222F
:109930001A6009E02E4B1B68013B2D4A1360FB782F
:10994000DBB25B00DBB2FB70FB78DBB203F08003C1
:10995000802BEFD0264B1B68C3F10703042B0AD0E2
:109960004FF0500383F31188BFF36F8FBFF34F8F16
:10997000BB6000BFFEE71E4B1B681B021C4A136046
:109980001B4B1B6803F4E063194A13607B68DAB26F
:109990007B691A70174B1B68164A43F470031360F7
:1099A000144B1B68134A43F07043136000F0F6F841
:1099B000114B00221A6000F015F9104B1B680F4A7A
:1099C00043F040431360FFF766FFFEF789F9FFF7A6
:1099D00023FF002318461837BD4680BD00ED00E088
:1099E00071C20F4170C20F4100E400E0F4E80020B2
:1099F000F8E8002020ED00E03400002034EF00E023
:109A000080B483B000AF0B4B1B68B3F57A7F0AD0EC
:109A10004FF0500383F31188BFF36F8FBFF34F8F65
:109A20007B6000BFFEE700BF0C37BD465DF8047BDE
:109A3000704700BF3400002080B483B000AF4FF007
:109A4000500383F31188BFF36F8FBFF34F8F7B6099
:109A500000BF0F4B1B6801330D4A13600C4B1B6892
:109A6000012B0FD10B4B1B68DBB2002B0AD04FF040
:109A7000500383F31188BFF36F8FBFF34F8F3B60A9
:109A800000BFFEE700BF0C37BD465DF8047B7047A2
:109A90003400002004ED00E080B483B000AF124B2E
:109AA0001B68002B0AD14FF0500383F31188BFF3DA
:109AB0006F8FBFF34F8F7B6000BFFEE70A4B1B68C1
:109AC000013B094A1360084B1B68002B05D100239A
:109AD0003B603B6883F3118800BF00BF0C37BD4675
:109AE0005DF8047B704700BF34000020EFF309806D
:109AF000BFF36F8F164B1A681EF0100F08BF20EDD2
:109B0000108A20E9F04F10602DE909004FF0500055
:109B100080F31188BFF34F8FBFF36F8FFEF7E0F82C
:109B20004FF0000080F3118809BC19680868B0E89C
:109B3000F04F1EF0100F08BFB0EC108A80F30988B8
:109B4000BFF36F8F704700BFAFF30080AFF30080AB
:109B5000C8E7002000BF80B582B000AF4FF05003CF
:109B600083F31188BFF36F8FBFF34F8F7B6000BF0C
:109B7000FDF7A0FF0346002B03D0074B4FF08052A8
:109B80001A6000233B603B6883F3118800BF00BF6D
:109B90000837BD4680BD00BF04ED00E080B400AFD3
:109BA0000B4B00221A600B4B00221A600A4B1B68F9
:109BB0000A4AA2FB03239B09094A013B1360044B99
:109BC00007221A6000BFBD465DF8047B704700BFE6
:109BD00010E000E018E000E044000020D34D6210E7
:109BE00014E000E0DFF80C00016841F4700101604E
:109BF0007047000088ED00E000BF80B485B000AF82
:109C0000EFF30583FB60FB680F2B14D9164AFB6842
:109C100013441B78FB72154B1B78FA7A9A420AD2CE
:109C20004FF0500383F31188BFF36F8FBFF34F8F53
:109C30007B6000BFFEE70E4B1B6803F4E0620D4B38
:109C40001B689A420AD94FF0500383F31188BFF37F
:109C50006F8FBFF34F8F3B6000BFFEE700BF14372D
:109C6000BD465DF8047B7047F0E300E0F4E80020B7
:109C70000CED00E0F8E8002080B485B000AF78601B
:109C800039600023FB603B681A687B6853F8223018
:109C9000FB60FA68294B1340FB603B685A683B68DD
:109CA0009B681A433B68DB681A433B681B691A438D
:109CB0003B685B691A433B689B691A433B68DB69F5
:109CC0001A433B681B6A1A433B685B6A1A433B684A
:109CD0009B6A1A433B68DB6A1A433B68DB6B1A4397
:109CE0003B681B6B1A433B685B6B1343FA68134377
:109CF000FB603B689B68082B03D1FB6843F0400383
:109D0000FB603B681A687B68F96843F822103B687F
:109D10005B6BB3F5801F0AD13B681B68002B06D034
:109D20007B681A683B685B6B1A437B681A60002388
:109D300018461437BD465DF8047B70478000E0FF8D
:109D400080B485B000AFF860B9607A60FB687A686B
:109D500053F8223023F00101FB687A6843F822109F
:109D60007B68002B06D1FB687A6843F2DB0143F87D
:109D7000221005E0FB687A6843F2D20143F8221012
:109D80007B685A1CFB686FF0704143F82210BB6877
:109D90007A686FF0704143F8221000231846143798
:109DA000BD465DF8047B704780B487B000AFF860B3
:109DB000B9607A6000237B617B685A1CFB6853F8AA
:109DC00022307B617B6903F040437B61BB681A688A
:109DD000BB685B681B011A43BB689B681B021A4384
:109DE000BB68DB681B041A43BB681B69013B1B058E
:109DF0001A43BB685B69023B1B061A43BB689B693D
:109E000013437A6913437B617B685A1CFB68796949
:109E100043F82210FB681B6803F48013B3F5801F1E
:109E20000ED1FB685B6823F470037B61BB681B6920
:109E3000013B1B057A6913437B61FB687A695A60B1
:109E4000002318461C37BD465DF8047B704780B47C
:109E500087B000AFF860B9607A603B6000237B6137
:109E60003B68B3F5804F22D1FB687A6853F8223003
:109E70007B617A69144B13407B61BB681A68BB68CD
:109E80005B681B011A43BB689B681B021A43BB68D3
:109E9000DB681B041A43BB689B6913437A6913434D
:109EA0007B61FB687A68796943F8221005E0FB68FA
:109EB0007A686FF0704143F82210002318461C376F
:109EC000BD465DF8047B70470000F0CF80B483B0DE
:109ED00000AF786039607B683A6853F8223043F409
:109EE00080517B683A6843F82210002318460C37EB
:109EF000BD465DF8047B704780B483B000AF7860E6
:109F000039607B683A6853F8223023F480517B68CB
:109F10003A6843F82210002318460C37BD465DF816
:109F2000047B704780B485B000AF7860396000234F
:109F3000FB603B681B68102B03D17B681B68FB60D0
:109F400002E07B681B6AFB60FA68164B1340FB60FB
:109F50003B685A683B689B681A433B68DB681A4356
:109F60003B681B691A433B685B695B021A433B68A9
:109F70009B695B031A43FB68134343F00803FB60D0
:109F80003B681B68102B03D17B68FA681A6002E0FB
:109F90007B68FA681A62002318461437BD465DF8DC
:109FA000047B70478101F0FF80B487B000AFF86098
:109FB000B9607A6000237B617B68102B03D1FB685A
:109FC0009B687B6102E0FB689B6A7B6100237B618D
:109FD000BB681A68BB685B681B021A43BB689B6856
:109FE0001B041A43BB68DB681B0613437A691343DF
:109FF0007B617B68102B03D1FB687A699A6002E071
:10A00000FB687A699A62002318461C37BD465DF8E2
:10A01000047B704780B487B000AFF860B9607A60A5
:10A0200000237B617B68102B03D1FB68DB687B61BD
:10A0300002E0FB68DB6A7B6100237B61BB681A6816
:10A04000BB685B681B021A43BB689B681B041A430E
:10A05000BB68DB681B0613437A6913437B617B682B
:10A06000102B03D1FB687A69DA6002E0FB687A6939
:10A07000DA62002318461C37BD465DF8047B704742
:10A0800080B483B000AF786039603B68102B06D194
:10A090007B681B6823F004027B681A6005E07B681C
:10A0A0001B6A23F004027B681A623B68102B0ED1F6
:10A0B0007B6818221A607B6840225A607B684FF0E8
:10A0C000FC329A607B684FF0FC32DA600DE07B680E
:10A0D00018221A627B6840225A627B684FF0FC3279
:10A0E0009A627B684FF0FC32DA62002318460C3724
:10A0F000BD465DF8047B704780B483B000AF7860E4
:10A1000039603B68102B06D17B681B6843F0400226
:10A110007B681A6005E07B681B6A43F040027B683D
:10A120001A62002318460C37BD465DF8047B704761
:10A1300080B483B000AF786039603B68102B06D1E3
:10A140007B681B6823F040027B681A6005E07B682F
:10A150001B6A23F040027B681A62002318460C3702
:10A16000BD465DF8047B704780B586B000AFF860EF
:10A17000B9607A603B6000237B6116F0F3FB786185
:10A1800010E03B68B3F1FF3F0CD03B68002B07D0D9
:10A1900016F0E8FB02467B69D31A3A689A4201D26C
:10A1A000032324E07B68102B09D1FB685B6803F074
:10A1B0004003402B14BF01230023DBB208E0FB68FF
:10A1C0005B6A03F04003402B14BF01230023DBB282
:10A1D000002BD6D17B68102B04D1FB685A69BB6871
:10A1E0001A6003E0FB685A6BBB681A6000231846CC
:10A1F0001837BD4680BD80B485B000AF7860396047
:10A200000023FB607B681B68FB60FB6823F4FF3363
:10A2100023F03A03FB603B681A683B685B685B02AB
:10A220001A433B689B685B031A43FB68134343F084
:10A230001003FB607B68FA681A6000231846143725
:10A24000BD465DF8047B704780B485B000AF786090
:10A2500039600023FB607B689B68FB600023FB6028
:10A260003B681A683B685B681B021A433B689B6843
:10A270001B041A433B68DB681B061343FA6813434D
:10A28000FB607B68FA689A60002318461437BD4665
:10A290005DF8047B704780B485B000AF78603960AA
:10A2A0000023FB607B68DB68FB600023FB603B688E
:10A2B0001A683B685B681B021A433B689B681B0477
:10A2C0001A433B68DB681B061343FA681343FB60C1
:10A2D0007B68FA68DA60002318461437BD465DF8DB
:10A2E000047B704780B485B000AF7860396000238C
:10A2F000FB607B681B69FB600023FB603B681A689E
:10A300003B685B681B021A433B689B681B041A434B
:10A310003B68DB681B061343FA681343FB607B68EA
:10A32000FA681A61002318461437BD465DF8047BAD
:10A33000704780B483B000AF78607B681B6823F0FF
:10A3400004027B681A607B6818221A607B6800220E
:10A350005A607B684FF0FC329A607B684FF0FC32A9
:10A36000DA607B684FF0FC321A61002318460C3724
:10A37000BD465DF8047B704780B485B000AF78605F
:10A3800039600023FB600023BB603B681B68012B26
:10A3900029D07B681B68FB60FB6823F4FF4323F034
:10A3A0007F03FB603B685A683B689B681A433B68C5
:10A3B000DB681A433B681B691A433B685B691A43B5
:10A3C0003B689B691A433B68DB691A433B681B6A1D
:10A3D0001A433B685B6A1343FA681343FB607B686C
:10A3E000FA681A6034E07B681B68FB60FB6823F442
:10A3F000F843FB603B68DA693B681B6A1A433B68B9
:10A400005B6A1343FA681343FB607B685B68BB605D
:10A41000BB6823F4FF4323F07F03BB603B685A68AB
:10A420003B689B681A433B68DB681A433B681B69BF
:10A430001A433B685B691A433B689B691343BA68DC
:10A440001343BB607B68FA681A607B68BA685A601D
:10A45000002318461437BD465DF8047B704780B46E
:10A4600087B000AFF860B9607A6000237B61002399
:10A470003B617B68012B2ED0FB689B687B617B690D
:10A4800003F070437B61BB681B685A1EBB685B6846
:10A49000013B1B011A43BB689B68013B1B021A432B
:10A4A000BB68DB68013B1B031A43BB681B69013BAC
:10A4B0001B041A43BB685B69013B1B051A43BB685D
:10A4C0009B69013B1B0613437A6913437B61FB685D
:10A4D0007A699A603BE0FB689B687B617B6923F447
:10A4E000700323F470437B61BB68DB68013B1A0394
:10A4F000BB685B69013B1B0513437A6913437B61AE
:10A50000FB68DB683B613B6903F070433B61BB6800
:10A510001B685A1EBB685B68013B1B011A43BB6882
:10A520009B68013B1B021A43BB681B69013B1B0470
:10A530001A43BB689B69013B1B0613433A691343EB
:10A540003B61FB687A699A60FB683A69DA600023CC
:10A5500018461C37BD465DF8047B704780B483B055
:10A5600000AF786039607B683A684FF4347143F823
:10A5700022107B683A6802326FF0704143F8221073
:10A580007B6800221A617B6800225A617B68002286
:10A590009A61002318460C37BD465DF8047B70476E
:10A5A00080B483B000AF786039607B683A6853F854
:10A5B000223043F400717B683A6843F8221000238C
:10A5C00018460C37BD465DF8047B704780B483B0F5
:10A5D00000AF786039607B683A6853F8223023F422
:10A5E00000717B683A6843F82210002318460C3744
:10A5F000BD465DF8047B704780B586B000AFF8605B
:10A60000B9607A6000233B6100237B61BB681A68F4
:10A61000BB685B681A43BB689B68013B5B011A43DC
:10A62000BB68DB685B0213433B613A69FB681A61F4
:10A6300016F098F9786110E07B68B3F1FF3F0CD019
:10A640007B68002B07D016F08DF902467B69D31A80
:10A650007A689A4201D2032306E0FB689B6903F003
:10A660002003202BE8D0002318461837BD4680BDB4
:10A6700080B483B000AF786039607B685A693B680A
:10A680005B001A437B685A61002318460C37BD46AD
:10A690005DF8047B704780B483B000AF78603960A8
:10A6A0007B681A693B685B011A437B681A61002367
:10A6B00018460C37BD465DF8047B704780B485B002
:10A6C00000AF786039600023FB603B68002B05D148
:10A6D0007B689B6903F00603FB6005E07B689B6970
:10A6E0009B0803F00603FB60FB6818461437BD4661
:10A6F0005DF8047B704700BF80B485B000AF786020
:10A700007B6803F00703FB600C4BDB68BB60BA6837
:10A710004FF6FF031340BB60FB681A02BB6813438C
:10A7200043F0BF6343F40033BB60044ABB68D360AB
:10A7300000BF1437BD465DF8047B704700ED00E0B4
:10A7400080B400AF044BDB681B0A03F00703184614
:10A75000BD465DF8047B704700ED00E080B483B037
:10A7600000AF0346FB7197F90730002B0BDBFB7939
:10A7700003F01F02074997F907305B09012000FA2F
:10A7800002F241F8232000BF0C37BD465DF8047B80
:10A79000704700BF00E100E080B483B000AF034623
:10A7A000FB7197F90730002B12DBFB7903F01F02D6
:10A7B0000A4997F907305B09012000FA02F22033B9
:10A7C00041F82320BFF34F8F00BFBFF36F8F00BF4F
:10A7D00000BF0C37BD465DF8047B704700E100E028
:10A7E00080B483B000AF0346FB7197F90730002BAC
:10A7F0000EDB0B4A97F907305B09403352F82320F0
:10A80000FB7903F01F0322FA03F303F0010300E0D6
:10A81000002318460C37BD465DF8047B704700BF27
:10A8200000E100E080B483B000AF0346FB7197F90C
:10A830000730002B0CDBFB7903F01F02074997F967
:10A8400007305B09012000FA02F2403341F823206F
:10A8500000BF0C37BD465DF8047B704700E100E0A7
:10A8600080B483B000AF0346FB7197F90730002B2B
:10A870000CDBFB7903F01F02074997F907305B09EE
:10A88000012000FA02F2603341F8232000BF0C37A8
:10A89000BD465DF8047B704700E100E080B483B002
:10A8A00000AF0346FB7197F90730002B0EDB0B4A14
:10A8B00097F907305B09803352F82320FB7903F0C6
:10A8C0001F0322FA03F303F0010300E000231846FC
:10A8D0000C37BD465DF8047B704700BF00E100E027
:10A8E00080B483B000AF03463960FB7197F907303D
:10A8F000002B0ADB3B68DAB20C4997F907301201EA
:10A90000D2B20B4483F800230AE03B68DAB208496C
:10A91000FB7903F00F03043B1201D2B20B441A7609
:10A9200000BF0C37BD465DF8047B704700E100E0D6
:10A9300000ED00E080B483B000AF0346FB7197F9EF
:10A940000730002B09DB0D4A97F90730134493F8C1
:10A950000033DBB21B09DBB209E0094AFB7903F0E3
:10A960000F03043B13441B7EDBB21B09DBB218460A
:10A970000C37BD465DF8047B704700BF00E100E086
:10A9800000ED00E080B489B000AFF860B9607A6093
:10A99000FB6803F00703FB61FB69C3F10703042BAA
:10A9A00028BF0423BB61FB690433062B02D9FB6972
:10A9B000033B00E000237B614FF0FF32BB6902FAEA
:10A9C00003F3DA43BB681A407B699A404FF0FF31CA
:10A9D0007B6901FA03F3D9437B680B4013431846A4
:10A9E0002437BD465DF8047B704780B489B000AF62
:10A9F000F860B9607A603B60BB6803F00703FB61F5
:10AA0000FB69C3F10703042B28BF0423BB61FB6967
:10AA10000433062B02D9FB69033B00E000237B6172
:10AA2000FA687B69DA404FF0FF31BB6901FA03F342
:10AA3000DB431A407B681A604FF0FF327B6902FAF1
:10AA400003F3DA43FB681A403B681A6000BF2437FF
:10AA5000BD465DF8047B704780B400AFBFF34F8FF5
:10AA600000BF064BDB6803F4E0620449044B134368
:10AA7000CB60BFF34F8F00BF00BFFDE700ED00E0EC
:10AA80000400FA0580B582B000AF78607B68013BB6
:10AA9000B3F1807F01D301230FE00A4A7B68013BB9
:10AAA00053600F214FF0FF30FFF71AFF054B0022D4
:10AAB0009A60044B07221A60002318460837BD46E7
:10AAC00080BD00BF10E000E080B582B000AF7860CC
:10AAD0007868FFF711FE00BF0837BD4680BD80B51E
:10AAE00086B000AF0346B9607A60FB7300237B61D8
:10AAF000FFF726FE78617A68B9687869FFF742FF48
:10AB0000024697F90F3011461846FFF7E9FE00BFDD
:10AB10001837BD4680BD80B582B000AF0346FB71DB
:10AB200097F907301846FFF719FE00BF0837BD46F2
:10AB300080BD80B582B000AF0346FB7197F9073046
:10AB40001846FFF729FE00BF0837BD4680BD80B517
:10AB500000AFFFF781FF80B582B000AF7860786802
:10AB6000FFF790FF034618460837BD4680BD80B406
:10AB700000AFBFF35F8F00BF064B5B6A054A23F44B
:10AB800080335362044B00225A6000BFBD465DF81B
:10AB9000047B704700ED00E090ED00E080B483B0EE
:10ABA00000AF78600B4A7B6843F0010353600A4BA7
:10ABB0005B6A094A43F480335362BFF34F8F00BF8F
:10ABC000BFF36F8F00BF00BF0C37BD465DF8047B3D
:10ABD000704700BF90ED00E000ED00E080B483B06E
:10ABE00000AF78607B685A781D4B9A607B681B7851
:10ABF000002B29D01A4A7B685B68D3607B681B7B7B
:10AC00001A077B68DB7A1B061A437B689B7ADB0496
:10AC10001A437B685B7B9B041A437B689B7B5B04CA
:10AC20001A437B68DB7B1B041A437B685B7A1B023D
:10AC30001A437B681B7A5B0013437A6812781146CB
:10AC4000074A0B43136105E0054B0022DA60044B11
:10AC500000221A6100BF0C37BD465DF8047B7047C7
:10AC600090ED00E080B500AFFFF76AFD034618469F
:10AC700080BD80B584B000AFB9607A603B600346A8
:10AC8000FB7397F90F301846FFF754FE3B687A685C
:10AC9000B968FFF7AAFE00BF1037BD4680BD80B57A
:10ACA00082B000AF0346FB7197F907301846FFF7F3
:10ACB000B9FD00BF0837BD4680BD80B582B000AF8A
:10ACC0000346FB7197F907301846FFF789FD0346E5
:10ACD00018460837BD4680BD80B582B000AF034638
:10ACE000FB7197F907301846FFF7BAFD00BF083728
:10ACF000BD4680BD80B582B000AF0346FB7197F9B9
:10AD000007301846FFF7CAFD034618460837BD4608
:10AD100080BD80B483B000AF78607B68042B06D11F
:10AD2000094B1B68084A43F00403136005E0064B17
:10AD30001B68054A23F00403136000BF0C37BD46AF
:10AD40005DF8047B704700BF10E000E080B500AF05
:10AD500000F002F800BF80BD80B400AF00BFBD4668
:10AD60005DF8047B704700BF80B584B000AF7860A9
:10AD70007B68002B01D101232BE17B6893F83D30E8
:10AD8000DBB2002B06D17B68002283F83C20786878
:10AD900000F05DF97B68242283F83D207B681B6806
:10ADA0001A687B681B6822F001021A607B681B68C6
:10ADB0001A687B681B6842F400421A607B681B6853
:10ADC0001A687B681B6822F400421A6015F0A4FB25
:10ADD000F8607B685B68814A934207D8FB68804AC9
:10ADE000934294BF01230023DBB206E0FB687D4A57
:10ADF000934294BF01230023DBB2002B01D0012337
:10AE0000E7E0FB68784AA2FB03239B0CBB607B68EE
:10AE10001B685B6823F03F017B681B68BA680A43C4
:10AE20005A607B681B681B6A23F03F017B685B6884
:10AE30006A4A934202D8BB68013309E0BB684FF409
:10AE4000967202FB03F3694AA2FB03239B090133B9
:10AE50007A6812680B4313627B681B68DB6923F412
:10AE60004F4222F0FF027B685B685C498B4219D835
:10AE7000FB68591E7B685B685B00B1FBF3F3591CF0
:10AE800040F6FC730B40002B0AD0FB68591E7B6810
:10AE90005B685B00B1FBF3F30133C3F30B0351E0D9
:10AEA00004234FE07B689B68002B11D1FB68581E80
:10AEB0007B6859680B465B000B44B0FBF3F301332E
:10AEC000C3F30B03002B0CBF01230023DBB212E002
:10AED000FB68581E7B6859680B469B000B44990021
:10AEE0000B44B0FBF3F30133C3F30B03002B0CBF94
:10AEF00001230023DBB2002B01D0012322E07B6879
:10AF00009B68002B0ED1FB68581E7B6859680B4666
:10AF10005B000B44B0FBF3F30133C3F30B0343F4C7
:10AF200000430FE0FB68581E7B6859680B469B0086
:10AF30000B4499000B44B0FBF3F30133C3F30B0351
:10AF400043F44043796809681343CB617B681B680D
:10AF50001B6823F0C0017B68DA697B681B6A1A43AF
:10AF60007B681B680A431A607B681B689B6823F434
:10AF7000034323F0FF037A6811697A68D2681143AA
:10AF80007A6812680B4393607B681B68DB6823F068
:10AF9000FF017B685A697B689B691A437B681B6861
:10AFA0000A43DA607B681B681A687B681B6842F09A
:10AFB00001021A607B6800221A647B68202283F8F1
:10AFC0003D207B6800221A637B68002283F83E20C4
:10AFD000002318461037BD4680BD00BFA086010083
:10AFE0007F841E00FF083D0083DE1B43D34D6210AB
:10AFF00080B582B000AF78607B68002B01D101235F
:10B0000021E07B68242283F83D207B681B681A6856
:10B010007B681B6822F001021A60786800F021F852
:10B020007B6800221A647B68002283F83D207B68DD
:10B0300000221A637B68002283F83E207B6800228E
:10B0400083F83C20002318460837BD4680BD80B4F5
:10B0500083B000AF786000BF0C37BD465DF8047B5D
:10B06000704780B483B000AF786000BF0C37BD4636
:10B070005DF8047B704780B588B002AFF8607A60F5
:10B080001A460B467B8113463B8115F06BFC7861B9
:10B09000FB6893F83D30DBB2202B40F0E0807B6909
:10B0A0000093192301227049F86805F097FD0346C3
:10B0B000002B01D00223D3E0FB6893F83C30012B36
:10B0C00001D10223CCE0FB68012283F83C20FB681D
:10B0D0001B681B6803F00103012B07D0FB681B688A
:10B0E0001A68FB681B6842F001021A60FB681B6863
:10B0F0001A68FB681B6822F400621A60FB68212250
:10B1000083F83D20FB68102283F83E20FB68002274
:10B110001A64FB687A685A62FB683A895A85FB6848
:10B120005B8D9AB2FB681A85FB68504ADA627989AE
:10B130007B693A6AF86805F0C9F80346002B01D02C
:10B1400001238DE000233B61FB681B685B693B6169
:10B15000FB681B689B693B613B6966E07A69396AF9
:10B16000F86805F011FE0346002B0DD0FB681B6C40
:10B17000042B07D1FB681B681A68FB681B6842F444
:10B1800000721A6001236BE0FB685B6A1A78FB6847
:10B190001B681A61FB685B6A5A1CFB685A62FB6891
:10B1A0005B8D9BB2013B9AB2FB685A85FB681B8D95
:10B1B000013B9AB2FB681A85FB681B685B6903F068
:10B1C0000403042B1BD1FB681B8D002B17D0FB68DD
:10B1D0005B6A1A78FB681B681A61FB685B6A5A1C19
:10B1E000FB685A62FB685B8D9BB2013B9AB2FB68BD
:10B1F0005A85FB681B8D013B9AB2FB681A857A69F8
:10B20000396AF86805F001FE0346002B0DD0FB6893
:10B210001B6C042B07D1FB681B681A68FB681B6852
:10B2200042F400721A6001231AE0FB681B8D002BA8
:10B2300094D1FB681B681A68FB681B6842F40072B3
:10B240001A60FB68202283F83D20FB68002283F807
:10B250003E20FB68002283F83C20002300E002230C
:10B2600018461837BD4680BD020010000000FFFFE1
:10B2700080B58CB002AFF8607A601A460B467B81CD
:10B2800013463B8115F06EFB7862FB6893F83D3006
:10B29000DBB2202B40F00B827B6A00931923012242
:10B2A0007C49F86805F09AFC0346002B01D0022384
:10B2B000FEE1FB6893F83C30012B01D10223F7E15A
:10B2C000FB68012283F83C20FB681B681B6803F0C5
:10B2D0000103012B07D0FB681B681A68FB681B6819
:10B2E00042F001021A60FB681B681A68FB681B6861
:10B2F00022F400621A60FB68222283F83D20FB687A
:10B30000102283F83E20FB6800221A64FB687A68EA
:10B310005A62FB683A895A85FB685B8D9AB2FB6872
:10B320001A85FB685C4ADA6279897B6A3A6BF8684D
:10B3300005F04EF80346002B01D00123B8E1FB686D
:10B340001B8D002B13D100233B62FB681B685B69DC
:10B350003B62FB681B689B693B623B6AFB681B683E
:10B360001A68FB681B6842F400721A608CE1FB6883
:10B370001B8D012B1BD1FB681B681A68FB681B68BF
:10B3800022F480621A600023FB61FB681B685B6922
:10B39000FB61FB681B689B69FB61FB69FB681B68C1
:10B3A0001A68FB681B6842F400721A606CE1FB6863
:10B3B0001B8D022B1BD1FB681B681A68FB681B687E
:10B3C00022F480621A60FB681B681A68FB681B68BD
:10B3D00042F400621A600023BB61FB681B685B6972
:10B3E000BB61FB681B689B69BB61BB694CE1FB6887
:10B3F0001B681A68FB681B6842F480621A600023AD
:10B400007B61FB681B685B697B61FB681B689B69F0
:10B410007B617B6938E1FB681B8D032B00F2F180B7
:10B42000FB681B8D012B23D17A6A396BF86805F014
:10B430009DFD0346002B01D0012339E1FB681B6809
:10B440001A69FB685B6AD2B21A70FB685B6A5A1CA5
:10B45000FB685A62FB681B8D013B9AB2FB681A8538
:10B46000FB685B8D9BB2013B9AB2FB685A850BE18E
:10B47000FB681B8D022B4ED17B6A00933B6B002235
:10B480000649F86805F0AAFB0346002B08D0012303
:10B490000EE100BF020010000000FFFF04000100E9
:10B4A000FB681B681A68FB681B6842F400721A602C
:10B4B000FB681B681A69FB685B6AD2B21A70FB688A
:10B4C0005B6A5A1CFB685A62FB681B8D013B9AB28F
:10B4D000FB681A85FB685B8D9BB2013B9AB2FB68E7
:10B4E0005A85FB681B681A69FB685B6AD2B21A70DE
:10B4F000FB685B6A5A1CFB685A62FB681B8D013B48
:10B500009AB2FB681A85FB685B8D9BB2013B9AB2CD
:10B51000FB685A85B8E07B6A00933B6B0022664962
:10B52000F86805F05BFB0346002B01D00123BFE068
:10B53000FB681B681A68FB681B6822F480621A604B
:10B54000FB681B681A69FB685B6AD2B21A70FB68F9
:10B550005B6A5A1CFB685A62FB681B8D013B9AB2FE
:10B56000FB681A85FB685B8D9BB2013B9AB2FB6856
:10B570005A857B6A00933B6B00224F49F86805F0BF
:10B580002DFB0346002B01D0012391E0FB681B68D3
:10B590001A68FB681B6842F400721A60FB681B683B
:10B5A0001A69FB685B6AD2B21A70FB685B6A5A1C44
:10B5B000FB685A62FB681B8D013B9AB2FB681A85D7
:10B5C000FB685B8D9BB2013B9AB2FB685A85FB68B6
:10B5D0001B681A69FB685B6AD2B21A70FB685B6A07
:10B5E0005A1CFB685A62FB681B8D013B9AB2FB68D0
:10B5F0001A85FB685B8D9BB2013B9AB2FB685A854A
:10B6000042E07A6A396BF86805F0B0FC0346002B1B
:10B6100001D001234CE0FB681B681A69FB685B6A78
:10B62000D2B21A70FB685B6A5A1CFB685A62FB68EC
:10B630001B8D013B9AB2FB681A85FB685B8D9BB240
:10B64000013B9AB2FB685A85FB681B685B6903F093
:10B650000403042B18D1FB681B681A69FB685B6A3A
:10B66000D2B21A70FB685B6A5A1CFB685A62FB68AC
:10B670001B8D013B9AB2FB681A85FB685B8D9BB200
:10B68000013B9AB2FB685A85FB681B8D002B7FF447
:10B69000C2AEFB68202283F83D20FB68002283F8BD
:10B6A0003E20FB68002283F83C20002300E00223B8
:10B6B00018462837BD4680BD0400010080B58AB019
:10B6C00002AFF860B9603B601346FB8015F04AF9A1
:10B6D000F861FB6893F83D30DBB2202B40F0FB8033
:10B6E000BB68002B02D0FB88002B01D10123F3E0C3
:10B6F000FB6893F83C30012B01D10223ECE0FB689E
:10B70000012283F83C20FB681B681B6803F00103DF
:10B71000012B07D0FB681B681A68FB681B6842F0A6
:10B7200001021A60FB681B681A68FB681B6822F438
:10B7300000621A60FB68212283F83D20FB6820220A
:10B7400083F83E20FB6800221A64FB68BA685A62DC
:10B75000FB68FA885A85FB685B8D9AB2FB681A858C
:10B76000FB685F4ADA62FB681B681A68FB681B6843
:10B7700042F480621A60FB6900933B6800225949D9
:10B78000F86805F02BFA0346002B01D00123A3E053
:10B790000023BB61FB681B685B69BB61FB681B68BE
:10B7A0009B69BB61BB69FB681B69B3F5404F65D101
:10B7B000FB6900933B6800224A49F86805F00EFADD
:10B7C0000346002B01D0012386E000237B61FB6848
:10B7D0001B685B697B61FB681B689B697B617B699C
:10B7E0004CE0FA693968F86805F0CEFA0346002B98
:10B7F00009D0FB681B681A68FB681B6822F480622A
:10B800001A60012368E0FB685B6A1A78FB681B68B2
:10B810001A61FB685B6A5A1CFB685A62FB685B8DA5
:10B820009BB2013B9AB2FB685A85FB681B8D013BBA
:10B830009AB2FB681A85FB681B685B6903F0040316
:10B84000042B1BD1FB681B8D002B17D0FB685B6A98
:10B850001A78FB681B681A61FB685B6A5A1CFB68F4
:10B860005A62FB685B8D9BB2013B9AB2FB685A85BA
:10B87000FB681B8D013B9AB2FB681A85FB681B8D28
:10B88000002BAED1FB6900933B6800224FF482315C
:10B89000F86805F0A3F90346002B01D001231BE053
:10B8A000FB681B686FF480625A61FB681B681A684A
:10B8B000FB681B6822F480621A60FB68202283F810
:10B8C0003D20FB68002283F83E20FB68002283F8BD
:10B8D0003C20002300E0022318462037BD4680BDEF
:10B8E0000000FFFF0200010080B58AB002AFF860DF
:10B8F000B9603B601346FB8015F034F8F861FB68D3
:10B9000093F83D30DBB2202B40F0EE80BB68002B7B
:10B9100002D0FB88002B01D10123E6E0FB6893F8FD
:10B920003C30012B01D10223DFE0FB68012283F8C8
:10B930003C20FB681B681B6803F00103012B07D048
:10B94000FB681B681A68FB681B6842F001021A60FA
:10B95000FB681B681A68FB681B6822F400621A60A7
:10B96000FB68222283F83D20FB68202283F83E20DA
:10B97000FB6800221A64FB68BA685A62FB68FA889E
:10B980005A85FB685B8D9AB2FB681A85FB68594A39
:10B99000DA62FB681B681A68FB681B6842F4806205
:10B9A0001A60FB6900933B6800225349F86805F070
:10B9B00015F90346002B01D0012396E00023BB615B
:10B9C000FB681B685B69BB61FB681B689B69BB61AB
:10B9D000BB694EE0FA693968F86805F0C7FA0346B2
:10B9E000002B09D0FB681B681A68FB681B6822F4EF
:10B9F00080621A60012378E0FB681B681A69FB68A3
:10BA00005B6AD2B21A70FB685B6A5A1CFB685A62A6
:10BA1000FB681B8D013B9AB2FB681A85FB685B8D46
:10BA20009BB2013B9AB2FB685A85FB681B685B6955
:10BA300003F00403042B1CD1FB681B8D002B18D0D2
:10BA4000FB681B681A69FB685B6AD2B21A70FB68F4
:10BA50005B6A5A1CFB685A62FB681B8D013B9AB2F9
:10BA6000FB681A85FB685B8D9BB2013B9AB2FB6851
:10BA70005A85FB681B8D002BACD1FA693968F868D0
:10BA800005F004FA0346002B09D0FB681B681A680E
:10BA9000FB681B6822F480621A60012325E0002302
:10BAA0007B61FB681B685B697B61FB681B681A68CC
:10BAB000FB681B6842F001021A607B69FB681B6827
:10BAC0001A68FB681B6822F480621A60FB682022F7
:10BAD00083F83D20FB68002283F83E20FB680022AB
:10BAE00083F83C20002300E0022318462037BD469F
:10BAF00080BD00BF0000FFFF0200010080B487B0DE
:10BB000000AFF8607A601A460B467B8113463B8192
:10BB100000237B61FB6893F83D30DBB2202B40F0C3
:10BB20008580464B1B68DB08454AA2FB03231A0AA3
:10BB300013469B0013449A0013447B617B69013BCD
:10BB40007B617B69002B16D1FB6800221A63FB68BE
:10BB5000202283F83D20FB68002283F83E20FB680A
:10BB60001B6C43F02002FB681A64FB68002283F818
:10BB70003C2001235BE0FB681B689B6903F0020328
:10BB8000022BDBD0FB6893F83C30012B01D1022360
:10BB90004DE0FB68012283F83C20FB681B681B68B2
:10BBA00003F00103012B07D0FB681B681A68FB68D0
:10BBB0001B6842F001021A60FB681B681A68FB6888
:10BBC0001B6822F400621A60FB68212283F83D2082
:10BBD000FB68102283F83E20FB6800221A64FB6891
:10BBE0007A685A62FB683A895A85FB685B8D9AB21B
:10BBF000FB681A85FB68134ADA627A89FB685A6423
:10BC0000FB68002283F83C20FB681B685A68FB68CD
:10BC10001B6842F4E0625A60FB681B681A68FB68A4
:10BC20001B6842F480721A60002300E00223184669
:10BC30001C37BD465DF8047B704700BF4400002000
:10BC400089B5F8140000FFFF80B487B000AFF8603A
:10BC50007A601A460B467B8113463B8100237B6149
:10BC6000FB6893F83D30DBB2202B40F08D804A4BCF
:10BC70001B68DB08494AA2FB03231A0A13469B00F0
:10BC800013449A0013447B617B69013B7B617B69B0
:10BC9000002B16D1FB6800221A63FB68202283F870
:10BCA0003D20FB68002283F83E20FB681B6C43F0BC
:10BCB0002002FB681A64FB68002283F83C20012301
:10BCC00063E0FB681B689B6903F00203022BDBD077
:10BCD000FB6893F83C30012B01D1022355E0FB684F
:10BCE000012283F83C20FB681B681B6803F00103FA
:10BCF000012B07D0FB681B681A68FB681B6842F0C1
:10BD000001021A60FB681B681A68FB681B6822F452
:10BD100000621A60FB68222283F83D20FB68102233
:10BD200083F83E20FB6800221A64FB687A685A6236
:10BD3000FB683A895A85FB685B8D9AB2FB681A8565
:10BD4000FB68174ADA627A89FB685A64FB6800224A
:10BD500083F83C20FB681B685A68FB681B6842F448
:10BD6000E0625A60FB681B681A68FB681B6842F453
:10BD700080621A60FB681B681A68FB681B6842F4E3
:10BD800080721A60002300E0022318461C37BD466B
:10BD90005DF8047B704700BF4400002089B5F814AB
:10BDA0000000FFFF80B485B000AFF860B9601346B3
:10BDB000FB80FB6893F83D30DBB2202B58D1BB6889
:10BDC000002B02D0FB88002B01D1012351E0FB683E
:10BDD00093F83C30012B01D102234AE0FB68012299
:10BDE00083F83C20FB681B681B6803F00103012BF0
:10BDF00007D0FB681B681A68FB681B6842F00102E9
:10BE00001A60FB681B681A68FB681B6822F40062F2
:10BE10001A60FB68212283F83D20FB68202283F80A
:10BE20003E20FB6800221A64FB68BA685A62FB680D
:10BE3000FA885A85FB685B8D9AB2FB681A85FB68A5
:10BE40000F4ADA62FB681B681A68FB681B6842F4D9
:10BE500080621A60FB68002283F83C20FB681B6844
:10BE60005A68FB681B6842F4E0625A60002300E0F5
:10BE7000022318461437BD465DF8047B704700BFA7
:10BE80000000FFFF80B485B000AFF860B9601346D2
:10BE9000FB80FB6893F83D30DBB2202B58D1BB68A8
:10BEA000002B02D0FB88002B01D1012351E0FB685D
:10BEB00093F83C30012B01D102234AE0FB680122B8
:10BEC00083F83C20FB681B681B6803F00103012B0F
:10BED00007D0FB681B681A68FB681B6842F0010208
:10BEE0001A60FB681B681A68FB681B6822F4006212
:10BEF0001A60FB68222283F83D20FB68202283F829
:10BF00003E20FB6800221A64FB68BA685A62FB682C
:10BF1000FA885A85FB685B8D9AB2FB681A85FB68C4
:10BF20000F4ADA62FB681B681A68FB681B6842F4F8
:10BF300080621A60FB68002283F83C20FB681B6863
:10BF40005A68FB681B6842F4E0625A60002300E014
:10BF5000022318461437BD465DF8047B704700BFC6
:10BF60000000FFFF80B586B000AFF8607A601A4627
:10BF70000B467B8113463B8100233B61FB6893F8B2
:10BF80003D30DBB2202B40F00D81894B1B68DB0874
:10BF9000884AA2FB03231A0A13469B0013449A0003
:10BFA00013443B613B69013B3B613B69002B16D16C
:10BFB000FB6800221A63FB68202283F83D20FB689F
:10BFC000002283F83E20FB681B6C43F02002FB68D4
:10BFD0001A64FB68002283F83C200123E3E0FB683D
:10BFE0001B689B6903F00203022BDBD0FB6893F80C
:10BFF0003C30012B01D10223D5E0FB68012283F8FC
:10C000003C20FB681B681B6803F00103012B07D071
:10C01000FB681B681A68FB681B6842F001021A6023
:10C02000FB681B681A68FB681B6822F400621A60D0
:10C03000FB68212283F83D20FB68102283F83E2014
:10C04000FB6800221A64FB687A685A62FB683A89C6
:10C050005A85FB685B8D9AB2FB681A85FB68564A65
:10C06000DA627A89FB685A64FB681B8D002B7BD0EF
:10C07000FB685B6B002B2AD0FB685B6B4F4ADA6373
:10C08000FB685B6B4E4ADA64FB685B6B00221A64E8
:10C09000FB685B6B00225A64FB685B6B00229A644E
:10C0A000FB685B6B00221A65FB68586BFB685B6A78
:10C0B0001946FB681B6810331A46FB681B8D0BF092
:10C0C00040FE0346FB75FB7D002B39D113E0FB6876
:10C0D000202283F83D20FB68002283F83E20FB6885
:10C0E0001B6C43F08002FB681A64FB68002283F833
:10C0F0003C20012357E0FB68002283F83C20FB68CA
:10C100001B685A68FB681B6842F440725A60FB68FF
:10C110001B685A68FB681B6842F400625A60FB683F
:10C120001B681A68FB681B6842F480621A60FB682F
:10C130001B681A68FB681B6842F480721A602FE063
:10C14000FB68202283F83D20FB68002283F83E2014
:10C15000FB681B6C43F01002FB681A64FB6800224A
:10C1600083F83C2001231EE0FB681B681A68FB680B
:10C170001B6842F480621A60FB681B681A68FB68DF
:10C180001B6842F480721A60FB68002283F83C202E
:10C19000FB681B685A68FB681B6842F4E0625A60DF
:10C1A000002300E0022318461837BD4680BD00BFBB
:10C1B0004400002089B5F8140000FFFF6908010859
:10C1C000130A010880B586B000AFF8607A601A469D
:10C1D0000B467B8113463B8100233B61FB6893F850
:10C1E0003D30DBB2202B40F00D81894B1B68DB0812
:10C1F000884AA2FB03231A0A13469B0013449A00A1
:10C2000013443B613B69013B3B613B69002B16D109
:10C21000FB6800221A63FB68202283F83D20FB683C
:10C22000002283F83E20FB681B6C43F02002FB6871
:10C230001A64FB68002283F83C200123E3E0FB68DA
:10C240001B689B6903F00203022BDBD0FB6893F8A9
:10C250003C30012B01D10223D5E0FB68012283F899
:10C260003C20FB681B681B6803F00103012B07D00F
:10C27000FB681B681A68FB681B6842F001021A60C1
:10C28000FB681B681A68FB681B6822F400621A606E
:10C29000FB68222283F83D20FB68102283F83E20B1
:10C2A000FB6800221A64FB687A685A62FB683A8964
:10C2B0005A85FB685B8D9AB2FB681A85FB68564A03
:10C2C000DA627A89FB685A64FB681B8D002B7BD08D
:10C2D000FB689B6B002B2AD0FB689B6B4F4ADA6391
:10C2E000FB689B6B4E4ADA64FB689B6B00221A6406
:10C2F000FB689B6B00225A64FB689B6B00229A646C
:10C30000FB689B6B00221A65FB68986BFB681B68D7
:10C3100010331946FB685B6A1A46FB681B8D0BF0ED
:10C3200010FD0346FB75FB7D002B39D113E0FB6844
:10C33000202283F83D20FB68002283F83E20FB6822
:10C340001B6C43F08002FB681A64FB68002283F8D0
:10C350003C20012357E0FB681B681A68FB681B68D8
:10C3600042F480621A60FB681B681A68FB681B68ED
:10C3700042F480721A60FB68002283F83C20FB685C
:10C380001B685A68FB681B6842F440725A60FB687D
:10C390001B685A68FB681B6842F400625A602FE011
:10C3A000FB68202283F83D20FB68002283F83E20B2
:10C3B000FB681B6C43F01002FB681A64FB680022E8
:10C3C00083F83C2001231EE0FB68002283F83C2018
:10C3D000FB681B685A68FB681B6842F4E0625A609D
:10C3E000FB681B681A68FB681B6842F480621A606D
:10C3F000FB681B681A68FB681B6842F480721A604D
:10C40000002300E0022318461837BD4680BD00BF58
:10C410004400002089B5F8140000FFFF69080108F6
:10C42000130A010880B586B000AFF860B960134602
:10C43000FB80FB6893F83D30DBB2202B40F0B880E6
:10C44000BB68002B02D0FB88002B01D10123B0E098
:10C45000FB6893F83C30012B01D10223A9E0FB6873
:10C46000012283F83C20FB681B681B6803F0010372
:10C47000012B07D0FB681B681A68FB681B6842F039
:10C4800001021A60FB681B681A68FB681B6822F4CB
:10C4900000621A60FB68212283F83D20FB6820229D
:10C4A00083F83E20FB6800221A64FB68BA685A626F
:10C4B000FB68FA885A85FB685B8D9AB2FB681A851F
:10C4C000FB683E4ADA62FB685B6B002B2AD0FB6894
:10C4D0005B6B3B4ADA63FB685B6B3A4ADA64FB6886
:10C4E0005B6B00221A64FB685B6B00225A64FB687A
:10C4F0005B6B00229A64FB685B6B00221A65FB6829
:10C50000586BFB685B6A1946FB681B6810331A4658
:10C51000FB681B8D0BF015FC0346FB75FB7D002BA8
:10C5200032D113E0FB68282283F83D20FB6800220B
:10C5300083F83E20FB681B6C43F08002FB681A64A2
:10C54000FB68002283F83C20012332E0FB681B6873
:10C550001A68FB681B6842F480621A60FB6800225C
:10C5600083F83C20FB681B685A68FB681B6842F430
:10C5700040725A60FB681B685A68FB681B6842F48B
:10C5800000625A60002314E0FB68202283F83D20FB
:10C59000FB68002283F83E20FB681B6C43F010020E
:10C5A000FB681A64FB68002283F83C20012300E04A
:10C5B000022318461837BD4680BD00BF0000FFFFAC
:10C5C00069080108130A010880B586B000AFF86059
:10C5D000B9601346FB80FB6893F83D30DBB2202B3B
:10C5E00040F0B880BB68002B02D0FB88002B01D143
:10C5F0000123B0E0FB6893F83C30012B01D102230A
:10C60000A9E0FB68012283F83C20FB681B681B68DB
:10C6100003F00103012B07D0FB681B681A68FB6855
:10C620001B6842F001021A60FB681B681A68FB680D
:10C630001B6822F400621A60FB68222283F83D2006
:10C64000FB68202283F83E20FB6800221A64FB6806
:10C65000BA685A62FB68FA885A85FB685B8D9AB2A1
:10C66000FB681A85FB683E4ADA62FB689B6B002B0D
:10C670002AD0FB689B6B3B4ADA63FB689B6B3A4AA8
:10C68000DA64FB689B6B00221A64FB689B6B0022D8
:10C690005A64FB689B6B00229A64FB689B6B0022C8
:10C6A0001A65FB68986BFB681B6810331946FB68BA
:10C6B0005B6A1A46FB681B8D0BF043FB0346FB7558
:10C6C000FB7D002B32D113E0FB68282283F83D204C
:10C6D000FB68002283F83E20FB681B6C43F080025D
:10C6E000FB681A64FB68002283F83C20012332E0D7
:10C6F000FB681B681A68FB681B6842F480621A605A
:10C70000FB68002283F83C20FB681B685A68FB68C2
:10C710001B6842F440725A60FB681B685A68FB68E9
:10C720001B6842F400625A60002314E0FB68202278
:10C7300083F83D20FB68002283F83E20FB681B6CD9
:10C7400043F01002FB681A64FB68002283F83C2067
:10C75000012300E0022318461837BD4680BD00BF04
:10C760000000FFFF69080108130A010880B588B0BE
:10C7700002AFF860084611461A4603467B810B4615
:10C780003B811346FB8014F0EDF87861FB6893F869
:10C790003D30DBB2202B40F0D9807B690093192318
:10C7A00001226D49F86804F019FA0346002B01D004
:10C7B0000223CCE0FB6893F83C30012B01D102232B
:10C7C000C5E0FB68012283F83C20FB681B681B68FE
:10C7D00003F00103012B07D0FB681B681A68FB6894
:10C7E0001B6842F001021A60FB681B681A68FB684C
:10C7F0001B6822F400621A60FB68212283F83D2046
:10C80000FB68402283F83E20FB6800221A64FB6824
:10C810003A6A5A62FB68BA8C5A85FB685B8D9AB299
:10C82000FB681A85FB684D4ADA62F8883A8979898B
:10C830007B690193BB6A00930346F86803F096FE98
:10C840000346002B52D0012381E07A69B96AF86867
:10C8500004F09AFA0346002B0DD0FB681B6C042BE6
:10C8600007D1FB681B681A68FB681B6842F40072FA
:10C870001A6001236BE0FB685B6A1A78FB681B682F
:10C880001A61FB685B6A5A1CFB685A62FB681B8D65
:10C89000013B9AB2FB681A85FB685B8D9BB2013B3A
:10C8A0009AB2FB685A85FB681B685B6903F0040356
:10C8B000042B1BD1FB681B8D002B17D0FB685B6A18
:10C8C0001A78FB681B681A61FB685B6A5A1CFB6874
:10C8D0005A62FB681B8D013B9AB2FB681A85FB68A4
:10C8E0005B8D9BB2013B9AB2FB685A85FB681B8D3E
:10C8F000002BAAD17A69B96AF86804F086FA03466F
:10C90000002B0DD0FB681B6C042B07D1FB681B6848
:10C910001A68FB681B6842F400721A60012316E073
:10C92000FB681B681A68FB681B6842F400721A6097
:10C93000FB68202283F83D20FB68002283F83E201C
:10C94000FB68002283F83C20002300E00223184605
:10C950001837BD4680BD00BF020010000000FFFF79
:10C9600080B58CB002AFF860084611461A460346FF
:10C970007B810B463B811346FB8013F0F3FF78620B
:10C98000FB6893F83D30DBB2202B40F008827B6AD5
:10C990000093192301227B49F86804F01FF903462C
:10C9A000002B01D00223FBE1FB6893F83C30012B04
:10C9B00001D10223F4E1FB68012283F83C20FB68EB
:10C9C0001B681B6803F00103012B07D0FB681B6881
:10C9D0001A68FB681B6842F001021A60FB681B685A
:10C9E0001A68FB681B6822F400621A60FB68222246
:10C9F00083F83D20FB68402283F83E20FB6800223C
:10CA00001A64FB683A6B5A62FB68BA8E5A85FB68F7
:10CA10005B8D9AB2FB681A85FB685B4ADA62F8881C
:10CA20003A8979897B6A0193BB6B00930346F86866
:10CA300003F032FE0346002B01D00123B0E1FB6876
:10CA40001B8D002B13D100233B62FB681B685B69C5
:10CA50003B62FB681B689B693B623B6AFB681B6827
:10CA60001A68FB681B6842F400721A6084E1FB6874
:10CA70001B8D012B1BD1FB681B681A68FB681B68A8
:10CA800022F480621A600023FB61FB681B685B690B
:10CA9000FB61FB681B689B69FB61FB69FB681B68AA
:10CAA0001A68FB681B6842F400721A6064E1FB6854
:10CAB0001B8D022B1BD1FB681B681A68FB681B6867
:10CAC00022F480621A60FB681B681A68FB681B68A6
:10CAD00042F400621A600023BB61FB681B685B695B
:10CAE000BB61FB681B689B69BB61BB6944E10023B8
:10CAF0007B61FB681B685B697B61FB681B689B69EA
:10CB00007B617B6938E1FB681B8D032B00F2F180B0
:10CB1000FB681B8D012B23D17A6AB96BF86804F08E
:10CB200025FA0346002B01D0012339E1FB681B687D
:10CB30001A69FB685B6AD2B21A70FB685B6A5A1C9E
:10CB4000FB685A62FB681B8D013B9AB2FB681A8531
:10CB5000FB685B8D9BB2013B9AB2FB685A850BE187
:10CB6000FB681B8D022B4ED17B6A0093BB6B0022AE
:10CB70000649F86804F032F80346002B08D0012378
:10CB80000EE100BF020010000000FFFF04000100E2
:10CB9000FB681B681A68FB681B6842F400721A6025
:10CBA000FB681B681A69FB685B6AD2B21A70FB6883
:10CBB0005B6A5A1CFB685A62FB681B8D013B9AB288
:10CBC000FB681A85FB685B8D9BB2013B9AB2FB68E0
:10CBD0005A85FB681B681A69FB685B6AD2B21A70D7
:10CBE000FB685B6A5A1CFB685A62FB681B8D013B41
:10CBF0009AB2FB681A85FB685B8D9BB2013B9AB2C7
:10CC0000FB685A85B8E07B6A0093BB6B00226649DB
:10CC1000F86803F0E3FF0346002B01D00123BFE0D7
:10CC2000FB681B681A68FB681B6822F480621A6044
:10CC3000FB681B681A69FB685B6AD2B21A70FB68F2
:10CC40005B6A5A1CFB685A62FB681B8D013B9AB2F7
:10CC5000FB681A85FB685B8D9BB2013B9AB2FB684F
:10CC60005A857B6A0093BB6B00224F49F86803F03A
:10CC7000B5FF0346002B01D0012391E0FB681B6840
:10CC80001A68FB681B6842F400721A60FB681B6834
:10CC90001A69FB685B6AD2B21A70FB685B6A5A1C3D
:10CCA000FB685A62FB681B8D013B9AB2FB681A85D0
:10CCB000FB685B8D9BB2013B9AB2FB685A85FB68AF
:10CCC0001B681A69FB685B6AD2B21A70FB685B6A00
:10CCD0005A1CFB685A62FB681B8D013B9AB2FB68C9
:10CCE0001A85FB685B8D9BB2013B9AB2FB685A8543
:10CCF00042E07A6AB96BF86804F038F90346002B11
:10CD000001D001234CE0FB681B681A69FB685B6A71
:10CD1000D2B21A70FB685B6A5A1CFB685A62FB68E5
:10CD20001B8D013B9AB2FB681A85FB685B8D9BB239
:10CD3000013B9AB2FB685A85FB681B685B6903F08C
:10CD40000403042B18D1FB681B681A69FB685B6A33
:10CD5000D2B21A70FB685B6A5A1CFB685A62FB68A5
:10CD60001B8D013B9AB2FB681A85FB685B8D9BB2F9
:10CD7000013B9AB2FB685A85FB681B8D002B7FF440
:10CD8000C2AEFB68202283F83D20FB68002283F8B6
:10CD90003E20FB68002283F83C20002300E00223B1
:10CDA00018462837BD4680BD0400010080B487B016
:10CDB00000AFF860084611461A4603467B810B46D1
:10CDC0003B811346FB8000237B61FB6893F83D3079
:10CDD000DBB2202B40F08E804A4B1B68DB084A4AAE
:10CDE000A2FB03231A0A13469B0013449A00134420
:10CDF0007B617B69013B7B617B69002B16D1FB6802
:10CE000000221A63FB68202283F83D20FB68002281
:10CE100083F83E20FB681B6C43F02002FB681A6419
:10CE2000FB68002283F83C20012364E0FB681B6858
:10CE30009B6903F00203022BDBD0FB6893F83C30C4
:10CE4000012B01D1022356E0FB68012283F83C202C
:10CE5000FB681B681B6803F00103012B07D0FB680C
:10CE60001B681A68FB681B6842F001021A60FB68C5
:10CE70001B681A68FB681B6822F400621A60FB6872
:10CE8000212283F83D20FB68402283F83E20FB6886
:10CE900000221A64FB683A6A5A62FB68BA8C5A85A7
:10CEA000FB685B8D9AB2FB681A85FB68174ADA62E9
:10CEB0007A89FB685A643A89FB689A64FA88FB6845
:10CEC000DA64FB6800221A65FB681B681A68FB6855
:10CED0001B6842F480721A60FB68002283F83C20D1
:10CEE000FB681B685A68FB681B6842F4E0625A6082
:10CEF000002300E0022318461C37BD465DF8047B82
:10CF0000704700BF4400002089B5F8140000FFFFFF
:10CF100080B487B000AFF860084611461A46034651
:10CF20007B810B463B811346FB8000237B61FB68C2
:10CF300093F83D30DBB2202B40F09A80504B1B68B9
:10CF4000DB08504AA2FB03231A0A13469B00134432
:10CF50009A0013447B617B69013B7B617B69002BF9
:10CF600016D1FB6800221A63FB68202283F83D205B
:10CF7000FB68002283F83E20FB681B6C43F0200214
:10CF8000FB681A64FB68002283F83C20012370E0F0
:10CF9000FB681B689B6903F00203022BDBD0FB6874
:10CFA00093F83C30012B01D1022362E0FB6801229F
:10CFB00083F83C20FB681B681B6803F00103012B0E
:10CFC00007D0FB681B681A68FB681B6842F0010207
:10CFD0001A60FB681B681A68FB681B6822F4006211
:10CFE0001A60FB68222283F83D20FB68402283F808
:10CFF0003E20FB6800221A64FB683A6A5A62FB68AA
:10D00000BA8C5A85FB685B8D9AB2FB681A85FB68FF
:10D010001D4ADA627A89FB685A643A89FB689A6425
:10D02000FA88FB68DA64FB6800221A65FB681B68F3
:10D030001A68FB681B6842F480621A60FB681B6810
:10D040001A68FB681B6842F480721A60FB68002251
:10D0500083F83C20FB681B8D002B07D0FB681B6806
:10D060005A68FB681B6842F4E0625A60002300E0E3
:10D07000022318461C37BD465DF8047B704700BF8D
:10D080004400002089B5F8140000FFFF80B58AB085
:10D0900002AFF860084611461A4603467B810B46EC
:10D0A0003B811346FB8000237B6113F05BFCF8613E
:10D0B000FB6893F83D30DBB2202B40F03A819F4B68
:10D0C0001B68DB089E4AA2FB03231A0A13469B0037
:10D0D00013449A0013447B617B69013B7B617B694C
:10D0E000002B16D1FB6800221A63FB68202283F80C
:10D0F0003D20FB68002283F83E20FB681B6C43F058
:10D100002002FB681A64FB68002283F83C2001239C
:10D1100010E1FB681B689B6903F00203022BDBD064
:10D12000FB6893F83C30012B01D1022302E1FB683C
:10D13000012283F83C20FB681B681B6803F0010395
:10D14000012B07D0FB681B681A68FB681B6842F05C
:10D1500001021A60FB681B681A68FB681B6822F4EE
:10D1600000621A60FB68212283F83D20FB684022A0
:10D1700083F83E20FB6800221A64FB68BA6A5A6290
:10D18000FB68BA8D5A85FB685B8D9AB2FB681A857D
:10D19000FB686C4ADA627A89FB685A643A89FB68F0
:10D1A0009A64FA88FB68DA64FB6800221A65FB68F7
:10D1B0001B8D002B00F0A980FB685B6B002B2AD035
:10D1C000FB685B6B604ADA63FB685B6B5F4ADA643F
:10D1D000FB685B6B00221A64FB685B6B00225A647D
:10D1E000FB685B6B00229A64FB685B6B00221A652C
:10D1F000FB68586BFB685B6A1946FB681B68103359
:10D200001A46FB681B8D0AF09CFD0346FB76FB7EED
:10D21000002B66D113E0FB68202283F83D20FB68D9
:10D22000002283F83E20FB681B6C43F08002FB6801
:10D230001A64FB68002283F83C2001237AE0F88816
:10D240003A897989FB690193232300930346F8689F
:10D2500003F08CF90346002B22D0FB685B6B184669
:10D260000AF037FE0346FB76FB685B6B0022DA634D
:10D27000FB681B681A68FB681B6822F480621A60EE
:10D28000FB6800221A85FB6800225A85FB681B6830
:10D290001A68FB681B6822F001021A60012349E04A
:10D2A00000233B61FB681B685B693B61FB681B6893
:10D2B0009B693B613B69FB68002283F83C20FB686B
:10D2C0001B685A68FB681B6842F480725A60FB68EE
:10D2D0001B685A68FB681B6842F400625A600023AE
:10D2E00028E0FB68202283F83D20FB68002283F8B9
:10D2F0003E20FB681B6C43F01002FB681A64FB685D
:10D30000002283F83C20012314E0FB68202283F8EC
:10D310003D20FB68002283F83E20FB681B6C43F035
:10D320004002FB681A64FB68002283F83C2001235A
:10D3300000E0022318462037BD4680BD440000208F
:10D3400089B5F8140000FFFF69080108130A0108F5
:10D3500080B58CB002AFF860084611461A46034605
:10D360007B810B463B811346FB8013F0FBFA78620E
:10D370000023FB61FB6893F83D30DBB2202B40F0CB
:10D380007681954B1B68DB08944AA2FB03231A0A9B
:10D3900013469B0013449A001344FB61FB69013B55
:10D3A000FB61FB69002B16D1FB6800221A63FB6846
:10D3B000202283F83D20FB68002283F83E20FB6892
:10D3C0001B6C43F02002FB681A64FB68002283F8A0
:10D3D0003C2001234CE1FB681B689B6903F00203BE
:10D3E000022BDBD0FB6893F83C30012B01D10223E8
:10D3F0003EE1FB68012283F83C20FB681B681B6848
:10D4000003F00103012B07D0FB681B681A68FB6857
:10D410001B6842F001021A60FB681B681A68FB680F
:10D420001B6822F400621A60FB68222283F83D2008
:10D43000FB68402283F83E20FB6800221A64FB68E8
:10D440003A6B5A62FB68BA8E5A85FB685B8D9AB25A
:10D45000FB681A85FB68624ADA627A89FB685A645B
:10D460003A89FB689A64FA88FB68DA64FB680022F0
:10D470001A65FB681B8D002B00F0CC80FB689B6B52
:10D48000002B2DD0FB689B6B564ADA63FB689B6BC5
:10D49000554ADA64FB689B6B00221A64FB689B6B3D
:10D4A00000225A64FB689B6B00229A64FB689B6BAA
:10D4B00000221A65FB68986BFB681B6810331946DD
:10D4C000FB685B6A1A46FB681B8D0AF03AFC034650
:10D4D00087F8233097F82330002B40F0878013E043
:10D4E000FB68202283F83D20FB68002283F83E2061
:10D4F000FB681B6C43F08002FB681A64FB68002227
:10D5000083F83C200123B3E0F8883A8979897B6A63
:10D510000193232300930346F86803F0BDF8034604
:10D52000002B23D0FB689B6B18460AF0D2FC034605
:10D5300087F82330FB689B6B0022DA63FB681B686B
:10D540001A68FB681B6822F480621A60FB6800227C
:10D550001A85FB6800225A85FB681B681A68FB68FD
:10D560001B6822F001021A60012381E0FB681B8D19
:10D57000012B08D1FB681B681A68FB681B6822F442
:10D5800080621A6007E0FB681B685A68FB681B68CA
:10D5900042F480525A600023BB61FB681B685B69E0
:10D5A000BB61FB681B689B69BB61BB69FB680022B0
:10D5B00083F83C20FB681B685A68FB681B6842F4D0
:10D5C00080725A60FB681B685A68FB681B6842F4EB
:10D5D00000625A6049E000BF4400002089B5F81499
:10D5E0000000FFFF69080108130A0108FB682022F8
:10D5F00083F83D20FB68002283F83E20FB681B6C0B
:10D6000043F01002FB681A64FB68002283F83C2098
:10D6100001232DE0F8883A8979897B6A01932323D5
:10D6200000930346F86803F037F80346002B01D057
:10D6300001231DE000237B61FB681B685B697B6144
:10D64000FB681B689B697B617B69FB681B681A68C8
:10D65000FB681B6842F400721A60FB68202283F8A2
:10D660003D20FB68002283F83C20002300E00223D9
:10D6700018462837BD4680BD80B58AB002AFF86035
:10D680007A603B600B467B8113F06CF9F8610123F3
:10D69000BB61FB6893F83D30DBB2202B40F0118179
:10D6A000FB690093192301228849F86803F096FA70
:10D6B0000346002B01D0022304E1FB6893F83C30C1
:10D6C000012B01D10223FDE0FB68012283F83C20FD
:10D6D000FB681B681B6803F00103012B07D0FB6884
:10D6E0001B681A68FB681B6842F001021A60FB683D
:10D6F0001B681A68FB681B6822F400621A60FB68EA
:10D70000242283F83D20FB6800221A64FB68704ADB
:10D71000DA62FB681B681A68FB681B6842F4807257
:10D720001A60FB6900933B6800224FF00111F86812
:10D7300003F054FA0346002B0DD0FB681B681B68EE
:10D7400003F48073B3F5807F03D1FB684FF400725C
:10D750001A640323B6E07B89DBB21A46FB681B68B8
:10D7600002F0FE021A6113F0FDF8F861FB681B6815
:10D770005B6903F00203022B0CBF01230023DBB221
:10D78000FB75FB681B685B6903F48063B3F5806F0E
:10D790000CBF01230023DBB2BB7525E013F0E2F8D8
:10D7A0000246FB69D31A3A689A4202D33B68002BBF
:10D7B00003D1FB68A02283F83D20FB681B685B69EE
:10D7C00003F00203022B0CBF01230023DBB2FB7525
:10D7D000FB681B685B6903F48063B3F5806F0CBF63
:10D7E00001230023DBB2BB75FB6893F83D30DBB24D
:10D7F000A02B05D0FB7D002B02D1BB7D002BCDD013
:10D80000FB68202283F83D20FB681B685B6903F0FE
:10D810000203022B29D1FB681B681A68FB681B688E
:10D8200042F400721A6000233B61FB681B685B696D
:10D830003B61FB681B689B693B613B69FB6900932B
:10D84000192301222149F86803F0C8F90346002B87
:10D8500001D0012336E0FB68202283F83D20FB68DD
:10D86000002283F83C2000232CE0FB681B681A6828
:10D87000FB681B6842F400721A60FB681B686FF457
:10D8800080625A61FB690093192301220F49F868ED
:10D8900003F0A4F90346002B01D0012312E0BB6979
:10D8A0000133BB61BA697B689A42FFF432AFFB680F
:10D8B000202283F83D20FB68002283F83C200123CE
:10D8C00000E0022318462037BD4680BD020010004C
:10D8D0000000FFFF80B487B000AFF8607A601A469E
:10D8E0000B467B8113463B8100237B6100233B6118
:10D8F000FB6893F83D30DBB2202B40F0A680FB683C
:10D900001B681B6803F40073B3F5007F05D03B6A06
:10D91000082B02D03B6A012B30D14F4B1B68DB0830
:10D920004E4AA2FB03231A0A13469B0013449A0093
:10D9300013443B613B69013B3B613B69002B16D1C2
:10D94000FB6800221A63FB68202283F83D20FB68F5
:10D95000002283F83E20FB681B6C43F02002FB682A
:10D960001A64FB68002283F83C2001236EE0FB6808
:10D970001B689B6903F00203022BDBD0FB6893F862
:10D980003C30012B01D1022360E0FB68012283F8C7
:10D990003C20FB681B681B6803F00103012B07D0C8
:10D9A000FB681B681A68FB681B6842F001021A607A
:10D9B000FB681B681A68FB681B6822F400621A6027
:10D9C000FB68212283F83D20FB68102283F83E206B
:10D9D000FB6800221A64FB687A685A62FB683A891D
:10D9E0005A85FB685B8D9AB2FB681A85FB683A6AB8
:10D9F000DA627A89FB685A64FB681B6B7B617B691E
:10DA0000112B0CD13B6AB3F52A0F03D03B6AB3F15B
:10DA10002A4F01D1012300E00023012B07D1FB682D
:10DA20001B681A68FB681B6842F480721A60FB6806
:10DA3000002283F83C20FB681B685A68FB681B685F
:10DA400042F4E0625A60002300E0022318461C37CB
:10DA5000BD465DF8047B70474400002089B5F8148A
:10DA600080B588B000AFF8607A601A460B467B81BB
:10DA700013463B810023BB6100237B61FB6893F865
:10DA80003D30DBB2202B40F04081FB681B681B68F7
:10DA900003F40073B3F5007F05D0BB6A082B02D0F6
:10DAA000BB6A012B30D19B4B1B68DB089A4AA2FB57
:10DAB00003231A0A13469B0013449A0013447B6104
:10DAC0007B69013B7B617B69002B16D1FB680022DF
:10DAD0001A63FB68202283F83D20FB68002283F84C
:10DAE0003E20FB681B6C43F02002FB681A64FB6855
:10DAF000002283F83C20012308E1FB681B689B6936
:10DB000003F00203022BDBD0FB6893F83C30012BBF
:10DB100001D10223FAE0FB68012283F83C20FB6874
:10DB20001B681B6803F00103012B07D0FB681B680F
:10DB30001A68FB681B6842F001021A60FB681B68E8
:10DB40001A68FB681B6822F400621A60FB682122D5
:10DB500083F83D20FB68102283F83E20FB680022FA
:10DB60001A64FB687A685A62FB683A895A85FB68CE
:10DB70005B8D9AB2FB681A85FB68BA6ADA627A89A9
:10DB8000FB685A64FB681B6BBB61FB681B8D002B39
:10DB900000F08D80FB685B6B002B22D0FB685B6B19
:10DBA0005E4ADA63FB685B6B5D4ADA64FB685B6B59
:10DBB00000221A64FB685B6B00221A65FB68586BD5
:10DBC000FB685B6A1946FB681B6810331A46FB68E2
:10DBD0001B8D0AF0B6F80346FB77FB7F002B52D172
:10DBE00013E0FB68202283F83D20FB68002283F8C5
:10DBF0003E20FB681B6C43F08002FB681A64FB68E4
:10DC0000002283F83C20012380E0FB681B681A682F
:10DC1000FB681B6842F480621A60BB69112B0CD14F
:10DC2000BB6AB3F52A0F03D0BB6AB3F12A4F01D107
:10DC3000012300E00023012B07D1FB681B681A6851
:10DC4000FB681B6842F480721A60FB68002283F84C
:10DC50003C20BB6A042B05D0BB6A202B02D0BB6AD8
:10DC6000102B07D1FB681B685A68FB681B6842F4DD
:10DC700000625A60FB681B685A68FB681B6842F4C4
:10DC800040725A603FE0FB68202283F83D20FB6829
:10DC9000002283F83E20FB681B6C43F01002FB68F7
:10DCA0001A64FB68002283F83C2001232EE0FB6805
:10DCB0001B681A68FB681B6842F480621A60BB69C3
:10DCC000112B0CD1BB6AB3F52A0F03D0BB6AB3F199
:10DCD0002A4F01D1012300E00023012B07D1FB686B
:10DCE0001B681A68FB681B6842F480721A60FB6844
:10DCF000002283F83C20FB681B685A68FB681B689D
:10DD000042F4E0625A60002300E002231846203704
:10DD1000BD4680BD4400002089B5F814690801089B
:10DD2000130A010880B489B000AFF8607A601A461F
:10DD30000B467B8113463B810023BB6100237B6143
:10DD40004FF4E063FB61FB6893F83D30DBB2202BBE
:10DD500040F0DA80FB681B681B6803F40073B3F5BE
:10DD6000007F05D0BB6A082B02D0BB6A012B30D1E3
:10DD7000694B1B68DB08694AA2FB03231A0A134696
:10DD80009B0013449A0013447B617B69013B7B61D8
:10DD90007B69002B16D1FB6800221A63FB682022E6
:10DDA00083F83D20FB68002283F83E20FB681B6C53
:10DDB00043F02002FB681A64FB68002283F83C20D1
:10DDC0000123A2E0FB681B689B6903F00203022B9E
:10DDD000DBD0FB6893F83C30012B01D1022394E0A7
:10DDE000FB68012283F83C20FB681B681B6803F07A
:10DDF0000103012B07D0FB681B681A68FB681B68CE
:10DE000042F001021A60FB681B681A68FB681B6815
:10DE100022F400621A60FB68222283F83D20FB682E
:10DE2000102283F83E20FB6800221A64FB687A689F
:10DE30005A62FB683A895A85FB685B8D9AB2FB6827
:10DE40001A85FB68BA6ADA627A89FB685A64FB68E9
:10DE50001B6BBB61FB685B8D9BB2022B26D1BB6A3F
:10DE6000202B02D0BB6A102B20D1BB69122B14D1FE
:10DE7000FB681B681A68FB681B6822F480621A60E2
:10DE8000FB681B681A68FB681B6842F400621A6032
:10DE9000FB6923F48063FB6110E0FB681B681A6870
:10DEA000FB681B6842F480621A6007E0FB681B682D
:10DEB0001A68FB681B6842F480621A60BB69122B07
:10DEC0000CD1BB6AB3F52A0F03D0BB6AB3F12A4F5A
:10DED00001D1012300E00023012B07D1FB681B685F
:10DEE0001A68FB681B6842F480721A60FB680022A3
:10DEF00083F83C20FB681B685968FB681B68FA695B
:10DF00000A435A60002300E0022318462437BD4626
:10DF10005DF8047B704700BF4400002089B5F81409
:10DF200080B588B000AFF8607A601A460B467B81F6
:10DF300013463B8100237B6100233B614FF4E06388
:10DF4000FB61FB6893F83D30DBB2202B40F09981F8
:10DF5000FB681B681B6803F40073B3F5007F05D0F2
:10DF6000BB6A082B02D0BB6A012B30D18F4B1B68D8
:10DF7000DB088F4AA2FB03231A0A13469B001344B3
:10DF80009A0013443B613B69013B3B613B69002BB9
:10DF900016D1FB6800221A63FB68202283F83D201B
:10DFA000FB68002283F83E20FB681B6C43F02002D4
:10DFB000FB681A64FB68002283F83C20012361E1BE
:10DFC000FB681B689B6903F00203022BDBD0FB6834
:10DFD00093F83C30012B01D1022353E1FB6801226D
:10DFE00083F83C20FB681B681B6803F00103012BCE
:10DFF00007D0FB681B681A68FB681B6842F00102C7
:10E000001A60FB681B681A68FB681B6822F40062D0
:10E010001A60FB681B685A68FB681B6822F4805210
:10E020005A60FB68222283F83D20FB68102283F8A7
:10E030003E20FB6800221A64FB687A685A62FB681B
:10E040003A895A85FB685B8D9AB2FB681A85FB6832
:10E05000BA6ADA627A89FB685A64FB681B6B7B6177
:10E06000FB681B8D002B00F0DE80FB685B8D9BB294
:10E07000022B2AD1BB6A202B02D0BB6A102B24D1E1
:10E080007B69122B18D1FB681B681A68FB681B6838
:10E0900022F480621A60FB681B681A68FB681B68C0
:10E0A00042F400621A60FB681B685A68FB681B68D0
:10E0B00042F480525A6022E0FB681B681A68FB68D1
:10E0C0001B6842F480621A6019E0FB681B681A68DA
:10E0D000FB681B6842F480621A60BB6A202B06D082
:10E0E000BB6AB3F12A4F02D0BB6A102B07D1FB6881
:10E0F0001B685A68FB681B6842F480525A60FB68D0
:10E100009B6B002B22D0FB689B6B2A4ADA63FB686F
:10E110009B6B294ADA64FB689B6B00221A64FB68DC
:10E120009B6B00221A65FB68986BFB681B681033B9
:10E130001946FB685B6A1A46FB681B8D09F001FEF5
:10E140000346FB76FB7E002B59D113E0FB682022AF
:10E1500083F83D20FB68002283F83E20FB681B6C9F
:10E1600043F08002FB681A64FB68002283F83C20BD
:10E17000012387E07B69122B0CD1BB6AB3F52A0F10
:10E1800003D0BB6AB3F12A4F01D1012300E0002381
:10E19000012B13D1FB681B681A68FB681B6842F4EB
:10E1A00080721A604FF44073FB610AE04400002063
:10E1B00089B5F81469080108130A01084FF480733F
:10E1C000FB61FB68002283F83C20BB6A042B05D06E
:10E1D000BB6A202B02D0BB6A102B07D1FB681B68DF
:10E1E0005A68FB681B6842F400625A60FB681B684F
:10E1F0005968FB681B68FA690A435A603FE0FB688C
:10E20000202283F83D20FB68002283F83E20FB6833
:10E210001B6C43F01002FB681A64FB68002283F851
:10E220003C2001232EE0FB681B681A68FB681B6812
:10E2300042F480621A607B69122B0CD1BB6AB3F581
:10E240002A0F03D0BB6AB3F12A4F01D1012300E0AA
:10E250000023012B07D1FB681B681A68FB681B6849
:10E2600042F480721A60FB68002283F83C20FB684D
:10E270001B685968FB681B68FA690A435A600023E7
:10E2800000E0022318462037BD4680BD80B487B029
:10E2900000AFF860B9603B601346FB80FB6893F801
:10E2A0003D30DBB203F02803282B5BD1BB68002B89
:10E2B00002D0FB88002B01D1012354E0FB6893F8C6
:10E2C0003C30012B01D102234DE0FB68012283F891
:10E2D0003C20FB681B681B6803F00103012B07D07F
:10E2E000FB681B681A68FB681B6842F001021A6031
:10E2F000FB681B681A68FB681B6822F400621A60DE
:10E30000FB68292283F83D20FB68202283F83E2009
:10E31000FB6800221A64FB68BA685A62FB68FA88D4
:10E320005A85FB685B8D9AB2FB681A85FB683A6870
:10E33000DA6200237B61FB681B685B697B61FB68B9
:10E340001B689B697B617B69FB68002283F83C202A
:10E35000FB681B685A68FB681B6842F4E0625A60FD
:10E36000002300E0022318461C37BD465DF8047BFD
:10E37000704780B586B000AFF860B9603B60134667
:10E38000FB80FB6893F83D30DBB203F02803282BB9
:10E3900040F01E81BB68002B02D0FB88002B01D10E
:10E3A000012316E1FB6893F83C30012B01D10223D5
:10E3B0000FE1FB68012283F83C20FB681B685A6868
:10E3C000FB681B6822F440725A60FB6893F83D308A
:10E3D000DBB22A2B27D1FB681B685B6803F4006360
:10E3E000B3F5006F4CD1FB689B6B002B48D0FB68EA
:10E3F0001B685A68FB681B6822F400625A60FB685D
:10E400009B6B764A1A65FB689B6B184609F061FDA9
:10E410000346002B34D0FB689B6B1B6DFA68926B34
:10E42000104698472CE0FB6893F83D30DBB2292B6F
:10E4300026D1FB681B685B6803F40063B3F5006FCB
:10E440001ED1FB681B685A68FB681B6822F40062D7
:10E450005A60FB685B6B002B12D0FB685B6B5F4AFA
:10E460001A65FB685B6B184609F033FD0346002B09
:10E4700006D0FB685B6B1B6DFA68526B10469847C1
:10E48000FB681B681B6803F00103012B07D0FB68C6
:10E490001B681A68FB681B6842F001021A60FB687F
:10E4A0001B681A68FB681B6822F400621A60FB682C
:10E4B000292283F83D20FB68202283F83E20FB6858
:10E4C00000221A64FB68BA685A62FB68FA885A85A7
:10E4D000FB685B8D9AB2FB681A85FB683A68DA6262
:10E4E000FB685B6B002B22D0FB685B6B3C4ADA63FA
:10E4F000FB685B6B3B4ADA64FB685B6B00221A6467
:10E50000FB685B6B00221A65FB68586BFB685B6AF3
:10E510001946FB681B6810331A46FB681B8D09F00F
:10E5200010FC0346FB75FB7D002B3DD113E0FB681F
:10E53000282283F83D20FB68002283F83E20FB68F8
:10E540001B6C43F08002FB681A64FB68002283F8AE
:10E550003C2001233DE0FB681B681A68FB681B68D0
:10E5600042F480621A6000233B61FB681B685B69B0
:10E570003B61FB681B689B693B613B69FB68002250
:10E5800083F83C20FB681B685A68FB681B6842F4F0
:10E5900040725A60FB681B685A68FB681B6842F44B
:10E5A00000625A60002314E0FB68202283F83D20BB
:10E5B000FB68002283F83E20FB681B6C43F01002CE
:10E5C000FB681A64FB68002283F83C20012300E00A
:10E5D000022318461837BD4680BD00BF8D0A0108CA
:10E5E00069080108130A010880B487B000AFF86019
:10E5F000B9603B601346FB80FB6893F83D30DBB2AB
:10E6000003F02803282B5BD1BB68002B02D0FB88CA
:10E61000002B01D1012354E0FB6893F83C30012B1F
:10E6200001D102234DE0FB68012283F83C20FB6806
:10E630001B681B6803F00103012B07D0FB681B68F4
:10E640001A68FB681B6842F001021A60FB681B68CD
:10E650001A68FB681B6822F400621A60FB682A22B1
:10E6600083F83D20FB68202283F83E20FB680022CF
:10E670001A64FB68BA685A62FB68FA885A85FB68B4
:10E680005B8D9AB2FB681A85FB683A68DA620023F0
:10E690007B61FB681B685B697B61FB681B689B692E
:10E6A0007B617B69FB68002283F83C20FB681B6868
:10E6B0005A68FB681B6842F4E0625A60002300E07D
:10E6C000022318461C37BD465DF8047B704780B5B1
:10E6D00086B000AFF860B9603B601346FB80FB6812
:10E6E00093F83D30DBB203F02803282B40F01E8165
:10E6F000BB68002B02D0FB88002B01D1012316E15F
:10E70000FB6893F83C30012B01D102230FE1FB6839
:10E71000012283F83C20FB681B685A68FB681B6871
:10E7200022F440725A60FB6893F83D30DBB22A2B2A
:10E7300027D1FB681B685B6803F40063B3F5006FC7
:10E740004CD1FB689B6B002B48D0FB681B685A6858
:10E75000FB681B6822F400625A60FB689B6B764A78
:10E760001A65FB689B6B184609F0B3FB0346002B48
:10E7700034D0FB689B6B1B6DFA68926B1046984710
:10E780002CE0FB6893F83D30DBB2292B26D1FB68E7
:10E790001B685B6803F40063B3F5006F1ED1FB6870
:10E7A0001B685A68FB681B6822F400625A60FB68A9
:10E7B0005B6B002B12D0FB685B6B5F4A1A65FB68D2
:10E7C0005B6B184609F085FB0346002B06D0FB68FF
:10E7D0005B6B1B6DFA68526B10469847FB681B68B1
:10E7E0001B6803F00103012B07D0FB681B681A6844
:10E7F000FB681B6842F001021A60FB681B681A681C
:10E80000FB681B6822F400621A60FB682A2283F806
:10E810003D20FB68202283F83E20FB6800221A641A
:10E82000FB68BA685A62FB68FA885A85FB685B8D98
:10E830009AB2FB681A85FB683A68DA62FB689B6BE0
:10E84000002B22D0FB689B6B3C4ADA63FB689B6B16
:10E850003B4ADA64FB689B6B00221A64FB689B6B83
:10E8600000221A65FB68986BFB681B681033194619
:10E87000FB685B6A1A46FB681B8D09F062FA034667
:10E88000FB75FB7D002B3DD113E0FB68282283F84C
:10E890003D20FB68002283F83E20FB681B6C43F0A0
:10E8A0008002FB681A64FB68002283F83C20012385
:10E8B0003DE0FB681B681A68FB681B6842F48062D5
:10E8C0001A6000233B61FB681B685B693B61FB6866
:10E8D0001B689B693B613B69FB68002283F83C2015
:10E8E000FB681B685A68FB681B6842F400625A6048
:10E8F000FB681B685A68FB681B6842F440725A60E8
:10E90000002314E0FB68202283F83D20FB680022EE
:10E9100083F83E20FB681B6C43F01002FB681A640E
:10E92000FB68002283F83C20012300E00223184604
:10E930001837BD4680BD00BF8D0A0108690801086F
:10E94000130A010880B483B000AF78607B6893F845
:10E950003D30DBB2202B24D17B68282283F83D2078
:10E960007B681B681B6803F00103012B07D07B68E1
:10E970001B681A687B681B6842F001021A607B689A
:10E980001B681A687B681B6842F480621A607B68A7
:10E990001B685A687B681B6842F440725A60002307
:10E9A00000E0022318460C37BD465DF8047B704733
:10E9B00080B485B000AF78607B6893F83D30DBB2FF
:10E9C000282B29D17B6893F83D30DBB203F0030399
:10E9D000FB607B6893F83E30DBB21A46FB681A4353
:10E9E0007B681A637B68202283F83D207B680022C5
:10E9F00083F83E207B681B681A687B681B6822F4DA
:10EA000080621A607B681B685A687B681B6822F406
:10EA100040725A60002300E0022318461437BD46B6
:10EA20005DF8047B704780B584B000AF78600B461A
:10EA30007B807B6893F83E30FB737B681B689B6927
:10EA400003F00203022B38D1FB7B102B35D17B68FE
:10EA500093F83C30012B01D102232FE07B68012287
:10EA600083F83C207B6800221A637B68602283F86D
:10EA70003D207B681B681A687B681B6822F48062F3
:10EA80001A607B681B681A687B681B6842F4007216
:10EA90001A607B6800225A857B681B685A687B680D
:10EAA0001B6822F4E0625A607B68002283F83C20F5
:10EAB000786801F0D9FA002300E0012318461037E6
:10EAC000BD4680BD80B588B000AF78600023BB61D3
:10EAD0007B681B685B687B617B68DB6A3B617B688A
:10EAE00093F83E30FB737B6893F83D30BB73FB7B40
:10EAF000102B03D0FB7B402B40F0C1807B681B6850
:10EB00009B69BB617B681B685B69FB61FB6903F008
:10EB10000103002B0DD13B69B3F52A0F03D03B69EC
:10EB2000B3F12A4F01D1012300E00023012B00F0B3
:10EB30003281FB6903F00103002B0CD07B695B0A77
:10EB400003F00103002B06D0786802F094FA78688D
:10EB500000F0A1FD92E0FB69DB0803F00103002B4C
:10EB600009D07B695B0A03F00103002B03D07868AE
:10EB700000F017FE82E0FB695B0803F00103002B45
:10EB800009D07B695B0A03F00103002B03D078688E
:10EB900000F031FE72E0BB699B0803F00103002B1B
:10EBA0003BD07B681B685B6803F40063B3F5006FC0
:10EBB00000F0F380FB69DB0903F00103002B0FD0A9
:10EBC0007B699B0A03F00103002B09D0FB699B08BA
:10EBD00003F00103002B03D1786800F01BFA4DE02D
:10EBE000FB699B0803F00103002B00F0D6807B69D2
:10EBF0005B0A03F00103002B00F0CF80BB7B212BCD
:10EC000003D1786800F0A2FAC7E0FB7B402B40F00C
:10EC1000C480786800F010FBBFE07B681B685B680D
:10EC200003F40063B3F5006F00F0B780FB699B0944
:10EC300003F00103002B0FD07B699B0A03F0010353
:10EC4000002B09D0FB699B0803F00103002B03D1C3
:10EC5000786800F085FB11E0FB699B0803F0010375
:10EC6000002B00F09A807B695B0A03F00103002B04
:10EC700000F09380786800F024FC8EE08DE07B68E3
:10EC80001B6C002B04D07B681B685B69FB6107E091
:10EC90007B681B689B69BB617B681B685B69FB6168
:10ECA000FB695B0803F00103002B12D07B695B0A50
:10ECB00003F00103002B0CD07B681B6C002B03D0EE
:10ECC0007B681B689B69BB61B969786800F0E2FFEB
:10ECD00066E0FB691B0903F00103002B09D07B6987
:10ECE0005B0A03F00103002B03D0786801F01CF8E5
:10ECF00056E0BB7B212B02D0BB7B292B25D1FB69A6
:10ED0000DB0903F00103002B0FD07B699B0A03F0A2
:10ED10000103002B09D0FB699B0803F00103002BC2
:10ED200003D1786800F0F8FE39E0FB699B0803F036
:10ED30000103002B33D07B695B0A03F00103002B36
:10ED40002DD0786800F025FF29E0FB699B0903F0CE
:10ED50000103002B0FD07B699B0A03F00103002BFA
:10ED600009D0FB699B0803F00103002B03D17868ED
:10ED700000F030FF14E0FB699B0803F00103002B57
:10ED80000ED07B695B0A03F00103002B08D0786882
:10ED900000F05EFF04E000BF02E000BF00E000BF43
:10EDA0002037BD4680BD80B58AB000AF78607B68F3
:10EDB0001B685B693B627B681B685B68FB610023C7
:10EDC0007B627B6893F83E30FB763B6A1B0A03F05C
:10EDD0000103002B0ED0FB691B0A03F00103002B7B
:10EDE00008D07B6A43F001037B627B681B686FF489
:10EDF00080725A613B6A5B0A03F00103002B0ED05C
:10EE0000FB691B0A03F00103002B08D07B6A43F067
:10EE100002037B627B681B686FF400725A613B6A75
:10EE20009B0A03F00103002B3FD0FB691B0A03F090
:10EE30000103002B39D0FB7EBB767B685B8D9BB2D8
:10EE40007B617B6893F83D30FB747B681B6BFB60D8
:10EE5000BB7E202B12D17B69002B0FD1FB7C212B99
:10EE600008D0FB7C292B05D0FB7C282B06D1FB6826
:10EE7000212B03D1786801F087F816E07B681B68C6
:10EE80006FF480625A617B6A43F004037B62FB7E0D
:10EE9000102B02D0FB7E402B07D17B681B681A68C1
:10EEA0007B681B6842F400721A603B6ADB0A03F05D
:10EEB0000103002B0ED0FB691B0A03F00103002B9A
:10EEC00008D07B6A43F008037B627B681B686FF4A1
:10EED00000625A617B6A002B08D07B681A6C7B6ADF
:10EEE0001A437B681A64786801F0BEF800BF2837BF
:10EEF000BD4680BD80B483B000AF786000BF0C37E2
:10EF0000BD465DF8047B704780B483B000AF786085
:10EF100000BF0C37BD465DF8047B704780B483B0FA
:10EF200000AF786000BF0C37BD465DF8047B7047CA
:10EF300080B483B000AF786000BF0C37BD465DF889
:10EF4000047B704780B483B000AF78600B46FB70E1
:10EF500013463B8000BF0C37BD465DF8047B70470D
:10EF600080B483B000AF786000BF0C37BD465DF859
:10EF7000047B704780B483B000AF786000BF0C376B
:10EF8000BD465DF8047B704780B483B000AF786005
:10EF900000BF0C37BD465DF8047B704780B483B07A
:10EFA00000AF786000BF0C37BD465DF8047B70474A
:10EFB00080B483B000AF786000BF0C37BD465DF809
:10EFC000047B704780B483B000AF78607B6893F8AF
:10EFD0003D30DBB218460C37BD465DF8047B704708
:10EFE00080B483B000AF78607B6893F83E30DBB2CA
:10EFF00018460C37BD465DF8047B704780B483B07B
:10F0000000AF78607B681B6C18460C37BD465DF816
:10F01000047B704780B584B000AF78607B6893F85C
:10F020003D30FB737B6893F83E30BB737B68DB6AD3
:10F03000BB607B681B8D002B50D1FB7B212B4DD1FE
:10F04000BB68082B1DD0BB68202B1AD0BB6813F5FA
:10F05000803F16D07B681B685A687B681B6822F467
:10F06000E0625A607B6811221A637B68002283F891
:10F070003E207B68202283F83D207868FFF73AFF26
:10F0800060E07B681B685A687B681B6822F4E0625A
:10F090005A607B681B681A687B681B6842F40072C0
:10F0A0001A607B6800221A637B68202283F83D2067
:10F0B0007B6893F83E30DBB2402B07D17B6800229F
:10F0C00083F83E207868FFF755FF3BE07B6800221D
:10F0D00083F83E207868FFF70DFF33E0FB7B212BA0
:10F0E00005D0BB7B402B2DD1FB7B222B2AD17B680B
:10F0F0005B8D9BB2002B08D17B681B685A687B68CC
:10F100001B6822F480625A601CE07B6893F83E30F2
:10F11000DBB2402B03D1786800F08EF812E07B68F8
:10F120005B6A1A787B681B681A617B685B6A5A1C89
:10F130007B685A627B685B8D9BB2013B9AB27B68AD
:10F140005A85FFE700BF1037BD4680BD80B584B04B
:10F1500000AF78607B68DB6AFB607B6893F83D30CA
:10F16000DBB2212B64D17B685B8D9BB2002B12D06C
:10F170007B685B6A1A787B681B681A617B685B6ACC
:10F180005A1C7B685A627B685B8D9BB2013B9AB2CA
:10F190007B685A854CE0FB68082B1DD0FB68202B50
:10F1A0001AD0FB6813F5803F16D07B681B685A683D
:10F1B0007B681B6822F4E0625A607B6811221A6344
:10F1C0007B68002283F83E207B68202283F83D2064
:10F1D0007868FFF78FFE2BE07B681B685A687B68B6
:10F1E0001B6822F4E0625A607B681B681A687B68BF
:10F1F0001B6842F400721A607B6800221A637B6805
:10F20000202283F83D207B6893F83E30DBB2402B10
:10F2100007D17B68002283F83E207868FFF7AAFEBA
:10F2200006E07B68002283F83E207868FFF762FEE4
:10F2300000BF1037BD4680BD80B584B000AF786098
:10F240007B6893F83D30FB737B681B6D002B1DD1F1
:10F250007B68DB6C012B0BD17B689B6CDAB27B6823
:10F260001B681A617B681B6D9A1C7B681A6573E0CA
:10F270007B689B6C9BB21B12DAB27B681B681A61BD
:10F280007B681B6D5A1C7B681A6565E07B681B6D8B
:10F29000012B0BD17B689B6CDAB27B681B681A610F
:10F2A0007B681B6D5A1C7B681A6555E07B681B6D7B
:10F2B000022B51D1FB7B222B0DD17B681B681A6876
:10F2C0007B681B6842F480721A607B681B6D5A1C55
:10F2D0007B681A6540E07B685B8D9BB2002B15D084
:10F2E000FB7B212B12D17B685B6A1A787B681B68D9
:10F2F0001A617B685B6A5A1C7B685A627B685B8D0B
:10F300009BB2013B9AB27B685A8525E07B685B8D96
:10F310009BB2002B20D1FB7B212B1DD17B681B686E
:10F320005A687B681B6822F4E0625A607B681B683D
:10F330001A687B681B6842F400721A607B680022BE
:10F340001A637B68202283F83D207B68002283F8C3
:10F350003E207868FFF70EFE00BF1037BD4680BD27
:10F3600080B584B000AF78607B6893F83D30DBB245
:10F37000222B40F0A2807B685B8D9BB2FB60FB6818
:10F38000032B21D97B681B681A697B685B6AD2B240
:10F390001A707B685B6A5A1C7B685A627B685B8D5B
:10F3A0009BB2013B9AB27B685A857B685B8D9BB2AE
:10F3B000032B40F082807B681B685A687B681B685F
:10F3C00022F480625A6078E07B68DB6A022B74D09A
:10F3D000FB68012B02D0FB68002B6ED1786801F02E
:10F3E00092FD0346002B42D17B681B681A687B683C
:10F3F0001B6822F480621A607B681B685A687B680D
:10F400001B6822F4E0625A607B681B681A697B689B
:10F410005B6AD2B21A707B685B6A5A1C7B685A625C
:10F420007B685B8D9BB2013B9AB27B685A857B6897
:10F43000202283F83D207B6893F83E30DBB2402BDE
:10F440000AD17B68002283F83E207B6800221A6381
:10F450007868FFF799FD30E07B68002283F83E2052
:10F460007B6812221A637868FFF74EFD25E07B68FF
:10F470001B685A687B681B6822F4E0625A607B68EC
:10F480001B681A697B685B6AD2B21A707B685B6A18
:10F490005A1C7B685A627B685B8D9BB2013B9AB2B7
:10F4A0007B685A857B68202283F83D207B68002298
:10F4B00083F83E207868FFF771FD00BF1037BD4626
:10F4C00080BD80B584B000AF78607B68DB6AFB608C
:10F4D0007B685B8D9BB2042B1BD17B681B685A68D1
:10F4E0007B681B6822F480625A607B681B681A691B
:10F4F0007B685B6AD2B21A707B685B6A5A1C7B6855
:10F500005A627B685B8D9BB2013B9AB27B685A85DD
:10F51000BDE07B685B8D9BB2032B29D17B681B68A8
:10F520005A687B681B6822F480625A60FB68042B6F
:10F530000AD0FB68022B07D07B681B681A687B68BF
:10F540001B6822F480621A607B681B681A697B68FA
:10F550005B6AD2B21A707B685B6A5A1C7B685A621B
:10F560007B685B8D9BB2013B9AB27B685A858EE0CB
:10F570007B685B8D9BB2022B76D1FB68012B02D09E
:10F58000FB68102B08D17B681B681A687B681B68B6
:10F5900022F480621A6019E0FB68042B02D0FB6839
:10F5A000022B08D17B681B681A687B681B6842F4D1
:10F5B00080621A600AE0FB68102B07D07B681B682A
:10F5C0001A687B681B6842F400721A607B681B68CB
:10F5D0001A697B685B6AD2B21A707B685B6A5A1CD4
:10F5E0007B685A627B685B8D9BB2013B9AB27B68F9
:10F5F0005A857B681B681A697B685B6AD2B21A708D
:10F600007B685B6A5A1C7B685A627B685B8D9BB225
:10F61000013B9AB27B685A857B681B685A687B6895
:10F620001B6822F440725A607B68202283F83D20D8
:10F630007B6893F83E30DBB2402B0AD17B68002216
:10F6400083F83E207B6800221A637868FFF79CFCF1
:10F650001DE07B68002283F83E207B6812221A633B
:10F660007868FFF751FC12E07B681B681A697B68B9
:10F670005B6AD2B21A707B685B6A5A1C7B685A62FA
:10F680007B685B8D9BB2013B9AB27B685A8500BF59
:10F690001037BD4680BD80B483B000AF78607B6812
:10F6A00093F83E30DBB2402B17D17B681B6D002BEB
:10F6B00009D17B685B6CDBB21A467B681B6802F081
:10F6C000FE021A6167E07B685B6CDBB243F001030A
:10F6D000DAB27B681B681A615DE07B681B69B3F571
:10F6E000804F33D17B6893F83D30DBB2212B09D1B9
:10F6F0007B685B6CDBB21A467B681B6802F0FE021B
:10F700001A6108E07B685B6CDBB243F00103DAB29C
:10F710007B681B681A617B685B6B002B04D07B687D
:10F720005B6BDB6B002B08D17B689B6B002B32D0B3
:10F730007B689B6BDB6B002B2DD07B681B685A684A
:10F740007B681B6842F400625A6024E07B681B6D92
:10F75000002B0ED17B685B6C9BB2DB11DBB203F03C
:10F760000603DBB263F00F03DAB27B681B681A6131
:10F7700011E07B681B6D012B0DD17B685B6C9BB22C
:10F78000DB11DBB203F00603DBB263F00E03DAB287
:10F790007B681B681A6100BF0C37BD465DF8047BAF
:10F7A000704780B483B000AF78607B685B6CDAB27E
:10F7B0007B681B681A617B685B6B002B04D07B68DD
:10F7C0005B6BDB6B002B08D17B689B6B002B0CD039
:10F7D0007B689B6BDB6B002B07D07B681B685A68D0
:10F7E0007B681B6842F400625A6000BF0C37BD465C
:10F7F0005DF8047B704780B491B000AF78607B689F
:10F8000093F83E3087F83F307B68DB6ABB637B68E8
:10F810001B6B7B637B6893F83D30DBB2222B40F09F
:10F8200069817B681B6D002B0FD197F83F30402B0F
:10F830000BD100233B637B681B685B693B637B6880
:10F840001B689B693B633B6B60E17B681B6D002B16
:10F850001DD17B681B69B3F5404F18D10023FB62B3
:10F860007B681B685B69FB627B681B689B69FB624A
:10F87000FB6A7B681B681A687B681B6842F48072AD
:10F880001A607B681B6D5A1C7B681A653EE17B68B9
:10F890005B8D9BB2002B13D10023BB627B681B687E
:10F8A0005B69BB627B681B689B69BB62BB6A7B68E8
:10F8B0001B681A687B681B6842F400721A6015E1C5
:10F8C0007B685B8D9BB2012B40F08A80BB6B13F58C
:10F8D000803F37D17B681B681A687B681B6822F4FD
:10F8E00080621A607B681B685B6803F40063B3F591
:10F8F000006F13D17B681B681A687B681B6822F451
:10F9000080621A6000237B627B681B685B697B6294
:10F910007B681B689B697B627B6AE7E000233B6234
:10F920007B681B685B693B627B681B689B693B6209
:10F930003B6A7B681B681A687B681B6842F400722C
:10F940001A60D3E0BB6B082B2ED0BB6B202B2BD0C7
:10F950007B6B122B02D1BB6B012B25D1BB6B042B14
:10F960000ED0BB6B022B0BD0BB6B102B08D07B686F
:10F970001B681A687B681B6822F480621A6007E0C3
:10F980007B681B681A687B681B6842F480621A6097
:10F990000023FB617B681B685B69FB617B681B68FC
:10F9A0009B69FB61FB69A1E07B681B681A687B6847
:10F9B0001B6822F480621A600023BB617B681B68AD
:10F9C0005B69BB617B681B689B69BB61BB697B68CA
:10F9D0001B681A687B681B6842F400721A6085E035
:10F9E0007B685B8D9BB2022B4DD1BB6B042B16D079
:10F9F000BB6B022B13D0BB6B102B10D07B681B682A
:10FA00001A687B681B6822F480621A607B681B6836
:10FA10001A687B681B6842F400621A6007E07B6822
:10FA20001B681A687B681B6842F480621A607B68F6
:10FA30001B685B6803F40063B3F5006F17D1BB6B01
:10FA400013F5803F0BD0BB6B012B08D0BB6B082B91
:10FA500005D0BB6B102B02D0BB6B202B07D17B6872
:10FA60001B685A687B681B6842F480525A60002306
:10FA70007B617B681B685B697B617B681B689B693A
:10FA80007B617B6932E07B681B681A687B681B6856
:10FA900042F480621A607B681B685B6803F4006351
:10FAA000B3F5006F17D1BB6B13F5803F0BD0BB6B69
:10FAB000012B08D0BB6B082B05D0BB6B102B02D0E1
:10FAC000BB6B202B07D17B681B685A687B681B685F
:10FAD00042F480525A6000233B617B681B685B697B
:10FAE0003B617B681B689B693B613B697B680022CB
:10FAF0001A650BE00023FB607B681B685B69FB6099
:10FB00007B681B689B69FB60FB68FFE700BF4437AD
:10FB1000BD465DF8047B704780B584B000AF786067
:10FB20007B6893F83D30FB737B685B8D9BB2002B49
:10FB30002BD07B685B6A1A787B681B681A617B68CC
:10FB40005B6A5A1C7B685A627B685B8D9BB2013B87
:10FB50009AB27B685A857B685B8D9BB2002B14D16F
:10FB6000FB7B292B11D17B681B685A687B681B685B
:10FB700022F480625A607B6821221A637B68282203
:10FB800083F83D207868FFF7C9F900BF1037BD46FC
:10FB900080BD80B483B000AF78607B685B8D9BB222
:10FBA000002B11D07B685B6A1A787B681B681A612E
:10FBB0007B685B6A5A1C7B685A627B685B8D9BB270
:10FBC000013B9AB27B685A8500BF0C37BD465DF891
:10FBD000047B704780B584B000AF78607B6893F891
:10FBE0003D30FB737B685B8D9BB2002B2CD07B6818
:10FBF0001B681A697B685B6AD2B21A707B685B6AA1
:10FC00005A1C7B685A627B685B8D9BB2013B9AB23F
:10FC10007B685A857B685B8D9BB2002B14D1FB7B84
:10FC20002A2B11D17B681B685A687B681B6822F4F9
:10FC300080625A607B6822221A637B68282283F8DC
:10FC40003D207868FFF774F900BF1037BD4680BDCE
:10FC500080B483B000AF78607B685B8D9BB2002B73
:10FC600012D07B681B681A697B685B6AD2B21A7013
:10FC70007B685B6A5A1C7B685A627B685B8D9BB2AF
:10FC8000013B9AB27B685A8500BF0C37BD465DF8D0
:10FC9000047B704780B584B000AF78603960002382
:10FCA000FB737B6893F83D30DBB203F02803282B0D
:10FCB00027D17B681B685A687B681B6822F48062C6
:10FCC0005A603B689B0803F00103002B01D101231C
:10FCD000FB733B68DB0903F00103002B03D17B6856
:10FCE000DB68BB8102E07B689B69BB817B6800228B
:10FCF00083F83C20BA89FB7B19467868FFF722F924
:10FD00000EE00023BB607B681B685B69BB607B689F
:10FD10001B689B69BB60BB687B68002283F83C2042
:10FD200000BF1037BD4680BD80B584B000AF78609D
:10FD30007B6893F83D30FB737B681B685A687B686F
:10FD40001B6822F4E0625A600023BB607B681B687A
:10FD50005B69BB607B681B681A687B681B6842F044
:10FD600001021A60BB687B681B681A687B681B68A5
:10FD700022F480621A607B681B685B6803F400638E
:10FD8000B3F5006F72D1FB7B222B02D0FB7B2A2BB9
:10FD900035D17B689B6B1B685B689AB27B685A8520
:10FDA0007B685B8D9BB2002B05D07B681B6C43F09E
:10FDB00004027B681A647B681B685A687B681B684E
:10FDC00022F400625A607B689B6B184608F0C7FB00
:10FDD0000346012B49D07B689B6B694A1A657B6897
:10FDE0009B6B184608F075F80346002B3DD07B68E6
:10FDF0009B6B1B6D7A68926B1046984735E07B6869
:10FE00005B6B1B685B689AB27B685A857B685B8D0D
:10FE10009BB2002B05D07B681B6C43F004027B680F
:10FE20001A647B681B685A687B681B6822F400624E
:10FE30005A607B685B6B184608F091FB0346012B08
:10FE400014D07B685B6B4E4A1A657B685B6B184607
:10FE500008F03FF80346002B08D07B685B6B1B6DF6
:10FE60007A68526B1046984700E000BF7B685B8D54
:10FE70009BB2002B3ED07B681B685B6903F00403D8
:10FE8000042B12D17B681B681A697B685B6AD2B24B
:10FE90001A707B685B6A5A1C7B685A627B685B8D50
:10FEA0009BB2013B9AB27B685A857B681B685B6991
:10FEB00003F04003402B12D17B681B681A697B68F2
:10FEC0005B6AD2B21A707B685B6A5A1C7B685A62A2
:10FED0007B685B8D9BB2013B9AB27B685A857B68DD
:10FEE0005B8D9BB2002B05D07B681B6C43F004023A
:10FEF0007B681A647B681B6C002B03D0786800F069
:10FF0000B3F839E0FB7B2A2B09D17B6800221A6306
:10FF10007B68282283F83D207868FFF709F87B6822
:10FF200093F83D30DBB2282B11D17B68154ADA6299
:10FF30007B6800221A637B68202283F83D207B685F
:10FF4000002283F83E207868FFF70AF814E07B6807
:10FF50001B6B222B02D0FB7B222B0DD17B68002256
:10FF60001A637B68202283F83D207B68002283F897
:10FF70003E207868FEF7DCFF00BF1037BD4680BD2D
:10FF80008D0A01080000FFFF80B584B000AF7860E3
:10FF90007B6893F83D30FB737B68DB6ABB60BB68B2
:10FFA000082B02D0BB68202B29D1FB7B282B26D124
:10FFB0007B682C4ADA627B681B685A687B681B681E
:10FFC00022F4E0625A607B681B686FF480625A61B9
:10FFD0007B681B681A687B681B6822F480621A6061
:10FFE0007B6800221A637B68202283F83D207B68AF
:10FFF000002283F83E207868FEF7B2FF2EE0FB7BFC
:020000040801F1
:10000000212B26D17B68174ADA627B6821221A638A
:100010007B68202283F83D207B68002283F83E2005
:100020007B681B685A687B681B6822F4E0625A6030
:100030007B681B686FF480625A617B681B681A6872
:100040007B681B6822F480621A607868FEF766FF9E
:1000500004E07B681B686FF480625A6100BF103750
:10006000BD4680BD0000FFFF80B584B000AF786062
:100070007B6893F83D30FB737B6893F83E30BB732D
:10008000BB7B102B02D0BB7B402B0AD1FB7B222BEE
:1000900007D17B681B681A687B681B6822F40062C2
:1000A0001A60FB7B03F02803282B07D17B68002212
:1000B0001A637B68282283F83D2015E07B681B6863
:1000C0005B6803F40063B3F5006F0AD0FB7B602B21
:1000D00007D07B68202283F83D207B68002283F8CC
:1000E0003E207B6800221A637B681B685B6803F410
:1000F0000063B3F5006F62D17B681B685A687B6848
:100100001B6822F400625A607B685B6B93F83530A1
:10011000DBB2012B20D07B685B6B6A4A1A657B6877
:100120005B6B184607F0D5FE0346002B00F0898074
:100130007B681B681A687B681B6822F001021A60E2
:100140007B68202283F83D207B685B6B1B6D7A689F
:10015000526B1046984774E07B689B6B594A1A654E
:100160007B689B6B184607F0B4FE0346002B68D0F3
:100170007B681B685B6903F04003402B0BD17B68F5
:100180001B681A697B685B6AD2B21A707B685B6A0B
:100190005A1C7B685A627B681B681A687B681B68FC
:1001A00022F001021A607B68202283F83D207B68E0
:1001B0009B6B1B6D7A68926B1046984741E07B6899
:1001C00093F83D30DBB2602B25D17B68202283F889
:1001D0003D207B6800221A647B681B685B6903F022
:1001E0004003402B0BD17B681B681A697B685B6AF4
:1001F000D2B21A707B685B6A5A1C7B685A627B6851
:100200001B681A687B681B6822F001021A60786814
:10021000FEF7CEFE15E07B681B685B6903F04003C8
:10022000402B0BD17B681B681A697B685B6AD2B272
:100230001A707B685B6A5A1C7B685A627868FEF7A2
:10024000ADFE7B681B6CBB60BB6803F00103002B39
:100250000ED1BB6803F00203002B09D1BB6803F089
:100260000403002B04D1BB6803F00803002B07D064
:100270007B681B685A687B681B6822F4E0625A60DE
:100280007B6893F83D30FB737B681B6C03F00403C1
:10029000042B13D1FB7B282B10D17B680A4ADA622E
:1002A0007B6800221A637B68202283F83D207B68EC
:1002B000002283F83E207868FEF752FE00BF103718
:1002C000BD4680BD8D0A01080000FFFF80B588B0E3
:1002D00002AFF8607A603B600B467B81FB68DB6AAB
:1002E0007B617B69082B06D07B69012B03D07B697E
:1002F00013F5803F08D1FB681B681A68FB681B6810
:1003000042F480721A600BE0FB681B6B122B07D162
:10031000FB681B681A68FB681B6842F480721A60ED
:100320003B6800937B6800224FF00111F86800F0F1
:1003300055FC0346002B0DD0FB681B681B6803F4BB
:100340008073B3F5807F03D1FB684FF400721A64A9
:10035000032335E0FB681B69B3F5804F08D17B8927
:10036000DBB21A46FB681B6802F0FE021A611BE052
:100370007B89DB11DBB203F00603DBB263F00F0312
:10038000DAB2FB681B681A613B687A680E49F86844
:1003900000F07BFC0346002B01D0012310E07B8999
:1003A000DAB2FB681B681A613B687A680749F8682B
:1003B00000F06BFC0346002B01D0012300E000237A
:1003C00018461837BD4680BD080001000200010034
:1003D00080B588B002AFF8607A603B600B467B81E5
:1003E000FB68DB6A7B61FB681B681A68FB681B683B
:1003F00042F480621A607B69082B06D07B69012B6E
:1004000003D07B6913F5803F08D1FB681B681A682D
:10041000FB681B6842F480721A600BE0FB681B6B80
:10042000112B07D1FB681B681A68FB681B6842F434
:1004300080721A603B6800937B6800224FF00111C4
:10044000F86800F0CBFB0346002B0DD0FB681B685F
:100450001B6803F48073B3F5807F03D1FB684FF40E
:1004600000721A64032379E0FB681B69B3F5804FBF
:1004700008D17B89DBB243F00103DAB2FB681B6869
:100480001A615FE07B89DB11DBB203F00603DBB2AC
:1004900063F00F03DAB2FB681B681A613B687A6885
:1004A0003049F86800F0F1FB0346002B01D001232E
:1004B00054E07B89DAB2FB681B681A613B687A6892
:1004C0002949F86800F0E1FB0346002B01D0012325
:1004D00044E000233B61FB681B685B693B61FB6890
:1004E0001B689B693B613B69FB681B681A68FB687A
:1004F0001B6842F480721A603B6800937B6800229C
:100500004FF00111F86800F069FB0346002B0DD095
:10051000FB681B681B6803F48073B3F5807F03D10D
:10052000FB684FF400721A64032317E07B89DB1128
:10053000DBB203F00603DBB263F00E03DAB2FB6852
:100540001B681A613B687A680749F86800F09DFBF0
:100550000346002B01D0012300E000231846183782
:10056000BD4680BD080001000200010080B588B0D2
:1005700002AFF860084611461A4603467B810B46D7
:100580003B811346FB80FB681B681A68FB681B688D
:1005900042F480721A607B6A00933B6A00224FF03B
:1005A0000111F86800F01AFB0346002B0DD0FB6820
:1005B0001B681B6803F48073B3F5807F03D1FB686D
:1005C0004FF400721A6403235FE07B89DBB21A46A2
:1005D000FB681B6802F0FE021A617B6A3A6A2D49C9
:1005E000F86800F052FB0346002B01D001234CE0D9
:1005F00000237B61FB681B685B697B61FB681B6890
:100600009B697B617B697A6A396AF86800F0BCFB98
:100610000346002B0DD0FB681B6C042B07D1FB6835
:100620001B681A68FB681B6842F400721A60012399
:100630002BE0FB88012B05D13B89DAB2FB681B68F4
:100640001A6121E03B891B0A9BB2DAB2FB681B6886
:100650001A617A6A396AF86800F096FB0346002B43
:100660000DD0FB681B6C042B07D1FB681B681A6854
:10067000FB681B6842F400721A60012305E03B89A5
:10068000DAB2FB681B681A61002318461837BD46AA
:1006900080BD00BF0200010080B588B002AFF860E5
:1006A000084611461A4603467B810B463B8113469A
:1006B000FB80FB681B681A68FB681B6842F4806259
:1006C0001A60FB681B681A68FB681B6842F480723A
:1006D0001A607B6A00933B6A00224FF00111F868B0
:1006E00000F07CFA0346002B0DD0FB681B681B68EA
:1006F00003F48073B3F5807F03D1FB684FF400727D
:100700001A640323AAE07B89DBB21A46FB681B68E4
:1007100002F0FE021A617B6A3A6A5249F86800F0F8
:10072000B4FA0346002B01D0012397E000237B613C
:10073000FB681B685B697B61FB681B689B697B616D
:100740007B697A6A396AF86800F01EFB0346002B61
:100750000DD0FB681B6C042B07D1FB681B681A6863
:10076000FB681B6842F400721A60012376E0FB8884
:10077000012B05D13B89DAB2FB681B681A6121E0C5
:100780003B891B0A9BB2DAB2FB681B681A617A6A62
:10079000396AF86800F0F8FA0346002B0DD0FB68C0
:1007A0001B6C042B07D1FB681B681A68FB681B686D
:1007B00042F400721A60012350E03B89DAB2FB6810
:1007C0001B681A617A6A396AF86800F0DDFA034634
:1007D000002B0DD0FB681B6C042B07D1FB681B683A
:1007E0001A68FB681B6842F400721A60012335E046
:1007F000FB681B681A68FB681B6842F480721A6009
:100800007B6A00933B6A00224FF00111F86800F008
:10081000E5F90346002B0DD0FB681B681B6803F449
:100820008073B3F5807F03D1FB684FF400721A64C4
:10083000032313E07B89DBB243F00103DAB2FB68E8
:100840001B681A617B6A3A6A0649F86800F01DFA6B
:100850000346002B01D0012300E00023184618377F
:10086000BD4680BD0200010080B586B000AF786053
:100870007B689B6B7B617B6993F83D30FB747B6984
:1008800093F83E30BB747B69DB6AFB607B691B6855
:100890005A687B691B6822F440725A607B695B6B03
:1008A000002B03D07B695B6B0022DA637B699B6B57
:1008B000002B03D07B699B6B0022DA63FB7C03F087
:1008C0002103212B07D0FB7C03F02203222B31D103
:1008D000BB7C202B2ED17B691B685A687B691B6807
:1008E00022F400625A607B6900225A85FB7C292B26
:1008F0000AD17B6921221A637B69282283F83D2073
:100900007869FEF70BFB0CE0FB7C2A2B09D17B6995
:1009100022221A637B69282283F83D207869FEF73A
:1009200007FB7B691B685A687B691B6842F440724D
:100930005A606AE07B6993F83E30DBB2002B64D0EA
:100940007B695B8D9BB2012B07D17B691B681A68A1
:100950007B691B6822F480621A607B691B685A6895
:100960007B691B6822F440725A60FB6813F5803F74
:1009700009D0FB68082B06D0FB68B3F12A4F02D0E0
:10098000FB68202B07D17B691B681A687B691B6891
:1009900042F400721A607B691B685A687B691B68A5
:1009A00022F480525A607B691B685A687B691B6815
:1009B00022F400625A607B6900225A857B691B6CB5
:1009C000002B03D07869FEF7E9FA1EE07B6920224C
:1009D00083F83D207B6993F83E30DBB2402B0AD18F
:1009E0007B69002283F83E207B6900221A637869C4
:1009F000FEF7CAFA09E07B69002283F83E207B6992
:100A000012221A637869FEF77FFA00BF1837BD46D5
:100A100080BD80B584B000AF78607B689B6BFB6065
:100A2000FB685B6B002B03D0FB685B6B0022DA6317
:100A3000FB689B6B002B03D0FB689B6B0022DA6387
:100A4000786807F09AFD0346022B1BD0FB681B68F1
:100A50001A68FB681B6822F480621A60FB68002237
:100A60005A85FB68202283F83D20FB68002283F82A
:100A70003E20FB681B6C43F01002FB681A64F868A8
:100A8000FEF78CFA00BF1037BD4680BD80B586B03A
:100A900000AF78600023FB607B689B6B7B617B69A8
:100AA00093F83D30FB744B4B1B68DB084A4AA2FBB2
:100AB00003231A0A13469B001344DA00D31AFB607F
:100AC000FB68002B06D17B691B6C43F020027B691D
:100AD0001A640AE0FB68013BFB607B691B681B68CA
:100AE00003F40073B3F5007FEAD07B695B6B002BE6
:100AF00003D07B695B6B0022DA637B699B6B002B05
:100B000003D07B699B6B0022DA637B691B681A68E0
:100B10007B691B6822F480621A607B6900225A8517
:100B20007B695B6B002B03D07B695B6B00221A65D2
:100B30007B699B6B002B03D07B699B6B00221A6542
:100B40007B691B681A687B691B6822F001021A60C6
:100B50007B6993F83D30DBB2602B0ED17B6920229C
:100B600083F83D207B69002283F83E207B690022C8
:100B70001A647869FEF71CFA27E0FB7C03F028036F
:100B8000282B17D17B691B681A687B691B6842F0A8
:100B900001021A607B691B681A687B691B6842F452
:100BA00080621A607B6900221A637B69282283F8BD
:100BB0003D2007E07B69202283F83D207B690022ED
:100BC00083F83E207869FEF7E9F900BF1837BD4683
:100BD00080BD00BF4400002089B5F81480B584B002
:100BE00000AFF860B9603B601346FB7125E03B68DD
:100BF000B3F1FF3F21D00FF0B5FE0246BB69D31A17
:100C00003A689A4202D33B68002B16D1FB68002257
:100C10001A63FB68202283F83D20FB68002283F8DA
:100C20003E20FB681B6C43F02002FB681A64FB68E3
:100C3000002283F83C20012323E0BB681B0CDBB2BD
:100C4000012B0DD1FB681B685B69DA43BB6813405D
:100C50009BB2002B0CBF01230023DBB21A460CE031
:100C6000FB681B689B69DA43BB6813409BB2002B8F
:100C70000CBF01230023DBB21A46FB799A42B6D09F
:100C8000002318461037BD4680BD80B584B000AF44
:100C9000F860B9607A603B6051E0FB681B685B6993
:100CA00003F48063B3F5806F23D1FB681B681A6877
:100CB000FB681B6842F400721A60FB681B686FF4E3
:100CC00080625A61FB6800221A63FB68202283F865
:100CD0003D20FB68002283F83E20FB681B6C43F03C
:100CE0000402FB681A64FB68002283F83C2001239D
:100CF00046E07B68B3F1FF3F21D00FF033FE0246A0
:100D00003B68D31A7A689A4202D37B68002B16D1CB
:100D1000FB6800221A63FB68202283F83D20FB68F1
:100D2000002283F83E20FB681B6C43F02002FB6826
:100D30001A64FB68002283F83C20012320E0BB6892
:100D40001B0CDBB2012B0CD1FB681B685B69DA431F
:100D5000BB6813409BB2002B14BF01230023DBB2FE
:100D60000BE0FB681B689B69DA43BB6813409BB2CE
:100D7000002B14BF01230023DBB2002B8DD10023F5
:100D800018461037BD4680BD80B584B000AFF8600E
:100D9000B9607A602DE0F86800F03EF90346002B58
:100DA00001D001232DE0BB68B3F1FF3F21D00FF04C
:100DB000D9FD02467B68D31ABA689A4202D3BB684F
:100DC000002B16D1FB6800221A63FB68202283F8EF
:100DD0003D20FB68002283F83E20FB681B6C43F03B
:100DE0002002FB681A64FB68002283F83C20012380
:100DF00007E0FB681B685B6903F08003802BCAD1A6
:100E0000002318461037BD4680BD80B584B000AFC2
:100E1000F860B9607A602DE0F86800F0FDF80346EC
:100E2000002B01D001232DE0BB68B3F1FF3F21D09F
:100E30000FF098FD02467B68D31ABA689A4202D333
:100E4000BB68002B16D1FB6800221A63FB682022C6
:100E500083F83D20FB68002283F83E20FB681B6C72
:100E600043F02002FB681A64FB68002283F83C20F0
:100E7000012307E0FB681B685B6903F00403042B94
:100E8000CAD1002318461037BD4680BD80B584B056
:100E900000AFF860B9607A6029E0F86800F0BCF84B
:100EA0000346002B01D0012329E00FF05BFD024631
:100EB0007B68D31ABA689A4202D3BB68002B16D15A
:100EC000FB6800221A63FB68202283F83D20FB6840
:100ED000002283F83E20FB681B6C43F02002FB6875
:100EE0001A64FB68002283F83C20012307E0FB68BA
:100EF0001B685B6903F01003102BCED1002318464A
:100F00001037BD4680BD80B485B000AF7860002347
:100F1000FB60144B1B68DB08134AA2FB03231A0A6D
:100F200013469B001344FB60FB68013BFB60FB68BE
:100F3000002B07D17B681B6C43F020027B681A648E
:100F4000012308E07B681B681B6803F40073B3F59A
:100F5000007FE9D0002318461437BD465DF8047BB6
:100F6000704700BF4400002089B5F81480B584B0F4
:100F700000AFF860B9607A6042E0FB681B685B69AB
:100F800003F01003102B19D1FB681B686FF01002DF
:100F90005A61FB6800221A63FB68202283F83D2017
:100FA000FB68002283F83E20FB681A6CFB681A6419
:100FB000FB68002283F83C20012329E00FF0D2FCDB
:100FC00002467B68D31ABA689A4202D3BB68002BE8
:100FD00016D1FB6800221A63FB68202283F83D20AB
:100FE000FB68002283F83E20FB681B6C43F0200264
:100FF000FB681A64FB68002283F83C20012307E0A9
:10100000FB681B685B6903F04003402BB5D10023EC
:1010100018461037BD4680BD80B483B000AF7860FD
:101020007B681B685B6903F48063B3F5806F1BD139
:101030007B681B686FF480625A617B6800221A63C8
:101040007B68202283F83D207B68002283F83E20C5
:101050007B681B6C43F004027B681A647B68002287
:1010600083F83C20012300E0002318460C37BD46DE
:101070005DF8047B704780B483B000AF78607B6814
:10108000DB6AB3F52A0F03D17B680122DA6207E03D
:101090007B68DB6AB3F12A4F02D17B680822DA62EF
:1010A00000BF0C37BD465DF8047B704780B487B045
:1010B00000AFF860B9607A6000237B61FB681B7F3A
:1010C000012B01D1022340E0FB6801221A77FB6863
:1010D00002225A77FB681B689B6823F4006323F0A5
:1010E00008037B617A69BB6813437B61FB681B68FB
:1010F000CA225A62FB681B6853225A62FB681B684B
:101100001A6CFB681B6822F400321A64FB681B68C7
:10111000196CFB681B687A680A431A64FB681B68D1
:101120007A699A60FB681B689A68FB681B6842F4DE
:1011300000629A60FB681B68FF225A62FB6801220A
:101140005A77FB6800221A77002318461C37BD46E1
:101150005DF8047B704780B487B000AFF860B96079
:101160007A6000237B61FB681B7F012B01D1022386
:101170005DE0FB6801221A77FB6802225A77FB6860
:101180001B689B6823F4006323F008037B617A6982
:10119000BB6813437B61FB681B68CA225A62FB6809
:1011A0001B6853225A62FB681B687A699A60FB6865
:1011B0001B681A6CFB681B6822F400321A64FB6817
:1011C0001B68196CFB681B687A680A431A64FB6821
:1011D0001B68DB68DAB2FB681B6862F40862DA60DD
:1011E000FB681B689A68FB681B6842F400629A609F
:1011F000FB681B689A68FB681B6842F400429A60AF
:101200000E4B1B680D4A43F4001313600B4B9B6895
:101210000A4A43F400139360FB681B68FF225A627A
:10122000FB6801225A77FB6800221A7700231846D0
:101230001C37BD465DF8047B704700BF003C014091
:1012400080B485B000AF78600023FB607B681B7FB3
:10125000012B01D102232CE07B6801221A777B68E5
:1012600002225A777B681B68CA225A627B681B6815
:1012700053225A627B681B689A687B681B6822F459
:1012800000429A607B681B689B6823F4006323F02C
:101290000803FB607B681B68FA689A607B681B68C0
:1012A000FF225A627B6801225A777B6800221A77F4
:1012B000002318461437BD465DF8047B704780B59F
:1012C00086B000AFF860B9607A603B6000237B6154
:1012D00000233B61FB681B681B6B03F07F3323F02B
:1012E000FE437B61FB681B685B6B23F07F4323F04D
:1012F000C0033B617B691B0CDBB203F03F03DAB236
:10130000BB681A707B691B0ADBB203F07F03DAB299
:10131000BB685A707B69DBB203F07F03DAB2BB684B
:101320009A707B691B0CDBB203F04003DAB2BB6836
:10133000DA70FB681B689A6BBB685A607B68002296
:10134000DA703B691B0ADBB203F01F03DAB27B6879
:101350005A703B69DBB203F03F03DAB27B689A70E4
:101360003B695B0BDBB203F00703DAB27B681A70F0
:101370003B68002B35D1BB681B7818460CF079FF11
:1013800003461A46BB681A70BB685B7818460CF0B7
:1013900070FF03461A46BB685A70BB689B781846B4
:1013A0000CF067FF03461A46BB689A707B685B784F
:1013B00018460CF05EFF03461A467B685A707B683D
:1013C0009B7818460CF055FF03461A467B689A70C6
:1013D0007B681B7818460CF04CFF03461A467B6866
:1013E0001A70FB681B68DB68DAB2FB681B6862F482
:1013F0000862DA60002318461837BD4680BD80B405
:1014000085B000AF786039600023FB607B681B7F8C
:10141000012B01D1022347E07B6801221A777B6808
:1014200002225A773B689B68002B04D03B681B68FC
:101430005A003B689A603B681A683B685B681A43CD
:101440003B689B681A433B68DB681A433B681B692F
:101450001A433B685B691A433B689B691A433B68C4
:10146000DB691343FB607B681B68196C3B681A6877
:101470003B681B685B00134343F4FF3343F4C273C0
:10148000DA437B681B680A401A647B681B68196C26
:101490007B681B68FA680A431A647B6801225A77E2
:1014A0007B6800221A77002318461437BD465DF882
:1014B000047B704780B485B000AF7860396000234A
:1014C000FB607B681B7F012B01D1022372E07B68EC
:1014D00001221A777B6802225A773B689B68002BAF
:1014E00004D03B681B685A003B689A603B681A68E6
:1014F0003B685B681A433B689B681A433B68DB6840
:101500001A433B681B691A433B685B691A433B6893
:101510009B691A433B68DB691343FB607B681B686C
:10152000196C3B681A683B681B685B00134343F403
:10153000FF3343F4C073DA437B681B680A401A64C4
:101540007B681B68196C7B681B68FA680A431A641D
:101550007B681B681A6C7B681B6842F004021A6483
:101560003B681B68012B09D17B681B68DB68DAB21A
:101570007B681B6862F40252DA6008E07B681B68D3
:10158000DB68DAB27B681B6862F48142DA600C4B7C
:101590001B680B4A43F400131360094B9B68084A0D
:1015A00043F4001393607B6801225A777B68002222
:1015B0001A77002318461437BD465DF8047B704740
:1015C000003C014080B483B000AF786039607B6834
:1015D0001B7F012B01D1022315E07B6801221A77C2
:1015E0007B6802225A777B681B68196C3B68DA4378
:1015F0007B681B680A401A647B6801225A777B6803
:1016000000221A77002318460C37BD465DF8047B8C
:10161000704780B582B000AF78607B681B689B68BC
:1016200003F40043002B12D07B681B68DB6803F4D3
:101630000063002B0BD0786800F04AF87B681B68C9
:10164000DB68DAB27B681B6862F40862DA607B6888
:101650001B681B6C03F00403002B12D07B681B6813
:10166000DB6803F40053002B0BD0786800F03AF8E5
:101670007B681B68DB68DAB27B681B6862F4025225
:10168000DA607B681B681B6C03F00403002B12D02C
:101690007B681B68DB6803F48043002B0BD0786801
:1016A00000F02AF87B681B68DB68DAB27B681B688D
:1016B00062F48142DA60054B4FF400125A617B6894
:1016C00001225A7700BF0837BD4680BD003C01406B
:1016D00080B483B000AF786000BF0C37BD465DF8C2
:1016E000047B704780B483B000AF786000BF0C37D4
:1016F000BD465DF8047B704780B483B000AF78606E
:1017000000BF0C37BD465DF8047B704780B584B0E0
:1017100000AF786039600023FB600FF023F9F860B8
:1017200028E07B681B68DB6803F48053002B0DD036
:101730007B681B68DB68DAB27B681B6862F48452E2
:10174000DA607B6804225A7701231EE03B68B3F11C
:10175000FF3F0FD03B68002B07D00FF003F9024684
:10176000FB68D31A3A689A4204D27B6803225A77FC
:1017700003230AE07B681B68DB6803F40063002B2B
:10178000CFD07B6801225A77002318461037BD4618
:1017900080BD80B584B000AF786039600023FB6005
:1017A0000FF0E0F8F86013E03B68B3F1FF3F0FD0B3
:1017B0003B68002B07D00FF0D5F80246FB68D31A20
:1017C0003A689A4204D27B6803225A77032313E0D3
:1017D0007B681B68DB6803F40053002BE4D07B6854
:1017E0001B68DB68DAB27B681B6862F40252DA605D
:1017F0007B6801225A77002318461037BD4680BD0A
:1018000080B584B000AF786039600023FB600FF0D2
:10181000A9F8F86013E03B68B3F1FF3F0FD03B68D5
:10182000002B07D00FF09EF80246FB68D31A3A68E7
:101830009A4204D27B6803225A77032313E07B6821
:101840001B68DB6803F48043002BE4D07B681B68D3
:10185000DB68DAB27B681B6862F48142DA607B681D
:1018600001225A77002318461037BD4680BD80B547
:1018700086B000AFF860B9607A6000237B61FB68D6
:101880001B7F012B01D1022381E0FB6801221A7723
:10189000FB6802225A77FB681B68CA225A62FB68FF
:1018A0001B6853225A62FB681B689B6803F48063C1
:1018B000002B1ED00FF056F8786113E00FF052F8AD
:1018C00002467B69D31AB3F57A7F0BD9FB681B6894
:1018D000FF225A62FB6803225A77FB6800221A77BC
:1018E000032354E0FB681B68DB6803F00403002B50
:1018F000E4D1FB681B689A68FB681B6822F480626D
:101900009A600FF02FF8786113E00FF02BF8024681
:101910007B69D31AB3F57A7F0BD9FB681B68FF226A
:101920005A62FB6803225A77FB6800221A77032366
:101930002DE0FB681B68DB6803F00403002BE4D098
:10194000FB681B689A68FB681B6822F007029A60B4
:10195000FB681B689968FB681B687A680A439A6091
:10196000FB681B68BA685A61FB681B689A68FB6869
:101970001B6842F480629A60FB681B68FF225A620F
:10198000FB6801225A77FB6800221A770023184669
:101990001837BD4680BD80B487B000AFF860B9602D
:1019A0007A60FB681B7F012B01D10223A6E0FB6854
:1019B00001221A77FB6802225A77FB681B68CA2249
:1019C0005A62FB681B6853225A62FB681B689B685B
:1019D00003F48063002B22D04B4B1B684B4AA2FBC5
:1019E0000323DB0A4FF47A7202FB03F37B617B690A
:1019F0005A1E7A61002B0BD1FB681B68FF225A62CA
:101A0000FB6803225A77FB6800221A77032375E0EC
:101A1000FB681B68DB6803F00403002BE7D1FB685D
:101A20001B689A68FB681B6822F480629A60364BD8
:101A30001B68364AA2FB0323DB0A4FF47A7202FBCF
:101A400003F37B617B695A1E7A61002B0BD1FB6823
:101A50001B68FF225A62FB6803225A77FB68002248
:101A60001A7703234AE0FB681B68DB6803F0040372
:101A7000002BE7D0FB681B68BA685A61FB681B68DB
:101A80009A68FB681B6822F007029A60FB681B6873
:101A90009968FB681B687A680A439A601C4B1B684C
:101AA0001B4A43F480031360194B9B68184A43F4A4
:101AB00080039360FB681B68DB68DAB2FB681B6815
:101AC00062F49062DA60FB681B689A68FB681B68C6
:101AD00042F480429A60FB681B689A68FB681B6846
:101AE00042F480629A60FB681B68FF225A62FB68BE
:101AF00001225A77FB6800221A77002318461C3708
:101B0000BD465DF8047B704744000020D34D621051
:101B1000003C014080B584B000AF78600023FB60DA
:101B20007B681B7F012B01D1022347E07B680122E8
:101B30001A777B6802225A777B681B68CA225A622E
:101B40007B681B6853225A627B681B689A687B68B3
:101B50001B6822F480629A607B681B689A687B68C5
:101B60001B6822F480429A600EF0FCFEF86013E0DD
:101B70000EF0F8FE0246FB68D31AB3F57A7F0BD954
:101B80007B681B68FF225A627B6803225A777B6856
:101B900000221A77032311E07B681B68DB6803F0DF
:101BA0000403002BE4D07B681B68FF225A627B6829
:101BB00001225A777B6800221A77002318461037D3
:101BC000BD4680BD80B483B000AF78607B681B6881
:101BD0005B699BB218460C37BD465DF8047B7047C5
:101BE00080B582B000AF78607B681B68DB6803F467
:101BF0008063002B0BD0786800F016F87B681B68B8
:101C0000DB68DAB27B681B6862F49062DA60054BCD
:101C10004FF480025A617B6801225A7700BF08376F
:101C2000BD4680BD003C014080B483B000AF786009
:101C300000BF0C37BD465DF8047B704780B584B0AB
:101C400000AF786039600023FB600EF08BFEF86017
:101C500013E03B68B3F1FF3F0FD03B68002B07D088
:101C60000EF080FE0246FB68D31A3A689A4204D20C
:101C70007B6803225A77032313E07B681B68DB68C9
:101C800003F48063002BE4D07B681B68DB68DAB266
:101C90007B681B6862F49062DA607B6801225A7785
:101CA000002318461037BD4680BD80B487B000AF12
:101CB000F860B9607A6000237B61FB681B68503371
:101CC0007B61BB689B007A6913447B617B697A689E
:101CD0001A6000BF1C37BD465DF8047B704780B4B6
:101CE00085B000AF786039600023FB607B681B68BB
:101CF0005033FB603B689B00FA681344FB60FB6851
:101D00001B6818461437BD465DF8047B704780B5E4
:101D100084B000AFF860B9607A60FB681B7F012B6C
:101D200001D1022340E0FB6801221A77FB680222FE
:101D30005A77FB681B68CA225A62FB681B685322E9
:101D40005A62F8680CF04BFA0346002B0BD0FB6884
:101D50001B68FF225A62FB6804225A77FB68002244
:101D60001A77012320E0FB681B689A68FB681B68F0
:101D700042F080029A60FB681B68B9687A680A437F
:101D80009A61FB681B68DA68FB681B6822F08002B6
:101D9000DA60FB681B68FF225A62FB6801225A77EF
:101DA000FB6800221A77002318461037BD4680BD15
:101DB00080B582B000AF78607B681B7F012B01D1BA
:101DC00002233AE07B6801221A777B6802225A7765
:101DD0007B681B68CA225A627B681B6853225A625E
:101DE00078680CF0FCF90346002B0BD07B681B686D
:101DF000FF225A627B6804225A777B6800221A7796
:101E000001231AE07B681B689A687B681B6822F0D4
:101E100080029A607B681B68DA687B681B6822F026
:101E20008002DA607B681B68FF225A627B680122AD
:101E30005A777B6800221A77002318460837BD4678
:101E400080BD80B586B000AFF860B9607A603B6055
:101E500000237B61FB681B7F012B01D1022347E03C
:101E6000FB6801221A77FB6802225A77FB681B681D
:101E7000CA225A62FB681B6853225A62FB681B68BD
:101E8000DB6803F48033002B1ED00EF06BFD78610D
:101E900013E00EF067FD02467B69D31AB3F57A7F33
:101EA0000BD9FB681B68FF225A62FB6803225A7732
:101EB000FB6800221A7703231AE0FB681B68DB68C3
:101EC00003F48033002BE4D1BA687B6842EA030153
:101ED000FB681B683A680A43DA63FB681B68FF22E9
:101EE0005A62FB6801225A77FB6800221A770023A6
:101EF00018461837BD4680BD80B586B000AFF86083
:101F0000B9607A6000237B61FB681B7F012B01D1E4
:101F1000022369E0FB6801221A77FB6802225A77E4
:101F2000FB681B68CA225A62FB681B6853225A620C
:101F30000EF018FD786113E00EF014FD02467B6987
:101F4000D31AB3F57A7F0BD9FB681B68FF225A625C
:101F5000FB6803225A77FB6800221A77032343E0C9
:101F6000FB681B68DB6803F00803002BE4D1FB6807
:101F70001B689B6803F01003002B1ED1FB681B68D5
:101F80007968BA680A43DA62FB681B689B6803F0E9
:101F90002003002B1DD1F8680CF065F80346002BD8
:101FA00017D0FB681B68FF225A62FB6804225A772D
:101FB000FB6800221A77012316E0FB681B68FF22EA
:101FC0005A62FB6804225A77FB6800221A770123C1
:101FD0000AE0FB681B68FF225A62FB6801225A77FD
:101FE000FB6800221A77002318461837BD4680BDCB
:101FF00080B483B000AF786039607B681B7F012BB1
:1020000001D1022330E07B6801221A777B6802222B
:102010005A777B681B68CA225A627B681B68532206
:102020005A627B681B689A687B681B6822F40022EE
:102030009A607B681B6899687B681B683A680A43EA
:102040009A607B681B689A687B681B6842F4000290
:102050009A607B681B68FF225A627B6801225A776C
:102060007B6800221A77002318460C37BD465DF8BE
:10207000047B704780B483B000AF78607B681B7FBF
:10208000012B01D1022320E07B6801221A777B68B3
:1020900002225A777B681B68CA225A627B681B68D7
:1020A00053225A627B681B689A687B681B6822F41B
:1020B00000029A607B681B68FF225A627B680122DB
:1020C0005A777B6800221A77002318460C37BD46E2
:1020D0005DF8047B704780B582B000AF78607B68A4
:1020E0001B7F012B01D102233AE07B6801221A7782
:1020F0007B6802225A777B681B68CA225A627B6817
:102100001B6853225A6278680CF069F80346002B6A
:102110000BD07B681B68FF225A627B6804225A77C7
:102120007B6800221A7701231AE07B681B689A6893
:102130007B681B6842F010029A607B681B68DA6853
:102140007B681B6822F08002DA607B681B68FF22D4
:102150005A627B6801225A777B6800221A77002333
:1021600018460837BD4680BD80B582B000AF7860A4
:102170007B681B7F012B01D102233AE07B6801229F
:102180001A777B6802225A777B681B68CA225A62D8
:102190007B681B6853225A6278680CF020F803466B
:1021A000002B0BD07B681B68FF225A627B680422DD
:1021B0005A777B6800221A7701231AE07B681B6834
:1021C0009A687B681B6822F010029A607B681B6823
:1021D000DA687B681B6822F08002DA607B681B6823
:1021E000FF225A627B6801225A777B6800221A77A5
:1021F000002318460837BD4680BD80B483B000AFC9
:1022000078607B681B7F012B01D1022320E07B6873
:1022100001221A777B6802225A777B681B68CA22E0
:102220005A627B681B6853225A627B681B689A68F3
:102230007B681B6842F020029A607B681B68FF2263
:102240005A627B6801225A777B6800221A77002342
:1022500018460C37BD465DF8047B704780B483B0E8
:1022600000AF78607B681B7F012B01D1022320E047
:102270007B6801221A777B6802225A777B681B6889
:10228000CA225A627B681B6853225A627B681B68A9
:102290009A687B681B6802F0DF029A607B681B68A3
:1022A000FF225A627B6801225A777B6800221A77E4
:1022B000002318460C37BD465DF8047B704780B498
:1022C00083B000AF786000BF0C37BD465DF8047B7B
:1022D000704780B584B000AF786039600023FB6040
:1022E0000EF040FBF86013E03B68B3F1FF3F0FD006
:1022F0003B68002B07D00EF035FB0246FB68D31A73
:102300003A689A4204D27B6803225A77032313E087
:102310007B681B68DB6803F40073002BE4D07B68E8
:102320001B68DB68DAB27B681B6862F42072DA60D3
:102330007B6801225A77002318461037BD4680BDBE
:1023400080B582B000AF00237B600E4B01221A6083
:102350000EF008FB786009E00EF004FB02467B6893
:10236000D31AB3F57A7F01D9032306E0064B5B68E5
:1023700003F00803082BEFD1002318460837BD46A9
:1023800080BD00BFA4000E420070004080B582B046
:1023900000AF00237B600E4B00221A600EF0E2FAC1
:1023A000786009E00EF0DEFA02467B68D31AB3F5D6
:1023B0007A7F01D9032306E0064B5B6803F008032C
:1023C000082BEFD0002318460837BD4680BD00BF5C
:1023D000A4000E420070004080B400AF034B012205
:1023E0001A6000BFBD465DF8047B704724000E42B2
:1023F00080B400AF034B00221A6000BFBD465DF8F9
:10240000047B704724000E4280B400AF044B1B686D
:1024100003F440431846BD465DF8047B704700BF97
:102420000070004080B586B000AF786000237B610B
:1024300000233B61354B1B6C344A43F080531364DB
:10244000324B1B6C03F080533B613B692F4B9B6805
:1024500003F00C03082B51D02D4B00221A600EF014
:1024600081FA786108E00EF07DFA02467B69D31AA2
:10247000022B01D9032344E0244B1B6803F00073B3
:10248000002BF0D10023FB60224B1B6823F4404259
:1024900020497B6813430B601E4B1B6803F44043C9
:1024A000FB60FB681A4B01221A600EF05BFA786140
:1024B00008E00EF057FA02467B69D31A022B01D9C5
:1024C00003231EE0114B1B6803F00073002BF0D0B8
:1024D0000EF048FA786109E00EF044FA02467B6992
:1024E000D31AB3F57A7F01D903230AE0094B5B685D
:1024F00003F48043B3F5804FEED101E0012300E007
:10250000002318461837BD4680BD00BF0038024082
:10251000600047420070004080B582B000AF0023E9
:102520007B6000233B60204B1B6C1F4A43F08053B1
:1025300013641D4B1B6C03F080533B603B681B4BCB
:1025400001221A600EF00EFA786009E00EF00AFA25
:1025500002467B68D31AB3F57A7F01D903231FE0C3
:10256000134B5B6803F48033B3F5803FEED1114B1E
:1025700001221A600EF0F6F9786009E00EF0F2F927
:1025800002467B68D31AB3F57A7F01D9032307E0AB
:10259000074B5B6803F40033B3F5003FEED1002333
:1025A00018460837BD4680BD0038024040000E4244
:1025B0000070004044000E4280B582B000AF00239E
:1025C0007B6000233B60204B1B6C1F4A43F0805311
:1025D00013641D4B1B6C03F080533B603B681B4B2B
:1025E00000221A600EF0BEF9786009E00EF0BAF928
:1025F00002467B68D31AB3F57A7F01D903231FE023
:10260000134B5B6803F40033B3F5003FEED0114B7E
:1026100000221A600EF0A6F9786009E00EF0A2F927
:1026200002467B68D31AB3F57A7F01D9032307E00A
:10263000074B5B6803F48033B3F5803FEED0002393
:1026400018460837BD4680BD0038024044000E429F
:102650000070004040000E4280B485B000AF78604A
:102660000B46FB700023FB600023BB60204B1B6C00
:102670001F4A43F0805313641D4B1B6C03F08053BF
:10268000BB60BB681B4B5B681A4A43F44023536032
:10269000184B1B68174A43F440231360154B1B6803
:1026A000FB60FB6823F4406323F00303FB60FA68DC
:1026B0007B681343FB600F4AFB6813600E4B1B697A
:1026C0000D4A43F004031361FB78012B01D130BFA5
:1026D00000E020BF084B1B69074A23F00403136185
:1026E000002318461437BD465DF8047B704700BFD1
:1026F000003802400070004000ED00E080B586B078
:1027000000AF786000237B6100233B617B681B681E
:1027100003F00103002B0BD17B681B6803F002035D
:10272000002B05D17B681B6803F04003002B75D09C
:10273000AD4B00221A600EF015F9786108E00EF03A
:1027400011F902467B69D31A022B01D903238BE1CD
:10275000A64B1B6803F00063002BF0D17B681B685D
:1027600003F00103002B09D07B685B689A017B684A
:102770009B681B079D491343C1F884307B681B6825
:1027800003F00203002B1FD0984BD3F884301B0FAB
:1027900003F007033B617B685B689A017B68DB6839
:1027A0001B061A433B691B0790491343C1F8843049
:1027B0008E4BD3F88C3023F01F027B68DB69013B22
:1027C0008A491343C1F88C307B681B6803F04003CF
:1027D000002B0DD07B685B689A017B68DB681B0669
:1027E0001A437B689B681B0780491343C1F88430F8
:1027F0007D4B01221A600EF0B5F8786108E00EF00A
:10280000B1F802467B69D31A022B01D903232BE1CD
:10281000764B1B6803F00063002BF0D07B681B68CD
:1028200003F00403002B05D17B681B6803F0080349
:10283000002B79D06E4B00221A600EF093F878616D
:1028400008E00EF08FF802467B69D31A022B01D9FB
:10285000032309E1654B1B6803F00053B3F1005FEC
:10286000EFD07B681B6803F00403002B20D05F4B84
:10287000D3F888301B0F03F007033B617B681B69AB
:102880009A017B685B691B061A433B691B07574922
:102890001343C1F88830554BD3F88C3023F4F852E9
:1028A0007B681B6A013B1B0250491343C1F88C3003
:1028B0007B681B6803F00803002B1ED04B4BD3F83A
:1028C00088301B0E03F00F033B617B681B699A0184
:1028D0003B691B061A437B689B691B0743491343EB
:1028E000C1F88830414BD3F88C3023F440327B68F8
:1028F0005B6A3E491343C1F88C303D4B01221A609C
:102900000EF030F8786108E00EF02CF802467B6992
:10291000D31A022B01D90323A6E0344B1B6803F022
:102920000053B3F1005FEFD17B681B6803F0200315
:10293000002B00F08D800023FB602C4B1B6C2B4A7E
:1029400043F080531364294B1B6C03F08053FB60EE
:10295000FB68284B1B68274A43F4807313600EF012
:1029600001F8786108E00DF0FDFF02467B69D31A9B
:10297000022B01D9032377E01E4B1B6803F48073FD
:10298000002BF0D0194B1B6F03F440733B613B6984
:10299000002B39D07B689B6A03F440733A699A42F2
:1029A00032D0124B1B6F23F440733B61124B012258
:1029B0001A60114B00221A600C4A3B6913670B4BDB
:1029C0001B6F03F00103012B1ED10DF0CBFF7861CB
:1029D00014E00DF0C7FF02467B69D31A41F288323A
:1029E00093420BD903233FE068004742003802407E
:1029F0007000474200700040400E47421C4B1B6F66
:102A000003F00203002BE4D07B689B6A03F440735D
:102A1000B3F5407F0DD1164B9B6823F4F8127B6809
:102A20009B6A23F0704323F44073114913438B6076
:102A300005E00F4B9B680E4A23F4F81393600C4B90
:102A40001A6F7B689B6AC3F30B03094913430B6737
:102A50007B681B6803F01003002B04D07B6893F89D
:102A60002C20044B1A60002318461837BD4680BD41
:102A700000380240E011474280B485B000AF786072
:102A80007B683F221A60344BD3F884309B09C3F330
:102A900008027B685A60304BD3F884301B0F03F078
:102AA00007027B689A602C4BD3F884301B0E03F02E
:102AB0000F027B68DA60284BD3F888309B09C3F398
:102AC00008027B681A61244BD3F888301B0F03F08F
:102AD00007027B689A61204BD3F888301B0E03F005
:102AE0000F027B685A611C4BD3F88C3003F01F0235
:102AF0007B68DA61184BD3F88C301B0A03F01F0295
:102B00007B681A62144BD3F88C3003F440327B6834
:102B10005A62114B9B6803F4F813FB600E4B1B6F5A
:102B200003F44072FB681A437B689A620A4BD3F83D
:102B30008C3003F08073002B04D17B68002283F873
:102B40002C2003E07B68012283F82C2000BF14377F
:102B5000BD465DF8047B70470038024080B487B002
:102B600000AF786000237B6100233B610023FB60A2
:102B70000023BB607B68012B3ED1234B9B6803F491
:102B80000003FB60FB68002B05D0FB68012B2FD1F5
:102B90001E4B7B612FE01C4B5B6803F48003B3F595
:102BA000800F08D1184B5B6803F03F03184AB2FB53
:102BB000F3F33B6107E0144B5B6803F03F03154AF6
:102BC000B2FBF3F33B61104BD3F884309B09C3F3A2
:102BD00008023B6902FB03F3BB600B4BD3F8843064
:102BE0001B0F03F00703BA68B2FBF3F37B6102E04B
:102BF00000237B6100BF00BF7B6918461C37BD46C0
:102C00005DF8047B704700BF003802400080BB00C5
:102C100040787D010024F40080B584B000AF786076
:102C20001F4B00221A600DF09DFEF86008E00DF0C9
:102C300099FE0246FB68D31A022B01D903232AE02E
:102C4000184B1B6803F00063002BF0D17B681B68F6
:102C50009A017B689B681B061A437B685B681B07AD
:102C600010491343C1F884300D4B01221A600DF056
:102C700079FEF86008E00DF075FE0246FB68D31A95
:102C8000022B01D9032306E0064B1B6803F0006307
:102C9000002BF0D0002318461037BD4680BD00BF82
:102CA000680047420038024080B582B000AF0D4B4B
:102CB00000221A600DF056FE786008E00DF052FE1A
:102CC00002467B68D31A022B01D9032306E0064B88
:102CD0001B6803F00063002BF0D10023184608376F
:102CE000BD4680BD680047420038024080B584B0D0
:102CF00000AF7860204B00221A600DF033FEF860C0
:102D000008E00DF02FFE0246FB68D31A022B01D912
:102D100003232CE0194B1B6803F00053B3F1005F51
:102D2000EFD07B681B689A017B685B681B061A43BF
:102D30007B689B681B0711491343C1F888300E4B11
:102D400001221A600DF00EFEF86008E00DF00AFE98
:102D50000246FB68D31A022B01D9032307E0074B75
:102D60001B6803F00053B3F1005FEFD10023184656
:102D70001037BD4680BD00BF70004742003802409A
:102D800080B582B000AF0E4B00221A600DF0EAFD54
:102D9000786008E00DF0E6FD02467B68D31A022B4E
:102DA00001D9032307E0074B1B6803F00053B3F17D
:102DB000005FEFD0002318460837BD4680BD00BF36
:102DC000700047420038024080B582B000AF0DF07D
:102DD000C9FD7860724B1B68714A43F001031360B0
:102DE00008E00DF0BFFD02467B68D31A022B01D923
:102DF0000323D0E06A4B1B6803F00203002BF0D0E2
:102E0000674B1B68664A43F0800313600DF0AAFD10
:102E10007860634B00229A600AE00DF0A3FD024641
:102E20007B68D31A41F28832934201D90323B2E07E
:102E30005B4B9B6803F00C03002BEED10DF092FD71
:102E40007860574B1B68564A23F45023136008E000
:102E50000DF088FD02467B68D31A642B01D9032349
:102E600099E04F4B1B6803F40033002BF0D10DF0B9
:102E700079FD78604A4B1B68494A23F080731360E0
:102E800008E00DF06FFD02467B68D31A022B01D9D2
:102E9000032380E0424B1B6803F00073002BF0D14A
:102EA0000DF060FD78603E4B1B683D4A23F0806367
:102EB000136008E00DF056FD02467B68D31A022B22
:102EC00001D9032367E0364B1B6803F00063002B36
:102ED000F0D10DF047FD7860314B1B68304A23F08C
:102EE0008053136008E00DF03DFD02467B68D31A65
:102EF000022B01D903234EE0294B1B6803F000533A
:102F0000002BF0D1264B274A5A60254B264AC3F89E
:102F10008420234B244AC3F88820214BDB68204AB5
:102F200023F4F853D3601E4BDB681D4A23F400538F
:102F3000D3601B4BDB681A4A23F48043D360184BE1
:102F4000DB68174A43F41F03D360154BDB68144A50
:102F500043F40013D360124BDB68114A43F480033F
:102F6000D3600F4B5B6F0E4A23F0010353670C4B8A
:102F70005B6F0B4A43F0807353670C4B0C4A1A602B
:102F80000C4B1B6818460DF0A9FC0346002B01D022
:102F9000012300E0002318460837BD4680BD00BF6E
:102FA00000380240103000040030002444000020AB
:102FB0000024F4003800002080B489B000AF7860AD
:102FC000396000237B6100233B610023BB61002348
:102FD000FB6177E10122FB6902FA03F37B613B6845
:102FE0001B687A6913403B613A697B699A4240F0F9
:102FF00066813B685B6803F00303012B05D03B68E7
:103000005B6803F00303022B30D17B689B68BB61D4
:10301000FB695B00032202FA03F3DB43BA69134046
:10302000BB613B68DA68FB695B0002FA03F3BA69CB
:103030001343BB617B68BA699A607B685B68BB615C
:103040000122FB6902FA03F3DB43BA691340BB6157
:103050003B685B681B0903F00102FB6902FA03F39A
:10306000BA691343BB617B68BA695A603B685B68A5
:1030700003F00303032B17D07B68DB68BB61FB699C
:103080005B00032202FA03F3DB43BA691340BB611E
:103090003B689A68FB695B0002FA03F3BA69134361
:1030A000BB617B68BA69DA603B685B6803F0030365
:1030B000022B23D1FB69DA087B68083253F82230EF
:1030C000BB61FB6903F007039B000F2202FA03F3C5
:1030D000DB43BA691340BB613B681A69FB6903F0C3
:1030E00007039B0002FA03F3BA691343BB61FB6950
:1030F000DA087B680832B96943F822107B681B68DC
:10310000BB61FB695B00032202FA03F3DB43BA698C
:103110001340BB613B685B6803F00302FB695B0023
:1031200002FA03F3BA691343BB617B68BA691A6098
:103130003B685B6803F44033002B00F0C080002341
:10314000FB60664B5B6C654A43F480435364634B9E
:103150005B6C03F48043FB60FB68614AFB699B087E
:10316000023352F82330BB61FB6903F003039B0079
:103170000F2202FA03F3DB43BA691340BB617B6899
:10318000584A934237D07B68574A934231D07B6884
:10319000564A93422BD07B68554A934225D07B6890
:1031A000544A93421FD07B68534A934219D07B689C
:1031B000524A934213D07B68514A93420DD07B68A8
:1031C000504A934207D07B684F4A934201D109236A
:1031D00012E00A2310E008230EE007230CE0062388
:1031E0000AE0052308E0042306E0032304E00223A9
:1031F00002E0012300E00023FA6902F003029200DA
:103200009340BA691343BB613549FB699B0802339C
:10321000BA6941F823203D4B1B68BB613B69DB4326
:10322000BA691340BB613B685B6803F48033002BD1
:1032300003D0BA693B691343BB61344ABB6913606D
:10324000324B5B68BB613B69DB43BA691340BB61CE
:103250003B685B6803F40033002B03D0BA693B6919
:103260001343BB61294ABB695360284B9B68BB6110
:103270003B69DB43BA691340BB613B685B6803F49D
:103280008013002B03D0BA693B691343BB611F4A0B
:10329000BB6993601D4BDB68BB613B69DB43BA696B
:1032A0001340BB613B685B6803F40013002B03D041
:1032B000BA693B691343BB61144ABB69D360FB69BC
:1032C0000133FB61FB690F2B7FF684AE00BF00BFAB
:1032D0002437BD465DF8047B704700BF00380240CC
:1032E0000038014000000240000402400008024093
:1032F000000C02400010024000140240001802407E
:10330000001C02400020024000240240003C01401A
:1033100080B487B000AF7860396000233B61002340
:10332000FB600023BB6000237B61D9E001227B6945
:1033300002FA03F33B613A683B691340FB60FA68A9
:103340003B699A4240F0C9806B4A7B699B08023313
:1033500052F82330BB607B6903F003039B000F220C
:1033600002FA03F3BA681340BB607B68634A934276
:1033700037D07B68624A934231D07B68614A93427E
:103380002BD07B68604A934225D07B685F4A93428A
:103390001FD07B685E4A934219D07B685D4A934296
:1033A00013D07B685C4A93420DD07B685B4A9342A2
:1033B00007D07B685A4A934201D1092312E00A23BD
:1033C00010E008230EE007230CE006230AE00523A3
:1033D00008E0042306E0032304E0022302E00123C3
:1033E00000E000237A6902F0030292009340BA6879
:1033F0009A4232D14B4B1A68FB68DB434949134070
:103400000B60484B5A68FB68DB43464913404B60EE
:10341000444B9A68FB68DB43424913408B60414B45
:10342000DA68FB68DB433F491340CB607B6903F0FC
:1034300003039B000F2202FA03F3BB602E4A7B6951
:103440009B08023352F82310BB68DA432A487B6991
:103450009B080A40023340F823207B681A687B6986
:103460005B00032101FA03F3DB431A407B681A6017
:103470007B69DA087B68083253F822107B6903F015
:1034800007039B000F2202FA03F3DB437A69D20899
:1034900019407B68083243F822107B68DA687B6940
:1034A0005B00032101FA03F3DB431A407B68DA6017
:1034B0007B685A6801217B6901FA03F3DB431A40F8
:1034C0007B685A607B689A687B695B00032101FA1C
:1034D00003F3DB431A407B689A607B6901337B61AD
:1034E0007B690F2B7FF622AF00BF00BF1C37BD46A4
:1034F0005DF8047B704700BF0038014000000240C7
:103500000004024000080240000C0240001002408B
:103510000014024000180240001C0240002002403B
:1035200000240240003C014080B485B000AF7860C8
:103530000B467B807B681A697B881340002B02D086
:103540000123FB7301E00023FB73FB7B1846143758
:10355000BD465DF8047B704780B483B000AF7860EF
:103560000B467B8013467B707B78002B03D07A88D8
:103570007B689A6103E07B881A047B689A6100BFCC
:103580000C37BD465DF8047B704780B485B000AF52
:1035900078600B467B807B685B69FB607A88FB68A0
:1035A00013401A04FB68D9437B880B401A437B689D
:1035B0009A6100BF1437BD465DF8047B704780B444
:1035C00085B000AF78600B467B804FF48033FB60A2
:1035D0007A88FB681343FB60FA687B68DA617A8853
:1035E0007B68DA61FA687B68DA617B68DB69FB60BB
:1035F0007B68DB6903F48033002B01D0002300E0FB
:10360000012318461437BD465DF8047B704780B52A
:1036100082B000AF0346FB80084B5A69FB88134019
:10362000002B06D0054AFB885361FB88184600F042
:1036300007F800BF0837BD4680BD00BF003C014011
:1036400080B483B000AF0346FB8000BF0C37BD469B
:103650005DF8047B704700BF80B58AB000AF78602A
:1036600039607B68002B01D101239AE07B6893F8D5
:103670003D30DBB2002B06D17B68002283F83C2072
:10368000786800F0D6F87B68022283F83D207B68DA
:103690001A687B6804331946104613F0E5FE7B6810
:1036A00018683B6819683B689B68032214F0BDF9F1
:1036B0007B681B689A697B681B6822F00C029A6120
:1036C0007B681B6899693B685A687B681B680A437A
:1036D0009A617B681B685A687B681B6842F08002AD
:1036E0005A607B681B689A687B681B6822F07002CE
:1036F0009A607B681B689A687B681B6842F040028E
:103700009A607B681B689A687B681B6822F00702D6
:103710009A607B681B689A687B681B6842F00402A9
:103720009A600023FB6100233B627023FB6000234F
:103730007B620023BB6100237B613B68DB683B61EC
:103740007B681B6807F10C021146184613F09CFFBA
:103750007B681B685A687B681B6822F070025A609D
:103760007B681B685A687B681B6842F050025A608D
:103770007B68012283F846207B68012283F83E2083
:103780007B68012283F83F207B68012283F8422076
:103790007B68012283F843207B68012283F83D2067
:1037A000002318462837BD4680BD80B582B000AFE3
:1037B00078607B68022283F83D207B681B681A6A68
:1037C00041F211131340002B0FD17B681B681A6A5A
:1037D00040F244431340002B07D17B681B681A68F2
:1037E0007B681B6822F001021A60786800F02BF8F1
:1037F0007B68002283F846207B68002283F83E2005
:103800007B68002283F83F207B68002283F84220F7
:103810007B68002283F843207B68002283F83D20E8
:103820007B68002283F83C20002318460837BD46F9
:1038300080BD80B483B000AF786000BF0C37BD4658
:103840005DF8047B704780B483B000AF786000BF40
:103850000C37BD465DF8047B704780B584B000AF7F
:1038600078607B6893F83E30FB737B6893F83F3059
:10387000BB737B6893F842307B737B6893F843306B
:103880003B73FB7B012B08D1BB7B012B05D17B7BE1
:10389000012B02D13B7B012B01D0012359E07B6836
:1038A000022283F83E207B68022283F83F207B6857
:1038B000022283F842207B68022283F843207B683F
:1038C0001B6801220021184614F072FA7B681B68FD
:1038D000224A934222D07B681B68B3F1804F1DD0EF
:1038E0007B681B681E4A934218D07B681B681D4A80
:1038F000934213D07B681B681B4A93420ED07B68AF
:103900001B681A4A934209D07B681B68184A934285
:1039100004D07B681B68174A934211D17B681B68EF
:103920009B6803F00703BB60BB68062B10D07B6865
:103930001B681A687B681B6842F001021A6007E086
:103940007B681B681A687B681B6842F001021A607A
:10395000002318461037BD4680BD00BF000001405F
:103960000004004000080040000C0040000401403A
:10397000004001400018004080B582B000AF786080
:103980007B681B6800220021184614F011FA7B683E
:103990001B681A6A41F211131340002B0FD17B6888
:1039A0001B681A6A40F244431340002B07D17B681E
:1039B0001B681A687B681B6822F001021A607B682A
:1039C000012283F83E207B68012283F83F207B6838
:1039D000012283F842207B68012283F843200023E0
:1039E00018460837BD4680BD80B584B000AF78600A
:1039F0007B6893F83E30FB737B6893F83F30BB7372
:103A00007B6893F842307B737B6893F843303B7359
:103A1000FB7B012B08D1BB7B012B05D17B7B012BD1
:103A200002D13B7B012B01D0012361E07B680222A4
:103A300083F83E207B68022283F83F207B680222C5
:103A400083F842207B68022283F843207B681B684E
:103A5000DA687B681B6842F00202DA607B681B68E8
:103A600001220021184614F0A3F97B681B68224A42
:103A7000934222D07B681B68B3F1804F1DD07B68D6
:103A80001B681E4A934218D07B681B681C4A9342ED
:103A900013D07B681B681B4A93420ED07B681B685F
:103AA000194A934209D07B681B68184A934204D094
:103AB0007B681B68164A934211D17B681B689B6820
:103AC00003F00703BB60BB68062B10D07B681B6844
:103AD0001A687B681B6842F001021A6007E07B6885
:103AE0001B681A687B681B6842F001021A60002399
:103AF00018461037BD4680BD00000140000400405C
:103B000000080040000C004000040140004001405B
:103B10000018004080B582B000AF78607B681B68F9
:103B200000220021184614F043F97B681B68DA680C
:103B30007B681B6822F00202DA607B681B681A6AE5
:103B400041F211131340002B0FD17B681B681A6AD6
:103B500040F244431340002B07D17B681B681A686E
:103B60007B681B6822F001021A607B68012283F8DF
:103B70003E207B68012283F83F207B68012283F886
:103B800042207B68012283F843200023184608372F
:103B9000BD4680BD80B586B000AFF860B960134601
:103BA000FB80FB6893F83E30FB75FB6893F842306E
:103BB000BB75FB7D022B02D0BB7D022B01D1022302
:103BC00086E0FB7D012B34D1BB7D012B31D1BB685D
:103BD000002B04D1FB88002B01D0012378E0FB6887
:103BE000022283F83E20FB68022283F8422000BFB5
:103BF000FB681B6801220021184614F0D9F8FB6805
:103C00005B6A354ADA63FB685B6A344A1A64FB68AC
:103C10005B6A334ADA64FB68586AFB681B683433B2
:103C20001946BA68FB8804F08CF80346002B04D0D0
:103C300001E001234CE001234AE0FB681B68DA68DD
:103C4000FB681B6842F40072DA60FB681B68254A57
:103C5000934222D0FB681B68B3F1804F1DD0FB68F4
:103C60001B68214A934218D0FB681B681F4A934285
:103C700013D0FB681B681E4A93420ED0FB681B687A
:103C80001C4A934209D0FB681B681B4A934204D02C
:103C9000FB681B68194A934211D1FB681B689B683B
:103CA00003F007033B613B69062B10D0FB681B68E0
:103CB0001A68FB681B6842F001021A6007E0FB68A3
:103CC0001B681A68FB681B6842F001021A60002337
:103CD00018461837BD4680BDA57202086D730208EC
:103CE0000371020800000140000400400008004089
:103CF000000C00400004014000400140001800405A
:103D000080B582B000AF78607B681B68002200211C
:103D1000184614F04DF87B681B68DA687B681B68EE
:103D200022F40072DA607B685B6A184604F0D1F80E
:103D30007B681B681A6A41F211131340002B0FD1E4
:103D40007B681B681A6A40F244431340002B07D17A
:103D50007B681B681A687B681B6822F001021A6086
:103D60007B68012283F83E207B68012283F8422091
:103D7000002318460837BD4680BD80B584B000AF2B
:103D8000786039603B68002B09D17B6893F842303A
:103D9000DBB2012B14BF01230023DBB222E03B681E
:103DA000042B09D17B6893F84330DBB2012B14BF9D
:103DB00001230023DBB215E03B68082B09D17B68A7
:103DC00093F84430DBB2012B14BF01230023DBB294
:103DD00008E07B6893F84530DBB2012B14BF012368
:103DE0000023DBB2002B01D001236DE03B68002BE8
:103DF00004D17B68022283F8422013E03B68042B45
:103E000004D17B68022283F843200BE03B68082B37
:103E100004D17B68022283F8442003E07B680222FD
:103E200083F845207B681B6804223968184601F036
:103E3000D2FD7B681B685A6C7B681B6842F40042A9
:103E40005A647B681B68224A934222D07B681B68B5
:103E5000B3F1804F1DD07B681B681E4A934218D077
:103E60007B681B681C4A934213D07B681B681B4A03
:103E700093420ED07B681B68194A934209D07B6835
:103E80001B68184A934204D07B681B68164A934209
:103E900011D17B681B689B6803F00703FB60FB681C
:103EA000062B10D07B681B681A687B681B6842F081
:103EB00001021A6007E07B681B681A687B681B6850
:103EC00042F001021A60002318461037BD4680BD3B
:103ED000000001400004004000080040000C0040C9
:103EE00000040140004001400018004080B582B04D
:103EF00000AF786039607B681B680022396818461B
:103F000001F069FD7B681B681A6A41F211131340C6
:103F1000002B0FD17B681B681A6A40F244431340A0
:103F2000002B07D17B681B685A6C7B681B6822F4E6
:103F300000425A647B681B681A6A41F211131340ED
:103F4000002B0FD17B681B681A6A40F24443134070
:103F5000002B07D17B681B681A687B681B6822F0FE
:103F600001021A603B68002B04D17B68012283F8B0
:103F7000422013E03B68042B04D17B68012283F8C4
:103F800043200BE03B68082B04D17B68012283F8B7
:103F9000442003E07B68012283F845200023184673
:103FA0000837BD4680BD80B584B000AF7860396009
:103FB0000023FB733B68002B09D17B6893F84230E8
:103FC000DBB2012B14BF01230023DBB222E03B68EC
:103FD000042B09D17B6893F84330DBB2012B14BF6B
:103FE00001230023DBB215E03B68082B09D17B6875
:103FF00093F84430DBB2012B14BF01230023DBB262
:1040000008E07B6893F84530DBB2012B14BF012335
:104010000023DBB2002B01D00123A3E03B68002B7F
:1040200004D17B68022283F8422013E03B68042B12
:1040300004D17B68022283F843200BE03B68082B05
:1040400004D17B68022283F8442003E07B680222CB
:1040500083F845203B68082B1BD03B68082B21D8F0
:104060003B68002B03D03B68042B09D01AE07B6827
:104070001B68DA687B681B6842F00202DA6014E0B1
:104080007B681B68DA687B681B6842F00402DA60B0
:104090000BE07B681B68DA687B681B6842F00802EB
:1040A000DA6002E00123FB7300BFFB7B002B58D1D9
:1040B0007B681B68DA687B681B6842F08002DA6004
:1040C0007B681B6804223968184601F084FC7B6811
:1040D0001B685A6C7B681B6842F400425A647B6818
:1040E0001B68224A934222D07B681B68B3F1804F41
:1040F0001DD07B681B681E4A934218D07B681B68E2
:104100001C4A934213D07B681B681B4A93420ED013
:104110007B681B68194A934209D07B681B68184A60
:10412000934204D07B681B68164A934211D17B6886
:104130001B689B6803F00703BB60BB68062B10D0AD
:104140007B681B681A687B681B6842F001021A6072
:1041500007E07B681B681A687B681B6842F00102F5
:104160001A60FB7B18461037BD4680BD0000014039
:104170000004004000080040000C00400004014022
:10418000004001400018004080B584B000AF786066
:1041900039600023FB733B68082B1BD03B68082B5E
:1041A00021D83B68002B03D03B68042B09D01AE0D0
:1041B0007B681B68DA687B681B6822F00202DA60A1
:1041C00014E07B681B68DA687B681B6822F00402D5
:1041D000DA600BE07B681B68DA687B681B6822F09A
:1041E0000802DA6002E00123FB7300BFFB7B002BB7
:1041F00064D17B681B6800223968184601F0EBFB2C
:104200007B681B681B6ABB60BA6840F2444313407A
:10421000002B07D17B681B68DA687B681B6822F07B
:104220008002DA607B681B681A6A41F2111313403E
:10423000002B0FD17B681B681A6A40F2444313407D
:10424000002B07D17B681B685A6C7B681B6822F4C3
:1042500000425A647B681B681A6A41F211131340CA
:10426000002B0FD17B681B681A6A40F2444313404D
:10427000002B07D17B681B681A687B681B6822F0DB
:1042800001021A603B68002B04D17B68012283F88D
:10429000422013E03B68042B04D17B68012283F8A1
:1042A00043200BE03B68082B04D17B68012283F894
:1042B000442003E07B68012283F84520FB7B1846FD
:1042C0001037BD4680BD80B586B000AFF860B960DC
:1042D0007A607B800023FB75BB68002B09D1FB68EB
:1042E00093F84230DBB2022B0CBF01230023DBB278
:1042F00022E0BB68042B09D1FB6893F84330DBB2A2
:10430000022B0CBF01230023DBB215E0BB68082B96
:1043100009D1FB6893F84430DBB2022B0CBF0123B8
:104320000023DBB208E0FB6893F84530DBB2022BD8
:104330000CBF01230023DBB2002B01D0022329E1B3
:10434000BB68002B09D1FB6893F84230DBB2012B2C
:104350000CBF01230023DBB222E0BB68042B09D190
:10436000FB6893F84330DBB2012B0CBF0123002321
:10437000DBB215E0BB68082B09D1FB6893F8443029
:10438000DBB2012B0CBF01230023DBB208E0FB688A
:1043900093F84530DBB2012B0CBF01230023DBB2C5
:1043A000002B24D07B68002B04D17B88002B01D00C
:1043B0000123EFE0BB68002B04D1FB68022283F8E5
:1043C000422016E0BB68042B04D1FB68022283F86C
:1043D00043200EE0BB68082B04D1FB68022283F85F
:1043E000442006E0FB68022283F8452001E0012317
:1043F000D0E0BB68082B51D0BB68082B72D8BB68D3
:10440000002B03D0BB68042B24D06BE0FB685B6AF5
:10441000624ADA63FB685B6A614A1A64FB685B6A3A
:10442000604ADA64FB68586A7968FB681B68343351
:104430001A467B8803F085FC0346002B01D001233C
:10444000A8E0FB681B68DA68FB681B6842F400722E
:10445000DA604AE0FB689B6A504ADA63FB689B6A51
:104460004F4A1A64FB689B6A4E4ADA64FB68986A92
:104470007968FB681B6838331A467B8803F061FC57
:104480000346002B01D0012384E0FB681B68DA6837
:10449000FB681B6842F48062DA6026E0FB68DB6A36
:1044A0003E4ADA63FB68DB6A3D4A1A64FB68DB6AF2
:1044B0003C4ADA64FB68D86A7968FB681B683C335D
:1044C0001A467B8803F03DFC0346002B01D00123F4
:1044D00060E0FB681B68DA68FB681B6842F40062F6
:1044E000DA6002E00123FB7500BFFB7D002B50D199
:1044F000FB681B680422B968184601F06CFAFB6877
:104500001B685A6CFB681B6842F400425A64FB68E3
:104510001B68254A934222D0FB681B68B3F1804F89
:104520001DD0FB681B68214A934218D0FB681B68AA
:104530001F4A934213D0FB681B681E4A93420ED059
:10454000FB681B681C4A934209D0FB681B681B4A26
:10455000934204D0FB681B68194A934211D1FB684F
:104560001B689B6803F007033B613B69062B10D077
:10457000FB681B681A68FB681B6842F001021A603E
:1045800007E0FB681B681A68FB681B6842F00102C1
:104590001A60FB7D18461837BD4680BDC15801081A
:1045A0003D72020869590108000001400004004002
:1045B00000080040000C00400004014000400140A1
:1045C0000018004080B584B000AF786039600023E7
:1045D000FB733B68082B25D03B68082B30D83B6821
:1045E000002B03D03B68042B0ED029E07B681B68AE
:1045F000DA687B681B6822F40072DA607B685B6AA9
:10460000184603F066FC1EE07B681B68DA687B686E
:104610001B6822F48062DA607B689B6A184603F0AC
:1046200058FC10E07B681B68DA687B681B6822F422
:104630000062DA607B68DB6A184603F04AFC02E03D
:104640000123FB7300BFFB7B002B52D17B681B68EF
:1046500000223968184601F0BEF97B681B681A6AA7
:1046600041F211131340002B0FD17B681B681A6AAB
:1046700040F244431340002B07D17B681B685A6CFF
:104680007B681B6822F400425A647B681B681A6AC4
:1046900041F211131340002B0FD17B681B681A6A7B
:1046A00040F244431340002B07D17B681B681A6813
:1046B0007B681B6822F001021A603B68002B04D162
:1046C0007B68012283F8422013E03B68042B04D16D
:1046D0007B68012283F843200BE03B68082B04D160
:1046E0007B68012283F8442003E07B68012283F881
:1046F0004520FB7B18461037BD4680BD80B584B091
:1047000000AF786039603B68002B09D17B6893F873
:104710004230DBB2012B14BF01230023DBB222E0C5
:104720003B68042B09D17B6893F84330DBB2012B43
:1047300014BF01230023DBB215E03B68082B09D12D
:104740007B6893F84430DBB2012B14BF01230023B4
:10475000DBB208E07B6893F84530DBB2012B14BF75
:1047600001230023DBB2002B01D001236DE03B6865
:10477000002B04D17B68022283F8422013E03B68BF
:10478000042B04D17B68022283F843200BE03B68B2
:10479000082B04D17B68022283F8442003E07B6865
:1047A000022283F845207B681B680422396818467A
:1047B00001F011F97B681B685A6C7B681B6842F436
:1047C00000425A647B681B68224A934222D07B686D
:1047D0001B68B3F1804F1DD07B681B681E4A934253
:1047E00018D07B681B681D4A934213D07B681B68F6
:1047F0001B4A93420ED07B681B681A4A934209D029
:104800007B681B68184A934204D07B681B68174A70
:10481000934211D17B681B689B6803F00703FB6020
:10482000FB68062B10D07B681B681A687B681B68C6
:1048300042F001021A6007E07B681B681A687B6817
:104840001B6842F001021A60002318461037BD466B
:1048500080BD00BF0000014000040040000800408F
:10486000000C0040000401400040014000180040DE
:1048700080B582B000AF786039607B681B68002229
:104880003968184601F0A7F87B681B681A6A41F27C
:1048900011131340002B0FD17B681B681A6A40F27A
:1048A00044431340002B07D17B681B685A6C7B681C
:1048B0001B6822F400425A647B681B681A6A41F242
:1048C00011131340002B0FD17B681B681A6A40F24A
:1048D00044431340002B07D17B681B681A687B6830
:1048E0001B6822F001021A603B68002B04D17B6830
:1048F000012283F8422013E03B68042B04D17B683B
:10490000012283F843200BE03B68082B04D17B682D
:10491000012283F8442003E07B68012283F84520CC
:10492000002318460837BD4680BD80B584B000AF6F
:10493000786039600023FB733B68002B09D17B68EA
:1049400093F84230DBB2012B14BF01230023DBB20A
:1049500022E03B68042B09D17B6893F84330DBB23B
:10496000012B14BF01230023DBB215E03B68082BA9
:1049700009D17B6893F84430DBB2012B14BF0123CB
:104980000023DBB208E07B6893F84530DBB2012BF3
:1049900014BF01230023DBB2002B01D00123A3E0CD
:1049A0003B68002B04D17B68022283F8422013E08D
:1049B0003B68042B04D17B68022283F843200BE080
:1049C0003B68082B04D17B68022283F8442003E073
:1049D0007B68022283F845203B68082B1BD03B688C
:1049E000082B21D83B68002B03D03B68042B09D04F
:1049F0001AE07B681B68DA687B681B6842F0020279
:104A0000DA6014E07B681B68DA687B681B6842F038
:104A10000402DA600BE07B681B68DA687B681B685D
:104A200042F00802DA6002E00123FB7300BFFB7B67
:104A3000002B58D17B681B68DA687B681B6842F0E2
:104A40008002DA607B681B6804223968184600F02F
:104A5000C2FF7B681B685A6C7B681B6842F400428B
:104A60005A647B681B68224A934222D07B681B6889
:104A7000B3F1804F1DD07B681B681E4A934218D04B
:104A80007B681B681C4A934213D07B681B681B4AD7
:104A900093420ED07B681B68194A934209D07B6809
:104AA0001B68184A934204D07B681B68164A9342DD
:104AB00011D17B681B689B6803F00703BB60BB6870
:104AC000062B10D07B681B681A687B681B6842F055
:104AD00001021A6007E07B681B681A687B681B6824
:104AE00042F001021A60FB7B18461037BD4680BDBC
:104AF000000001400004004000080040000C00409D
:104B000000040140004001400018004080B584B01E
:104B100000AF786039600023FB733B68082B1BD023
:104B20003B68082B21D83B68002B03D03B68042B43
:104B300009D01AE07B681B68DA687B681B6822F082
:104B40000202DA6014E07B681B68DA687B681B6825
:104B500022F00402DA600BE07B681B68DA687B688D
:104B60001B6822F00802DA6002E00123FB7300BF39
:104B7000FB7B002B64D17B681B68002239681846D8
:104B800000F029FF7B681B681B6ABB60BA6840F2B3
:104B900044431340002B07D17B681B68DA687B68AD
:104BA0001B6822F08002DA607B681B681A6A41F297
:104BB00011131340002B0FD17B681B681A6A40F257
:104BC00044431340002B07D17B681B685A6C7B68F9
:104BD0001B6822F400425A647B681B681A6A41F21F
:104BE00011131340002B0FD17B681B681A6A40F227
:104BF00044431340002B07D17B681B681A687B680D
:104C00001B6822F001021A603B68002B04D17B680C
:104C1000012283F8422013E03B68042B04D17B6817
:104C2000012283F843200BE03B68082B04D17B680A
:104C3000012283F8442003E07B68012283F84520A9
:104C4000FB7B18461037BD4680BD80B586B000AFEF
:104C5000F860B9607A607B800023FB75BB68002B2D
:104C600009D1FB6893F84230DBB2022B0CBF012361
:104C70000023DBB222E0BB68042B09D1FB6893F868
:104C80004330DBB2022B0CBF01230023DBB215E063
:104C9000BB68082B09D1FB6893F84430DBB2022BC8
:104CA0000CBF01230023DBB208E0FB6893F845301A
:104CB000DBB2022B0CBF01230023DBB2002B01D09F
:104CC000022329E1BB68002B09D1FB6893F842302D
:104CD000DBB2012B0CBF01230023DBB222E0BB6857
:104CE000042B09D1FB6893F84330DBB2012B0CBFD6
:104CF00001230023DBB215E0BB68082B09D1FB6858
:104D000093F84430DBB2012B0CBF01230023DBB24C
:104D100008E0FB6893F84530DBB2012B0CBF0123A0
:104D20000023DBB2002B24D07B68002B04D17B88CE
:104D3000002B01D00123EFE0BB68002B04D1FB68FE
:104D4000022283F8422016E0BB68042B04D1FB68E2
:104D5000022283F843200EE0BB68082B04D1FB68D5
:104D6000022283F8442006E0FB68022283F84520F3
:104D700001E00123D0E0BB68082B51D0BB68082BB1
:104D800072D8BB68002B03D0BB68042B24D06BE027
:104D9000FB685B6A624ADA63FB685B6A614A1A64B1
:104DA000FB685B6A604ADA64FB68586A7968FB688A
:104DB0001B6834331A467B8802F0C3FF0346002B7E
:104DC00001D00123A8E0FB681B68DA68FB681B6858
:104DD00042F40072DA604AE0FB689B6A504ADA6388
:104DE000FB689B6A4F4A1A64FB689B6A4E4ADA6406
:104DF000FB68986A7968FB681B6838331A467B88B9
:104E000002F09FFF0346002B01D0012384E0FB68E2
:104E10001B68DA68FB681B6842F48062DA6026E08F
:104E2000FB68DB6A3E4ADA63FB68DB6A3D4A1A6468
:104E3000FB68DB6A3C4ADA64FB68D86A7968FB681D
:104E40001B683C331A467B8802F07BFF0346002B2D
:104E500001D0012360E0FB681B68DA68FB681B680F
:104E600042F40062DA6002E00123FB7500BFFB7DC3
:104E7000002B50D1FB681B680422B968184600F06B
:104E8000AAFDFB681B685A6CFB681B6842F4004271
:104E90005A64FB681B68254A934222D0FB681B6852
:104EA000B3F1804F1DD0FB681B68214A934218D094
:104EB000FB681B681F4A934213D0FB681B681E4A9D
:104EC00093420ED0FB681B681C4A934209D0FB68D2
:104ED0001B681B4A934204D0FB681B68194A934223
:104EE00011D1FB681B689B6803F007033B613B69BA
:104EF000062B10D0FB681B681A68FB681B6842F021
:104F000001021A6007E0FB681B681A68FB681B68EF
:104F100042F001021A60FB7D18461837BD4680BD7D
:104F2000C15801083D72020869590108000001409A
:104F30000004004000080040000C00400004014054
:104F4000004001400018004080B584B000AF786098
:104F500039600023FB733B68082B25D03B68082B86
:104F600030D83B68002B03D03B68042B0ED029E0DF
:104F70007B681B68DA687B681B6822F40072DA6061
:104F80007B685B6A184602F0A4FF1EE07B681B6822
:104F9000DA687B681B6822F48062DA607B689B6A4F
:104FA000184602F096FF10E07B681B68DA687B68A1
:104FB0001B6822F40062DA607B68DB6A184602F044
:104FC00088FF02E00123FB7300BFFB7B002B52D163
:104FD0007B681B6800223968184600F0FCFC7B687F
:104FE0001B681A6A41F211131340002B0FD17B6822
:104FF0001B681A6A40F244431340002B07D17B68B8
:105000001B685A6C7B681B6822F400425A647B68F8
:105010001B681A6A41F211131340002B0FD17B68F1
:105020001B681A6A40F244431340002B07D17B6887
:105030001B681A687B681B6822F001021A603B68D3
:10504000002B04D17B68012283F8422013E03B68E7
:10505000042B04D17B68012283F843200BE03B68DA
:10506000082B04D17B68012283F8442003E07B688D
:10507000012283F84520FB7B18461037BD4680BDD2
:1050800080B584B000AF786039603B68002B01D1F7
:10509000042300E00023FB607B6893F83E30FB7242
:1050A0007B6893F83F30BB727B6893F842307B7229
:1050B0007B6893F843303B72FB7A012B08D1BB7AB3
:1050C000012B05D17B7A012B02D13B7A012B01D038
:1050D000012326E07B68022283F83E207B680222BF
:1050E00083F83F207B68022283F842207B680222FB
:1050F00083F843207B681B6804223968184600F057
:105100006AFC7B681B680122F968184612F050FEA1
:105110007B681B685A6C7B681B6842F400425A64C7
:10512000002318461037BD4680BD80B584B000AF5F
:10513000786039603B68002B01D1042300E0002334
:10514000FB607B681B6800223968184600F043FC4E
:105150007B681B680022F968184612F029FE7B68FC
:105160001B681A6A41F211131340002B0FD17B68A0
:105170001B681A6A40F244431340002B07D17B6836
:105180001B685A6C7B681B6822F400425A647B6877
:105190001B681A6A41F211131340002B0FD17B6870
:1051A0001B681A6A40F244431340002B07D17B6806
:1051B0001B681A687B681B6822F001021A607B6812
:1051C000012283F83E207B68012283F83F207B6820
:1051D000012283F842207B68012283F843200023C8
:1051E00018461037BD4680BD80B584B000AF7860EA
:1051F00039603B68002B01D1042300E00023FB60F1
:105200007B6893F83E30FB727B6893F83F30BB724B
:105210007B6893F842307B727B6893F843303B7233
:10522000FB7A012B08D1BB7A012B05D17B7A012BAC
:1052300002D13B7A012B01D0012336E07B680222A8
:1052400083F83E207B68022283F83F207B6802229D
:1052500083F842207B68022283F843207B681B6826
:10526000DA687B681B6842F00202DA607B681B68C0
:10527000DA687B681B6842F00402DA607B681B68AE
:1052800004223968184600F0A6FB7B681B680122DF
:10529000F968184612F08CFD7B681B685A6C7B68B5
:1052A0001B6842F400425A64002318461037BD467A
:1052B00080BD80B584B000AF786039603B68002B5A
:1052C00001D1042300E00023FB607B681B68DA68DF
:1052D0007B681B6822F00202DA607B681B68DA6870
:1052E0007B681B6822F00402DA607B681B6800227E
:1052F0003968184600F06FFB7B681B680022F9686C
:10530000184612F055FD7B681B681A6A41F21113AA
:105310001340002B0FD17B681B681A6A40F244438C
:105320001340002B07D17B681B685A6C7B681B6895
:1053300022F400425A647B681B681A6A41F2111316
:105340001340002B0FD17B681B681A6A40F244435C
:105350001340002B07D17B681B681A687B681B68A9
:1053600022F001021A607B68012283F83E207B68EC
:10537000012283F83F207B68012283F842207B686A
:10538000012283F84320002318461037BD4680BD14
:1053900080B485B000AFF860B9607A60FB6893F8BC
:1053A0003C30012B01D102234CE0FB68012283F841
:1053B0003C20BB68002B08D0BB68102B05D0BB6815
:1053C000202B02D0BB68302B0FD1FB681B689A687A
:1053D000FB681B6822F070029A60FB681B68996882
:1053E000FB681B68BA680A439A60FB681B685A68C6
:1053F000FB681B6842F001025A60FB681B685A6830
:10540000FB681B6822F004025A60FB681B6859683D
:10541000FB681B687A680A435A60FB681B68DA6895
:10542000FB681B6822F02002DA60FB681B68DA6800
:10543000FB681B6822F40052DA60FB68002283F8E4
:105440003C20002318461437BD465DF8047B7047A6
:1054500080B485B000AFF860B9607A60FB6893F8FB
:105460003C30012B01D102234CE0FB68012283F880
:105470003C20BB68002B08D0BB68102B05D0BB6854
:10548000202B02D0BB68302B0FD1FB681B689A68B9
:10549000FB681B6822F070029A60FB681B689968C1
:1054A000FB681B68BA680A439A60FB681B685A6805
:1054B000FB681B6842F001025A60FB681B685A686F
:1054C000FB681B6822F004025A60FB681B6859687D
:1054D000FB681B687A680A435A60FB681B68DA68D5
:1054E000FB681B6822F40052DA60FB681B68DA680C
:1054F000FB681B6842F02002DA60FB68002283F838
:105500003C20002318461437BD465DF8047B7047E5
:1055100080B485B000AFF860B9607A60FB6893F83A
:105520003C30012B01D1022358E0FB68012283F8B3
:105530003C20BB68002B08D0BB68102B05D0BB6893
:10554000202B02D0BB68302B0FD1FB681B689A68F8
:10555000FB681B6822F070029A60FB681B68996800
:10556000FB681B68BA680A439A60FB681B685A6844
:10557000FB681B6842F001025A60FB681B685A68AE
:10558000FB681B6822F004025A60FB681B685968BC
:10559000FB681B687A680A435A60FB685B6B124AB7
:1055A000DA63FB685B6B114A1A64FB685B6B104A39
:1055B000DA64FB681B68DA68FB681B6822F020026B
:1055C000DA60FB681B68DA68FB681B6842F400520B
:1055D000DA60FB68002283F83C2000231846143769
:1055E000BD465DF8047B7047795801089D58010855
:1055F0000371020880B485B000AF786039607B68C1
:1056000093F83C30012B01D102235AE07B68012240
:1056100083F83C207B68022283F83D207B681B686E
:105620005B68FB607B681B689B68BB60FB6823F062
:105630007003FB603B681B68FA681343FB607B6880
:105640001B68FA685A607B681B68214A934222D023
:105650007B681B68B3F1804F1DD07B681B681D4AB7
:10566000934218D07B681B681B4A934213D07B6817
:105670001B681A4A93420ED07B681B68184A9342F3
:1056800009D07B681B68174A934204D07B681B686B
:10569000154A93420CD1BB6823F08003BB603B6882
:1056A0005B68BA681343BB607B681B68BA689A6022
:1056B0007B68012283F83D207B68002283F83C2030
:1056C000002318461437BD465DF8047B704700BFC1
:1056D000000001400004004000080040000C0040B1
:1056E00000040140004001400018004080B485B033
:1056F00000AF786039600023FB607B6893F83C3032
:10570000012B01D102233DE07B68012283F83C207C
:10571000FB6823F0FF023B68DB681343FB60FB6818
:1057200023F440723B689B681343FB60FB6823F4DF
:1057300080623B685B681343FB60FB6823F4006294
:105740003B681B681343FB60FB6823F480523B6893
:105750001B691343FB60FB6823F400523B685B69E1
:105760001343FB60FB6823F480423B68DB6913430F
:10577000FB607B681B68FA685A647B68002283F8C8
:105780003C20002318461437BD465DF8047B704763
:1057900080B483B000AF786039607B6893F83C30A8
:1057A000012B01D102230CE07B68012283F83C200D
:1057B0007B681B683A681A657B68002283F83C2086
:1057C000002318460C37BD465DF8047B704780B453
:1057D00083B000AF786000BF0C37BD465DF8047B36
:1057E000704780B483B000AF786000BF0C37BD460F
:1057F0005DF8047B704780B483B000AF786000BF71
:105800000C37BD465DF8047B704780B483B000AFB1
:1058100078607B6893F83D30DBB218460C37BD46A4
:105820005DF8047B704780B485B000AF7860396064
:105830003B68002B04D17B6893F84230DBB213E065
:105840003B68042B04D17B6893F84330DBB20BE058
:105850003B68082B04D17B6893F84430DBB203E04B
:105860007B6893F84530DBB2FB73FB7B184614373B
:10587000BD465DF8047B704780B584B000AF7860AA
:105880007B689B6BFB60FB68012283F83D20F86816
:10589000FFF79DFF00BF1037BD4680BD80B584B0C7
:1058A00000AF78607B689B6BFB60FB68012283F82C
:1058B0003D20F868FFF795FF00BF1037BD4680BD5B
:1058C00080B584B000AF78607B689B6BFB60FB6841
:1058D0005B6A7A689A420BD1FB6801221A777B686F
:1058E000DB69002B36D1FB68012283F8422031E0CE
:1058F000FB689B6A7A689A420BD1FB6802221A778E
:105900007B68DB69002B25D1FB68012283F84320EB
:1059100020E0FB68DB6A7A689A420BD1FB680422BC
:105920001A777B68DB69002B14D1FB68012283F8AE
:1059300044200FE0FB681B6B7A689A420AD1FB682F
:1059400008221A777B68DB69002B03D1FB680122F0
:1059500083F84520F86811F00BFBFB6800221A77EA
:1059600000BF1037BD4680BD80B584B000AF786001
:105970007B689B6BFB60FB685B6A7A689A4207D125
:10598000FB6801221A77FB68012283F8422018E0A5
:10599000FB689B6A7A689A4207D1FB6802221A77F1
:1059A000FB68012283F843200BE0FB68DB6A7A681E
:1059B0009A4206D1FB6804221A77FB68012283F819
:1059C0004420F86811F0FCFAFB6800221A7700BF47
:1059D0001037BD4680BD80B487B000AFF860B960B5
:1059E0007A60BB6803F01F03042202FA03F37B61B1
:1059F000FB681A6A7B69DB431A40FB681A62FB6822
:105A00001A6ABB6803F01F03796801FA03F31A43AB
:105A1000FB681A6200BF1C37BD465DF8047B704707
:105A200080B487B000AF78600023BB6000237B6147
:105A300000233B617B6893F83C30012B01D10223AA
:105A4000AAE07B68012283F83C207B681B689B6886
:105A500003F00103012B18D07B681B689A687B68F0
:105A60001B6842F001029A604E4B1B684E4AA2FB33
:105A700003239A0C13465B001344BB6002E0BB682F
:105A8000013BBB60BB68002BF9D17B681B689B683E
:105A900003F00103012B72D17B681B6C23F440538C
:105AA00023F0010343F480527B681A647B681B6C0B
:105AB00003F48073002B02D17B6800225A647B6858
:105AC000002283F83C207B681B686FF004021A6098
:105AD000364BFB60FB685B6803F01F03002B24D18F
:105AE0007B681B689B6803F44013002B0CBF0123E9
:105AF0000023DBB27B617B681B685B6803F4806317
:105B0000002B0CBF01230023DBB23B617B69002B20
:105B100041D03B69002B3ED07B681B689A687B684C
:105B20001B6842F480029A6035E07B681B689B68C2
:105B300003F44013002B0CBF01230023DBB27B6175
:105B40007B681B685B6803F48063002B0CBF012338
:105B50000023DBB23B617B681B68154A93421AD174
:105B60007B69002B17D03B69002B14D07B681B6826
:105B70009A687B681B6842F480029A600BE07B683D
:105B80001B6C43F010027B681A647B685B6C43F00B
:105B900001027B685A64002318461C37BD465DF835
:105BA000047B70474400002083DE1B430023014038
:105BB0000020014080B487B000AF78600023BB6054
:105BC00000237B6100233B617B6893F83C30012B11
:105BD00001D10223B2E07B68012283F83C207B687C
:105BE0001B689B6803F00103012B18D07B681B68BE
:105BF0009A687B681B6842F001029A60524B1B68EE
:105C0000524AA2FB03239A0C13465B001344BB6069
:105C100002E0BB68013BBB60BB68002BF9D17B682D
:105C20001B689B6803F00103012B7AD17B681B6C16
:105C300023F4405323F0010343F480527B681A6439
:105C40007B681B6C03F48073002B02D17B680022FD
:105C50005A647B68002283F83C207B681B686FF0E5
:105C600004021A607B681B685A687B681B6842F0F4
:105C700080025A60364BFB60FB685B6803F01F03D1
:105C8000002B24D17B681B689B6803F44013002B16
:105C90000CBF01230023DBB27B617B681B685B6860
:105CA00003F48063002B0CBF01230023DBB23B61B4
:105CB0007B69002B41D03B69002B3ED07B681B6881
:105CC0009A687B681B6842F480029A6035E07B68C2
:105CD0001B689B6803F44013002B0CBF01230023B7
:105CE000DBB27B617B681B685B6803F48063002B1D
:105CF0000CBF01230023DBB23B617B681B68154AA4
:105D000093421AD17B69002B17D03B69002B14D02A
:105D10007B681B689A687B681B6842F480029A6003
:105D20000BE07B681B6C43F010027B681A647B6895
:105D30005B6C43F001027B685A64002318461C37F1
:105D4000BD465DF8047B70474400002083DE1B43A2
:105D5000002301400020014080B485B000AF78608E
:105D60000023FB737B6893F83C30012B01D10223A5
:105D700037E07B68012283F83C207B681B6C03F4CE
:105D80008073002B20D17B681B685B6803F4806301
:105D9000002B19D17B681B689A687B681B6822F00E
:105DA00001029A607B681B689B6803F00103002B6B
:105DB00012D17B681B6C23F4885323F0010343F05A
:105DC00001027B681A6407E07B681B6C43F02002C9
:105DD0007B681A640123FB737B68002283F83C20F4
:105DE000FB7B18461437BD465DF8047B704780B5D1
:105DF00084B000AF786039600023FB600AF0B2FD28
:105E0000F8601EE03B68B3F1FF3F1AD03B68002BFF
:105E100007D00AF0A7FD0246FB68D31A3A689A42F7
:105E20000FD27B681B681B6803F00403042B08D0A7
:105E30007B6804221A647B68002283F83C200323D9
:105E40004BE07B681B681B6803F00403042BD9D16B
:105E50007B681B686FF00C021A607B681B6C43F454
:105E600000527B681A647B681B689B6803F44013CC
:105E7000002B31D17B681B689B6B03F44013002B14
:105E800006D07B681B689B6803F48063002B23D1DA
:105E90007B681B685B6803F48063002B1CD17B6804
:105EA0001B689B6803F04053002B15D17B681B7E59
:105EB000002B11D17B681B6C23F480527B681A6421
:105EC0007B681B6C03F48073002B05D17B681B6C13
:105ED00043F001027B681A64002318461037BD4660
:105EE00080BD80B485B000AF78600023FB737B6811
:105EF00093F83C30012B01D102233FE07B68012263
:105F000083F83C207B681B6C03F48073002B28D142
:105F10007B681B685B6803F48063002B21D17B687E
:105F20001B689A687B681B6822F001029A607B6894
:105F30001B689B6803F00103002B1AD17B681B6868
:105F40005A687B681B6822F080025A607B681B6C71
:105F500023F4885323F0010343F001027B681A64A1
:105F600007E07B681B6C43F020027B681A64012306
:105F7000FB737B68002283F83C20FB7B18461437B8
:105F8000BD465DF8047B704780B485B000AF786093
:105F900039600023FB607B681B686FF004021A60A5
:105FA0003B68013B032B1FD801A252F823F000BF2E
:105FB000DF5F0108D55F0108CB5F0108C15F010801
:105FC0007B681B689B6CFB600FE07B681B685B6CED
:105FD000FB600AE07B681B681B6CFB6005E07B686C
:105FE0001B68DB6BFB6000E000BFFB6818461437E2
:105FF000BD465DF8047B704780B586B000AFF860A1
:10600000B9607A6000233B61FB6893F83C30012B58
:1060100001D10223ABE0FB68012283F83C20FB683E
:106020001B689B6803F00103012B18D0FB681B68F9
:106030009A68FB681B6842F001029A604E4B1B682D
:106040004E4AA2FB03239A0C13465B0013443B61A8
:1060500002E03B69013B3B613B69002BF9D1FB68E6
:106060001B689B6803F00103012B73D1FB681B6C59
:1060700023F4E06323F0010343F48072FB681A64A5
:10608000FB681B685B6803F48063002B07D0FB6828
:106090001B6C23F4405343F48052FB681A64FB6882
:1060A0001B6C03F48053B3F5805F06D1FB685B6C17
:1060B00023F00602FB685A6402E0FB6800225A647F
:1060C000FB68002283F83C20FB689B6B2C4ADA6358
:1060D000FB689B6B2B4A1A64FB689B6B2A4ADA6449
:1060E000FB681B686FF002021A60FB681B685A6845
:1060F000FB681B6842F080625A60244B7B61FB683E
:1061000093F83030002B06D07B695B6843F4005273
:106110007B695A6005E07B695B6823F400527B6908
:106120005A60FB68986B7B6908331946BA687B68CC
:1061300001F007FEFB681B689B6803F04053002BCF
:1061400014D1FB681B689A68FB681B6842F08042A8
:106150009A600BE0FB681B6C43F01002FB681A644A
:10616000FB685B6C43F00102FB685A64002318462D
:106170001837BD4680BD00BF4400002083DE1B43AE
:106180001D660108C3660108DF660108002301409F
:1061900080B584B000AF78600023FB737B6893F810
:1061A0003C30012B01D1022338E07B68012283F8C7
:1061B0003C207B681B689A687B681B6822F00102A0
:1061C0009A60184BBB607B681B689B6803F00103F7
:1061D000002B1ED1BB685B6823F40052BB685A6079
:1061E0007B689B6B184601F004FE0346FB737B68DB
:1061F0001B685A687B681B6822F080625A607B6863
:106200001B6C23F4885323F0010343F001027B68E5
:106210001A647B68002283F83C20FB7B1846103709
:10622000BD4680BD0023014080B485B000AF7860DA
:10623000044BFB60FB689B6818461437BD465DF84D
:10624000047B70470023014080B483B000AF7860C6
:1062500000BF0C37BD465DF8047B704780B485B045
:1062600000AF786039607B6893F83C30012B01D136
:1062700002237EE17B68012283F83C203B681B6897
:10628000092B25D97B681B68D9683B681B689BB2C2
:106290001A4613465B0013441E3B072202FA03F31F
:1062A000DA437B681B680A40DA607B681B68D96840
:1062B0003B689A683B681B689BB2184603465B00C4
:1062C00003441E3B9A407B681B680A43DA6022E065
:1062D0007B681B6819693B681B689BB21A461346AA
:1062E0005B001344072202FA03F3DA437B681B685E
:1062F0000A401A617B681B6819693B689A683B68A9
:106300001B689BB2184603465B0003449A407B68B7
:106310001B680A431A617B681B689A6B7B681B6861
:1063200022F440129A637B681B68996B3B681B6977
:10633000013B1A057B681B680A439A637B681B68EC
:10634000996B3B685B68DAB23B681B69DBB2D31AB6
:10635000DBB20333DBB21A4613469B0013441F2201
:1063600002FA03F3DA437B681B680A409A637B688E
:106370001B68996B3B681B689BB218463B685B685F
:10638000DAB23B681B69DBB2D31ADBB20333DBB290
:106390001A4613469B00134400FA03F27B681B68FD
:1063A0000A439A633B689B69754A934222D07B6893
:1063B0001B689A687B681B6822F470229A607B686D
:1063C0001B6899683B689A697B681B680A439A60F6
:1063D0007B681B689A687B681B6822F440129A608D
:1063E0007B681B6899683B68DA697B681B680A43AD
:1063F0009A600FE07B681B689A687B681B6822F4D0
:1064000070229A607B681B689A687B681B6822F41C
:1064100040129A603B685B7D002B08D07B681B684C
:106420005A687B681B6842F480625A6007E07B68A8
:106430001B685A687B681B6822F480625A603B685C
:106440001B7D002B08D07B681B685A687B681B6823
:1064500042F480525A6007E07B681B685A687B6888
:106460001B6822F480525A603B685B68032B2ED075
:10647000032B40D8012B02D0022B14D03BE07B68C9
:106480001B685B697A68126823F47F6323F00F034B
:1064900053617B681B6859693B68DA687B681B68D5
:1064A0000A435A613BE07B681B689B697A68126803
:1064B00023F47F6323F00F0393617B681B68996962
:1064C0003B68DA687B681B680A439A6127E07B684F
:1064D0001B68DB697A68126823F47F6323F00F037B
:1064E000D3617B681B68D9693B68DA687B681B6885
:1064F0000A43DA6113E07B681B681B6A7A681268DA
:1065000023F47F6323F00F0313627B681B68196A0F
:106510003B68DA687B681B680A431A6200BF194B44
:10652000FB607B681B68184A934209D13B681B6873
:10653000122B05D1FB685B6843F48002FB685A604C
:106540007B681B68104A93420ED13B681B680F4A58
:10655000934203D03B681B68112B05D1FB685B6835
:1065600043F40002FB685A607B68002283F83C20F9
:10657000002318461437BD465DF8047B704700BF02
:1065800001000F0000230140002001401200001014
:1065900080B485B000AF786039607B6893F83C3098
:1065A000012B01D1022331E07B68012283F83C20DA
:1065B000194BFB60FB685B6823F01F02FB685A60A5
:1065C000FB685A683B681B681A43FB685A60FB68A3
:1065D0005B6823F44042FB685A60FB685A683B687A
:1065E0005B681A43FB685A60FB685B6823F470625F
:1065F000FB685A60FB685A683B689B681A43FB68F3
:106600005A607B68002283F83C2000231846143728
:10661000BD465DF8047B70470023014080B584B01F
:1066200000AF78607B689B6BFB60FB681B6C03F0C2
:106630005003002B3CD1FB681B6C43F40072FB68D9
:106640001A64FB681B689B6803F04053002B2BD136
:10665000FB681B7E002B27D1FB681B68DB6A03F4F9
:106660007003002B06D0FB681B689B6803F48063F3
:10667000002B19D1FB681B685A68FB681B6822F065
:1066800020025A60FB681B6C23F48072FB681A645A
:10669000FB681B6C03F48053002B05D1FB681B6C5B
:1066A00043F00102FB681A64F8680BF00CF904E08F
:1066B000FB689B6BDB6C7868984700BF1037BD4662
:1066C00080BD80B584B000AF78607B689B6BFB6059
:1066D000F8680BF002F900BF1037BD4680BD80B5E9
:1066E00084B000AF78607B689B6BFB60FB684022E6
:1066F0001A64FB685B6C43F00402FB685A64F86838
:106700000BF0FFF800BF1037BD4680BD80B586B0E6
:1067100000AFF860B9607A603B600023FB75FB68EE
:106720009B68802B06D1FB684FF480725A65012369
:10673000FB7531E0FB6893F83430012B01D1022363
:106740002BE0FB68012283F83420FB6893F8353096
:10675000DBB2012B1ED1FB68022283F83520FB68D7
:106760001B681A68FB681B6842F480221A60FB6889
:106770001B683A681A613B6A7A68B968F86801F080
:1067800073F9FB681B681A68FB681B6842F001021A
:106790001A6001E00223FB75FB7D18461837BD46E1
:1067A00080BD80B586B000AFF860B9607A603B60AC
:1067B0000023FB75FB689B68802B06D1FB684FF4B8
:1067C00080725A65012301F014B9FB68DB6B002B62
:1067D00007D0FB685B6C002B03D0FB68DB6C002BE5
:1067E00005D1FB6840225A65012301F002B9FB681C
:1067F00093F83430012B02D1022301F0FAB8FB6880
:10680000012283F83420FB6893F83530DBB2012B8A
:1068100041F0E880FB68022283F83520FB68002203
:106820005A65FB681B681A68FB681B6842F4802283
:106830001A60FB681B683A681A613B6A7A68B96833
:10684000F86801F011F9FB681B681A46994B9A42E7
:1068500060D9FB681B68984A934257D0FB681B6855
:10686000964A934250D0FB681B68954A934249D0A0
:10687000FB681B68934A934242D0FB681B68924AAC
:1068800093423AD0FB681B68904A934232D0FB682F
:106890001B688F4A93422AD0FB681B688D4A93423B
:1068A00022D0FB681B688C4A93421AD0FB681B6895
:1068B0008A4A934212D0FB681B68894A93420AD0E5
:1068C000FB681B68874A934202D14FF400131EE015
:1068D0004FF000631BE04FF4001318E04FF4001377
:1068E00015E04FF4001312E04FF400630FE04FF493
:1068F00000630CE04FF4006309E04FF4006306E02E
:10690000202304E0202302E0202300E02023764A15
:10691000D36051E1FB681B681A46744B9A4260D9F8
:10692000FB681B68644A934257D0FB681B68634A44
:10693000934250D0FB681B68614A934249D0FB6880
:106940001B68604A934242D0FB681B685E4A9342D0
:106950003AD0FB681B685D4A934232D0FB681B68E3
:106960005B4A93422AD0FB681B685A4A934222D062
:10697000FB681B68584A93421AD0FB681B68574A49
:10698000934212D0FB681B68554A93420AD0FB68B9
:106990001B68544A934202D14FF400131EE04FF09B
:1069A00000631BE04FF4001318E04FF4001315E0F0
:1069B0004FF4001312E04FF400630FE04FF4006354
:1069C0000CE04FF4006309E04FF4006306E020237D
:1069D00004E0202302E0202300E02023424A9360C9
:1069E000EAE0FB681B681A46414B9A4240F28480F9
:1069F000FB681B68304A934257D0FB681B682F4ADC
:106A0000934250D0FB681B682D4A934249D0FB68E3
:106A10001B682C4A934242D0FB681B682A4A934267
:106A20003AD0FB681B68294A934232D0FB681B6846
:106A3000274A93422AD0FB681B68264A934222D0F9
:106A4000FB681B68244A93421AD0FB681B68234AE0
:106A5000934212D0FB681B68214A93420AD0FB681C
:106A60001B68204A934202D14FF400131EE04FF0FE
:106A700000631BE04FF4001318E04FF4001315E01F
:106A80004FF4001312E04FF400630FE04FF4006383
:106A90000CE04FF4006309E04FF4006306E02023AC
:106AA00004E0202302E0202300E02023114AD360E9
:106AB00082E000BF5864024010600240106402404F
:106AC0007060024070640240286002402864024006
:106AD0008860024088640240406002404064024096
:106AE000A0600240A064024000640240B86002401E
:106AF0005860024000600240FB681B68964A93425F
:106B000057D0FB681B68954A934250D0FB681B68BE
:106B1000934A934249D0FB681B68924A934242D001
:106B2000FB681B68904A93423AD0FB681B688F4A07
:106B3000934232D0FB681B688D4A93422AD0FB688F
:106B40001B688C4A934222D0FB681B688A4A934296
:106B50001AD0FB681B68894A934212D0FB681B68F5
:106B6000874A93420AD0FB681B68864A934202D147
:106B70004FF400131EE04FF000631BE04FF40013CE
:106B800018E04FF4001315E04FF4001312E04FF437
:106B900000630FE04FF400630CE04FF4006309E082
:106BA0004FF4006306E0202304E0202302E02023CA
:106BB00000E02023744A9360FB681B681A46734BFD
:106BC0009A4260D9FB681B68634A934257D0FB68BE
:106BD0001B68624A934250D0FB681B68604A93422C
:106BE00049D0FB681B685F4A934242D0FB681B6830
:106BF0005D4A93423AD0FB681B685C4A934232D0AC
:106C0000FB681B685A4A93422AD0FB681B68594AA2
:106C1000934222D0FB681B68574A93421AD0FB6804
:106C20001B68564A934212D0FB681B68544A934231
:106C30000AD0FB681B68534A934202D14FF4801379
:106C40001EE04FF080631BE04FF4801318E04FF418
:106C5000801315E04FF4801312E04FF480630FE0CF
:106C60004FF480630CE04FF4806309E04FF48063DD
:106C700006E0102304E0102302E0102300E01023BC
:106C8000434AD3604FE1FB681B681A46414B9A4266
:106C900040F28280FB681B682F4A934257D0FB6802
:106CA0001B682E4A934250D0FB681B682C4A9342C3
:106CB00049D0FB681B682B4A934242D0FB681B6893
:106CC000294A93423AD0FB681B68284A934232D043
:106CD000FB681B68264A93422AD0FB681B68254A3A
:106CE000934222D0FB681B68234A93421AD0FB6868
:106CF0001B68224A934212D0FB681B68204A9342C9
:106D00000AD0FB681B681F4A934202D14FF48013DC
:106D10001EE04FF080631BE04FF4801318E04FF447
:106D2000801315E04FF4801312E04FF480630FE0FE
:106D30004FF480630CE04FF4806309E04FF480630C
:106D400006E0102304E0102302E0102300E01023EB
:106D50000F4A9360E7E000BF1060024010640240F9
:106D60007060024070640240286002402864024063
:106D700088600240886402404060024040640240F3
:106D8000A0600240A06402400060024058640240DB
:106D900000640240B8600240FB681B681A46964BCC
:106DA0009A4260D9FB681B68944A934257D0FB68AB
:106DB0001B68934A934250D0FB681B68914A9342E8
:106DC00049D0FB681B68904A934242D0FB681B681D
:106DD0008E4A93423AD0FB681B688D4A934232D068
:106DE000FB681B688B4A93422AD0FB681B688A4A5F
:106DF000934222D0FB681B68884A93421AD0FB68F2
:106E00001B68874A934212D0FB681B68854A9342ED
:106E10000AD0FB681B68844A934202D14FF4801366
:106E20001EE04FF080631BE04FF4801318E04FF436
:106E3000801315E04FF4801312E04FF480630FE0ED
:106E40004FF480630CE04FF4806309E04FF48063FB
:106E500006E0102304E0102302E0102300E01023DA
:106E6000724AD3605FE0FB681B68644A934257D064
:106E7000FB681B68624A934250D0FB681B68614AFA
:106E8000934249D0FB681B685F4A934242D0FB683B
:106E90001B685E4A93423AD0FB681B685C4A934287
:106EA00032D0FB681B685B4A93422AD0FB681B68A0
:106EB000594A934222D0FB681B68584A93421AD021
:106EC000FB681B68564A934212D0FB681B68554A00
:106ED00093420AD0FB681B68534A934202D14FF495
:106EE00080131EE04FF080631BE04FF4801318E026
:106EF0004FF4801315E04FF4801312E04FF48063D9
:106F00000FE04FF480630CE04FF4806309E04FF42E
:106F1000806306E0102304E0102302E0102300E069
:106F20001023424A9360FB681B681A46404B9A4202
:106F300040F28280FB681B68304A934257D0FB685E
:106F40001B682F4A934250D0FB681B682D4A93421E
:106F500049D0FB681B682C4A934242D0FB681B68EF
:106F60002A4A93423AD0FB681B68294A934232D09E
:106F7000FB681B68274A93422AD0FB681B68264A95
:106F8000934222D0FB681B68244A93421AD0FB68C4
:106F90001B68234A934212D0FB681B68214A934224
:106FA0000AD0FB681B68204A934202D14FF40023A9
:106FB0001EE04FF000731BE04FF4002318E04FF485
:106FC000002315E04FF4002312E04FF400730FE0AC
:106FD0004FF400730CE04FF4007309E04FF40073BA
:106FE00006E0082304E0082302E0082300E0082369
:106FF000104AD3606FE100BF586002401060024049
:1070000010640240706002407064024028600240D8
:107010002864024088600240886402404060024068
:1070200040640240A0600240A06402400060024050
:107030005864024000640240FB681B681A46944B87
:107040009A4260D9FB681B68924A934257D0FB680A
:107050001B68914A934250D0FB681B688F4A934249
:1070600049D0FB681B688E4A934242D0FB681B687C
:107070008C4A93423AD0FB681B688B4A934232D0C9
:10708000FB681B68894A93422AD0FB681B68884AC0
:10709000934222D0FB681B68864A93421AD0FB6851
:1070A0001B68854A934212D0FB681B68834A93424F
:1070B0000AD0FB681B68824A934202D14FF4002336
:1070C0001EE04FF000731BE04FF4002318E04FF474
:1070D000002315E04FF4002312E04FF400730FE09B
:1070E0004FF400730CE04FF4007309E04FF40073A9
:1070F00006E0082304E0082302E0082300E0082358
:10710000704A9360E7E0FB681B681A466E4B9A4230
:1071100060D9FB681B685F4A934257D0FB681B68C5
:107120005D4A934250D0FB681B685C4A934249D049
:10713000FB681B685A4A934242D0FB681B68594A55
:1071400093423AD0FB681B68574A934232D0FB689F
:107150001B68564A93422AD0FB681B68544A9342E4
:1071600022D0FB681B68534A93421AD0FB681B6805
:10717000514A934212D0FB681B68504A93420AD08E
:10718000FB681B684E4A934202D14FF400231EE075
:107190004FF000731BE04FF4002318E04FF400237E
:1071A00015E04FF4002312E04FF400730FE04FF4AA
:1071B00000730CE04FF4007309E04FF4007306E035
:1071C000082304E0082302E0082300E008233F4AE4
:1071D000D36080E0FB681B682E4A934278D0FB683E
:1071E0001B682D4A934250D0FB681B682B4A934280
:1071F00049D0FB681B682A4A934242D0FB681B684F
:10720000284A93423AD0FB681B68274A934232D0FF
:10721000FB681B68254A93422AD0FB681B68244AF6
:10722000934222D0FB681B68224A93421AD0FB6823
:107230001B68214A934212D0FB681B681F4A934285
:107240000AD0FB681B681E4A934202D14FF4002308
:107250003FE04FF000733CE04FF4002339E04FF47F
:10726000002336E04FF4002333E04FF4007330E0A6
:107270004FF400732DE04FF400732AE04FF40073D5
:1072800027E0082325E0082323E0082321E000BFAE
:10729000B86002401060024010640240706002401A
:1072A0007064024028600240286402408860024006
:1072B000886402404060024040640240A060024096
:1072C000A064024000640240586002400060024036
:1072D00008239A4A9360FB681B681A46984B9A42A7
:1072E00060D9FB681B68974A934257D0FB681B68BC
:1072F000954A934250D0FB681B68944A934249D008
:10730000FB681B68924A934242D0FB681B68914A13
:1073100093423AD0FB681B688F4A934232D0FB6895
:107320001B688E4A93422AD0FB681B688C4A9342A2
:1073300022D0FB681B688B4A93421AD0FB681B68FB
:10734000894A934212D0FB681B68884A93420AD04C
:10735000FB681B68864A934202D14FF480231EE0EB
:107360004FF080731BE04FF4802318E04FF480232C
:1073700015E04FF4802312E04FF480730FE04FF4D8
:1073800080730CE04FF4807309E04FF4807306E0E3
:10739000042304E0042302E0042300E00423754AEC
:1073A000D36051E1FB681B681A46734B9A4260D95F
:1073B000FB681B68634A934257D0FB681B68624AAC
:1073C000934250D0FB681B68604A934249D0FB68E7
:1073D0001B685F4A934242D0FB681B685D4A934238
:1073E0003AD0FB681B685C4A934232D0FB681B684A
:1073F0005A4A93422AD0FB681B68594A934222D0CA
:10740000FB681B68574A93421AD0FB681B68564AB0
:10741000934212D0FB681B68544A93420AD0FB681F
:107420001B68534A934202D14FF480231EE04FF071
:1074300080731BE04FF4802318E04FF4802315E0A5
:107440004FF4802312E04FF480730FE04FF4807309
:107450000CE04FF4807309E04FF4807306E00423DE
:1074600004E0042302E0042300E00423414A936083
:10747000EAE0FB681B681A46404B9A4240F284805F
:10748000FB681B682F4A93427AD0FB681B682E4A20
:10749000934250D0FB681B682C4A934249D0FB684A
:1074A0001B682B4A934242D0FB681B68294A9342CF
:1074B0003AD0FB681B68284A934232D0FB681B68AD
:1074C000264A93422AD0FB681B68254A934222D061
:1074D000FB681B68234A93421AD0FB681B68224A48
:1074E000934212D0FB681B68204A93420AD0FB6883
:1074F0001B681F4A934202D14FF4802341E04FF0B2
:1075000080733EE04FF480233BE04FF4802338E06B
:107510004FF4802335E04FF4807332E04FF48073F2
:107520002FE04FF480732CE04FF4807329E00423A4
:1075300027E0042325E0042323E000BF006002408D
:1075400058640240106002401064024070600240C3
:107550007064024028600240286402408860024053
:10756000886402404060024040640240A0600240E3
:10757000A064024000640240B860024058600240CB
:107580000423944AD3605FE0FB681B68924A9342ED
:1075900057D0FB681B68914A934250D0FB681B6828
:1075A0008F4A934249D0FB681B688E4A934242D06F
:1075B000FB681B688C4A93423AD0FB681B688B4A75
:1075C000934232D0FB681B68894A93422AD0FB68F9
:1075D0001B68884A934222D0FB681B68864A934204
:1075E0001AD0FB681B68854A934212D0FB681B685F
:1075F000834A93420AD0FB681B68824A934202D1B5
:107600004FF480231EE04FF080731BE04FF4802383
:1076100018E04FF4802315E04FF4802312E04FF47C
:1076200080730FE04FF480730CE04FF4807309E037
:107630004FF4807306E0042304E0042302E00423F3
:1076400000E00423634A9360FB681B681A466E4B94
:107650009A425CD9FB681B685F4A934253D0FB682F
:107660001B685E4A93424CD0FB681B685C4A93429D
:1076700045D0FB681B685B4A93423ED0FB681B68A1
:10768000594A934237D0FB681B68584A934230D01E
:10769000FB681B68564A934229D0FB681B68554A11
:1076A000934222D0FB681B68534A93421AD0FB686E
:1076B0001B68524A934212D0FB681B68504A93429F
:1076C0000AD0FB681B684F4A934202D14FF48033C3
:1076D0001AE04FF4800317E04FF4803314E04FF4C6
:1076E000803311E04FF480330EE040230CE0402360
:1076F0000AE0402308E0402306E0012304E00123E0
:1077000002E0012300E00123404AD36041E1FB682D
:107710001B681A463E4B9A427CD9FB681B682E4A6E
:10772000934253D0FB681B682C4A93424CD0FB68B1
:107730001B682B4A934245D0FB681B68294A934239
:107740003ED0FB681B68284A934237D0FB681B6811
:10775000264A934230D0FB681B68254A934229D0C1
:10776000FB681B68234A934222D0FB681B68224AAD
:1077700093421AD0FB681B68204A934212D0FB68E0
:107780001B681F4A93420AD0FB681B681D4A93423C
:1077900002D14FF480331AE04FF4800317E04FF426
:1077A000803314E04FF4803311E04FF480330EE067
:1077B00040230CE040230AE0402308E0402306E099
:1077C000012304E0012302E0012300E001230F4A2A
:1077D0009360DEE0006002401060024010640240EE
:1077E00070600240706402402860024028640240D9
:1077F0008860024088640240406002404064024069
:10780000A0600240A064024058640240006402404C
:10781000B8600240FB681B681A46784B9A425CD9F4
:10782000FB681B68764A934253D0FB681B68754A15
:1078300093424CD0FB681B68734A934245D0FB6867
:107840001B68724A93423ED0FB681B68704A9342A1
:1078500037D0FB681B686F4A934230D0FB681B68C7
:107860006D4A934229D0FB681B686C4A934222D030
:10787000FB681B686A4A93421AD0FB681B68694A16
:10788000934212D0FB681B68674A93420AD0FB6898
:107890001B68664A934202D14FF480331AE04FF4DA
:1078A000800317E04FF4803314E04FF4803311E08D
:1078B0004FF480330EE040230CE040230AE04023E5
:1078C00008E0402306E0012304E0012302E0012355
:1078D00000E00123564AD3605BE0FB681B68484A1E
:1078E000934253D0FB681B68464A93424CD0FB68D6
:1078F0001B68454A934245D0FB681B68434A934244
:107900003ED0FB681B68424A934237D0FB681B6835
:10791000404A934230D0FB681B683F4A934229D0CB
:10792000FB681B683D4A934222D0FB681B683C4AB7
:1079300093421AD0FB681B683A4A934212D0FB6804
:107940001B68394A93420AD0FB681B68374A934246
:1079500002D14FF480331AE04FF4800317E04FF464
:10796000803314E04FF4803311E04FF480330EE0A5
:1079700040230CE040230AE0402308E0402306E0D7
:10798000012304E0012302E0012300E00123284A4F
:107990009360FB681B681A68FB681B6842F016025C
:1079A0001A60FB681B685A69FB681B6842F080021A
:1079B0005A61FB681B6C002B03D1FB689B6C002B8E
:1079C00007D0FB681B681A68FB681B6842F0080256
:1079D0001A60FB681B681A68FB681B6842F00102AA
:1079E0001A6005E0FB68002283F834200223FB754F
:1079F000FB7D18461837BD4680BD00BF5860024069
:107A000010600240106402407060024070640240E6
:107A10002860024028640240886002408864024076
:107A20004060024040640240A0600240A064024006
:107A30000060024080B485B000AFF860B9601346C2
:107A4000FB71FB79002B04D1FB681B68BA68DA6014
:107A500003E0FB681B68BA681A61002318461437F4
:107A6000BD465DF8047B704780B485B000AFF86018
:107A7000B9607A603B60FB681B683A685A60FB68D3
:107A80009B68402B08D1FB681B687A689A60FB688A
:107A90001B68BA68DA6007E0FB681B68BA689A601E
:107AA000FB681B687A68DA6000BF1437BD465DF872
:107AB000047B704780B586B000AF786000237B619F
:107AC00008F050FF38617B68002B01D1012399E059
:107AD0007B68022283F835207B68002283F83420FB
:107AE0007B681B681A687B681B6822F001021A60B9
:107AF0000FE008F037FF02463B69D31A052B08D97F
:107B00007B6820225A657B68032283F83520032393
:107B100078E07B681B681B6803F00103002BE8D149
:107B20007B681B681B687B617A69384B13407B61FB
:107B30007B685A687B689B681A437B68DB681A43DA
:107B40007B681B691A437B685B691A437B689B6986
:107B50001A437B68DB691A437B681B6A13437A69A3
:107B600013437B617B685B6A042B07D17B68DA6A0D
:107B70007B681B6B13437A6913437B617B681B68CB
:107B80007A691A607B681B685B697B617B6923F09B
:107B900007037B617B685B6A7A6913437B617B685F
:107BA0005B6A042B17D17B689B6A7A6913437B61FC
:107BB0007B68DB6A002B0ED0786800F04DFD034631
:107BC000002B08D07B6840225A657B68012283F82D
:107BD0003520012316E07B681B687A695A61786852
:107BE00000F005FD0346FB607B68DB6D3F229A4099
:107BF000FB689A607B6800225A657B68012283F8E3
:107C00003520002318461837BD4680BD3F8010F050
:107C100080B584B000AF78607B68002B01D1012370
:107C200050E07B6893F83530DBB2022B01D10223A0
:107C300048E07B681B681A687B681B6822F00102B9
:107C40001A607B681B6800221A607B681B68002230
:107C50005A607B681B6800229A607B681B68002260
:107C6000DA607B681B6800221A617B681B6821222E
:107C70005A61786800F0BBFC0346FB607B68002219
:107C8000DA637B6800221A647B6800225A647B688E
:107C900000229A647B680022DA647B6800221A65FD
:107CA0007B68DB6D3F229A40FB689A607B6800220C
:107CB0005A657B68002283F835207B68002283F8B0
:107CC0003420002318461037BD4680BD80B586B0ED
:107CD00000AFF860B9607A603B600023FB75FB6819
:107CE00093F83430012B01D1022326E0FB680122F6
:107CF00083F83420FB6893F83530DBB2012B15D1C3
:107D0000FB68022283F83520FB6800225A653B6835
:107D10007A68B968F86800F03CFCFB681B681A6870
:107D2000FB681B6842F001021A6005E0FB68002254
:107D300083F834200223FB75FB7D18461837BD46B7
:107D400080BD80B586B000AFF860B9607A603B60F6
:107D50000023FB75FB689B6D3B61FB6893F8343037
:107D6000012B01D1022340E0FB68012283F834207B
:107D7000FB6893F83530DBB2012B2FD1FB68022270
:107D800083F83520FB6800225A653B687A68B96839
:107D9000F86800F0FEFBFB68DB6D3F229A403B6910
:107DA0009A60FB681B681A68FB681B6842F0160241
:107DB0001A60FB681B6C002B07D0FB681B681A68F5
:107DC000FB681B6842F008021A60FB681B681A68AF
:107DD000FB681B6842F001021A6005E0FB680022A4
:107DE00083F834200223FB75FB7D18461837BD4607
:107DF00080BD80B584B000AF78607B689B6DFB6010
:107E000008F0B0FDB8607B6893F83530DBB2022B28
:107E100008D07B6880225A657B68002283F8342072
:107E2000012352E07B681B681A687B681B6822F09C
:107E300016021A607B681B685A697B681B6822F00F
:107E400080025A617B681B6C002B03D17B689B6CA2
:107E5000002B07D07B681B681A687B681B6822F0C0
:107E600008021A607B681B681A687B681B6822F02E
:107E700001021A6013E008F075FD0246BB68D31AD0
:107E8000052B0CD97B6820225A657B68032283F876
:107E900035207B68002283F83420032315E07B68BB
:107EA0001B681B6803F00103002BE4D17B68DB6DCA
:107EB0003F229A40FB689A607B68012283F8352054
:107EC0007B68002283F83420002318461037BD4613
:107ED00080BD80B483B000AF78607B6893F83530A4
:107EE000DBB2022B04D07B6880225A6501230CE0B0
:107EF0007B68052283F835207B681B681A687B68DD
:107F00001B6822F001021A60002318460C37BD4698
:107F10005DF8047B704780B58AB000AFF8600B460F
:107F20007A60FB720023FB7708F01CFDB861FB68E8
:107F300093F83530DBB2022B08D0FB6880225A65FB
:107F4000FB68002283F834200123BFE0FB681B6834
:107F50001B6803F48073002B05D0FB684FF480721C
:107F60005A650123B2E0FB7A002B06D1FB68DB6D7A
:107F7000202202FA03F37B6205E0FB68DB6D10222E
:107F800002FA03F37B62FB689B6D7B617B691B6874
:107F90003B625AE07B68B3F1FF3F17D07B68002B50
:107FA00007D008F0DFFC0246BB69D31A7A689A4210
:107FB0000CD2FB6820225A65FB68012283F8352029
:107FC000FB68002283F8342003237FE07B691B6871
:107FD0003B62FB68DB6D08229A403B6A1340002B32
:107FE0000BD0FB685B6D43F00102FB685A65FB68D0
:107FF000DB6D08229A407B699A60FB68DB6D012289
:108000009A403B6A1340002B0BD0FB685B6D43F03A
:108010000202FB685A65FB68DB6D01229A407B69AE
:108020009A60FB68DB6D04229A403B6A1340002B88
:108030000BD0FB685B6D43F00402FB685A65FB687C
:10804000DB6D04229A407B699A603A6A7B6A13402E
:10805000002B05D1FB685B6D03F00103002B99D069
:10806000FB685B6D002B18D0FB685B6D03F00103B0
:10807000002B12D0F868FFF7BCFEFB68DB6D3022E6
:108080009A407B699A60FB68012283F83520FB687F
:10809000002283F83420012318E0FB7A002B0ED154
:1080A000FB68DB6D30229A407B699A60FB68012295
:1080B00083F83520FB68002283F8342005E0FB6854
:1080C000DB6D10229A407B699A60FB7F1846283747
:1080D000BD4680BD80B586B000AF78600023BB6030
:1080E000924B1B68924AA2FB03239B0A7B617B682D
:1080F0009B6D3B613B691B68FB607B68DB6D082205
:108100009A40FB681340002B1AD07B681B681B68E1
:1081100003F00403002B13D07B681B681A687B688C
:108120001B6822F004021A607B68DB6D08229A400B
:108130003B699A607B685B6D43F001027B685A651E
:108140007B68DB6D01229A40FB681340002B12D044
:108150007B681B685B6903F08003002B0BD07B6896
:10816000DB6D01229A403B699A607B685B6D43F04E
:1081700002027B685A657B68DB6D04229A40FB68CB
:108180001340002B12D07B681B681B6803F00203AE
:10819000002B0BD07B68DB6D04229A403B699A6010
:1081A0007B685B6D43F004027B685A657B68DB6D1E
:1081B00010229A40FB681340002B43D07B681B6859
:1081C0001B6803F00803002B3CD07B68DB6D10229A
:1081D0009A403B699A607B681B681B6803F48023A4
:1081E000002B18D07B681B681B6803F40023002B4E
:1081F00008D17B681B6C002B24D07B681B6C7868D3
:1082000098471FE07B689B6C002B1BD07B689B6CA6
:108210007868984716E07B681B681B6803F48073D6
:10822000002B07D17B681B681A687B681B6822F0EB
:1082300008021A607B681B6C002B03D07B681B6CE8
:10824000786898477B68DB6D20229A40FB68134072
:10825000002B00F08E807B681B681B6803F0100306
:10826000002B00F086807B68DB6D20229A403B6902
:108270009A607B6893F83530DBB2052B36D17B688A
:108280001B681A687B681B6822F016021A607B68FC
:108290001B685A697B681B6822F080025A617B6800
:1082A0001B6C002B03D17B689B6C002B07D07B6879
:1082B0001B681A687B681B6822F008021A607B68DA
:1082C000DB6D3F229A403B699A607B68012283F80C
:1082D00035207B68002283F834207B681B6D002BDF
:1082E0007DD07B681B6D7868984778E07B681B6859
:1082F0001B6803F48023002B1CD07B681B681B6861
:1083000003F40023002B08D17B685B6C002B30D07A
:108310007B685B6C786898472BE07B68DB6B002B95
:1083200027D07B68DB6B7868984722E04400002008
:10833000B5814E1B7B681B681B6803F48073002BA0
:108340000FD17B681B681A687B681B6822F01002DB
:108350001A607B68012283F835207B68002283F84D
:1083600034207B68DB6B002B03D07B68DB6B786889
:1083700098477B685B6D002B32D07B685B6D03F0A8
:108380000103002B22D07B68052283F835207B680F
:108390001B681A687B681B6822F001021A60BB68C0
:1083A0000133BB607A699A4207D37B681B681B68FC
:1083B00003F00103002BF2D100E000BF7B68012233
:1083C00083F835207B68002283F834207B68DB6CDF
:1083D000002B05D07B68DB6C7868984700E000BF15
:1083E0001837BD4680BD80B487B000AFF8600B463B
:1083F0007A60FB720023FB75FB6893F83430012B25
:1084000001D102233DE0FB68012283F83420FB68A0
:1084100093F83530DBB2012B2AD1FB7A052B2AD811
:1084200001A252F823F000BF4184010849840108E9
:108430005184010859840108618401086984010894
:10844000FB687A68DA6317E0FB687A681A6413E0FD
:10845000FB687A685A640FE0FB687A689A640BE0FC
:10846000FB687A68DA6407E0FB687A681A6503E0FB
:108470000123FB7500E000BFFB68002283F8342075
:10848000FB7D18461C37BD465DF8047B704780B401
:1084900085B000AF78600B46FB700023FB737B68F0
:1084A00093F83430012B01D1022352E07B68012282
:1084B00083F834207B6893F83530DBB2012B41D14F
:1084C000FB78062B3BD801A252F823F0E98401087F
:1084D000F1840108F9840108018501080985010872
:1084E00011850108198501087B680022DA632BE0F9
:1084F0007B6800221A6427E07B6800225A6423E02C
:108500007B6800229A641FE07B680022DA641BE02B
:108510007B6800221A6517E07B680022DA637B68BB
:1085200000221A647B6800225A647B6800229A64E5
:108530007B680022DA647B6800221A6504E001236C
:10854000FB7301E00123FB737B68002283F8342076
:10855000FB7B18461437BD465DF8047B704780B43A
:1085600083B000AF78607B6893F83530DBB2184693
:108570000C37BD465DF8047B704780B483B000AF14
:1085800078607B685B6D18460C37BD465DF8047BF0
:10859000704780B485B000AFF860B9607A603B6026
:1085A000FB681B681A68FB681B6822F480221A604B
:1085B000FB681B683A685A60FB689B68402B08D1CF
:1085C000FB681B687A689A60FB681B68BA68DA60A7
:1085D00007E0FB681B68BA689A60FB681B687A68EA
:1085E000DA6000BF1437BD465DF8047B704780B485
:1085F00085B000AF78607B681B68DBB2103B144A23
:10860000A2FB03231B09FB60124AFB6813441B787F
:108610001A467B68DA65FB68032B09D97B681B68FF
:1086200023F47F7323F003031A1D7B689A6507E028
:108630007B681B6823F47F7323F003037A689365D8
:108640007B689B6D18461437BD465DF8047B704708
:10865000ABAAAAAA1C82030880B485B000AF7860D8
:108660000023FB737B689B6ABB607B689B69002B64
:108670001FD1BB68032B56D801A252F823F000BFCC
:1086800091860108A38601089186010827870108C1
:108690007B68DB6A03F08073002B46D00123FB73F9
:1086A00043E07B68DB6AB3F1C07F40D10123FB73F9
:1086B0003DE07B689B69B3F5005F21D1BB68032B6C
:1086C00037D801A252F823F0D9860108DF860108C5
:1086D000D9860108F18601080123FB7330E07B682D
:1086E000DB6A03F08073002B25D00123FB7322E0AB
:1086F0007B68DB6AB3F1C07F1FD10123FB731CE0F1
:10870000BB68022B03D9BB68032B03D018E00123FD
:10871000FB7315E07B68DB6A03F08073002B0ED0DF
:108720000123FB730BE000BF0AE000BF08E000BFBD
:1087300006E000BF04E000BF02E000BF00E000BFB1
:10874000FB7B18461437BD465DF8047B704700BFBD
:1087500080B582B000AF78607B68002B01D1012327
:1087600014E07B681B79DBB2002B05D17B6800220B
:108770005A71786800F02BF87B6802221A717B68C6
:1087800000221A617B6801221A71002318460837FB
:10879000BD4680BD80B582B000AF78607B68002B9D
:1087A00001D101230FE07B6802221A71786800F082
:1087B00018F87B6800221A617B6800221A717B68B6
:1087C00000225A71002318460837BD4680BD80B488
:1087D00083B000AF786000BF0C37BD465DF8047B06
:1087E000704780B483B000AF786000BF0C37BD46DF
:1087F0005DF8047B704780B483B000AF7860396067
:108800007B685B79012B01D1022340E07B68012268
:108810005A717B6802221A717B681B6819683B6871
:1088200003F0100301229A407B681B680A431A6018
:108830003B68002B0FD17B681B681B6803F03C036F
:108840003C2B1DD17B681B685A687B681B6842F013
:1088500001025A6014E07B681B681B6803F4701205
:108860003B6803F010033C2101FA03F39A4207D15D
:108870007B681B685A687B681B6842F002025A607A
:108880007B6801221A717B6800225A710023184606
:108890000C37BD465DF8047B704780B483B000AFF1
:1088A000786039607B681B6819683B6803F01003C7
:1088B000012202FA03F3DA437B681B680A401A605C
:1088C0007B6801221A71002318460C37BD465DF8FB
:1088D000047B704780B586B000AFF860B9607A60FD
:1088E0003B600023FB7500233B61FB685B79012B38
:1088F00001D10223ABE0FB6801225A71FB6802221E
:108900001A71BB68002B2FD1FB689B68524ADA634F
:10891000FB689B68514A1A64FB689B68504ADA649A
:10892000FB681B681A68FB681B6842F480521A6077
:108930003B6A082B13D03B6A082B45D83B6A002BB7
:1089400003D03B6A042B05D03EE0FB681B6808336C
:108950003B613CE0FB681B680C333B6137E0FB6824
:108960001B6810333B6132E0FB68DB683D4ADA6329
:10897000FB68DB683C4A1A64FB68DB683B4ADA64E4
:10898000FB681B681A68FB681B6842F080521A601B
:108990003B6A082B13D03B6A082B17D83B6A002B85
:1089A00003D03B6A042B05D010E0FB681B6814332E
:1089B0003B610CE0FB681B6818333B6107E0FB6818
:1089C0001B681C333B6102E000BF00E000BFBB68D6
:1089D000002B11D1FB681B681A68FB681B6842F406
:1089E00000521A60FB68986879683B683A69FFF73B
:1089F000A8F90346FB7510E0FB681B681A68FB6862
:108A00001B6842F000521A60FB68D86879683B68BE
:108A10003A69FFF796F90346FB75FB6800225A7125
:108A2000FB7D002B0CD1FB681B681968BB6803F049
:108A3000100301229A40FB681B680A431A6005E094
:108A4000FB681B6943F00402FB681A61FB7D184652
:108A50001837BD4680BD00BF538D0108758D0108D4
:108A6000918D01088B970108AD970108C9970108FE
:108A700080B582B000AF786039607B681B68196888
:108A80003B6803F010034FF4805202FA03F3DA4319
:108A90007B681B680A401A607B681B6819683B6822
:108AA00003F01003012202FA03F3DA437B681B6828
:108AB0000A401A603B68002B0DD17B689B68184602
:108AC000FFF797F97B681B681A687B681B6822F4BC
:108AD00000521A600CE07B68DB681846FFF789F9E2
:108AE0007B681B681A687B681B6822F000521A605A
:108AF0007B6801221A71002318460837BD4680BDE5
:108B000080B582B000AF78607B681B681B6803F497
:108B10000053B3F5005F20D17B681B685B6B03F4E7
:108B20000053B3F5005F18D17B6804221A717B688B
:108B30001B6943F001027B681A617B681B684FF474
:108B400000525A637B681B681A687B681B6822F4B2
:108B500080521A60786800F070F87B681B681B68A8
:108B600003F00053B3F1005F20D17B681B685B6B9F
:108B700003F00053B3F1005F18D17B6804221A712F
:108B80007B681B6943F002027B681A617B681B6883
:108B90004FF000525A637B681B681A687B681B6839
:108BA00022F080521A60786800F0CBFD00BF0837D1
:108BB000BD4680BD80B487B000AFF860B9607A6010
:108BC0003B6000237B61FB681B687B61BB68002BFB
:108BD00005D17A697B68134408337B6104E07A69C4
:108BE0007B68134414337B617B691A463B681360CE
:108BF000002318461C37BD465DF8047B704780B4DF
:108C000083B000AF786000BF0C37BD465DF8047BD1
:108C1000704780B483B000AF786000BF0C37BD46AA
:108C20005DF8047B704780B483B000AF786000BF0C
:108C30000C37BD465DF8047B704780B483B000AF4D
:108C4000786000BF0C37BD465DF8047B704780B488
:108C500085B000AF786039600023FB603B68002B73
:108C600004D17B681B68DB6AFB6003E07B681B68E0
:108C70001B6BFB60FB6818461437BD465DF8047B30
:108C8000704780B487B000AFF860B9607A60FB6865
:108C90005B79012B01D102233CE0FB6801225A7170
:108CA000FB6802221A71FB681B681B687B617B688A
:108CB00003F0100340F6FE7202FA03F3DB437A6915
:108CC00013407B61BB681A68BB685B6813433B61F8
:108CD0007B6803F010033A6902FA03F37A691343DD
:108CE0007B61FB681B687A691A60FB681B681968FE
:108CF0007B6803F01003C02202FA03F3DA43FB6837
:108D00001B680A401A60FB6801221A71FB68002286
:108D10005A71002318461C37BD465DF8047B704726
:108D200080B483B000AF78607B681B79DBB21846F3
:108D30000C37BD465DF8047B704780B483B000AF4C
:108D400078607B681B6918460C37BD465DF8047B6C
:108D5000704780B584B000AF78607B689B6BFB6028
:108D6000F868FFF74CFFFB6801221A7100BF10374B
:108D7000BD4680BD80B584B000AF78607B689B6BDA
:108D8000FB60F868FFF745FF00BF1037BD4680BDA8
:108D900080B584B000AF78607B689B6BFB60FB683C
:108DA0001B6943F00402FB681A61F868FFF73BFF98
:108DB000FB6801221A7100BF1037BD4680BD00BF9D
:108DC00080B483B000AF786039607A683B68B2FBEA
:108DD000F3F3074A013B5360054B00229A60044BB2
:108DE00005221A6000BF0C37BD465DF8047B704752
:108DF00010E000E080B400AF054B1B68044A43F468
:108E00008023136000BFBD465DF8047B704700BF40
:108E10000038024080B400AF054B1B68044A23F4BD
:108E20008023136000BFBD465DF8047B704700BF20
:108E30000038024080B400AF054B1B68044A43F47D
:108E40008033136000BFBD465DF8047B704700BFF0
:108E50000038024080B400AF074B1B6803F40033B6
:108E6000B3F5003F0CBF01230023DBB21846BD461B
:108E70005DF8047B704700BF0038024080B400AF4B
:108E8000054B1B68044A43F00103136000BFBD4655
:108E90005DF8047B704700BF0038024080B400AF2B
:108EA000064B1B6803F00203022B0CBF01230023B7
:108EB000DBB21846BD465DF8047B704700380240BF
:108EC00080B483B000AF7860064B9B6823F0030248
:108ED00004497B6813438B6000BF0C37BD465DF8C7
:108EE000047B70470038024080B400AF044B9B689D
:108EF00003F00C031846BD465DF8047B704700BFC5
:108F00000038024080B483B000AF7860064B9B68A5
:108F100023F0F00204497B6813438B6000BF0C37D9
:108F2000BD465DF8047B70470038024080B483B0D2
:108F300000AF7860064B9B6823F4E05204497B68DD
:108F400013438B6000BF0C37BD465DF8047B704750
:108F50000038024080B483B000AF7860064B9B6855
:108F600023F4604204497B6813438B6000BF0C37D5
:108F7000BD465DF8047B70470038024080B400AF06
:108F8000054B1B68044A43F08073136000BFBD4665
:108F90005DF8047B704700BF0038024080B400AF2A
:108FA000074B1B6803F00073B3F1007F0CBF012374
:108FB0000023DBB21846BD465DF8047B704700BF56
:108FC0000038024080B485B000AFF860B9607A60C4
:108FD0003B600D4B5A680D4B1340F968BA6811435A
:108FE0007A6892010A43084913434B60064B5B6859
:108FF00023F4403204493B6813434B6000BF1437ED
:10900000BD465DF8047B7047003802400080BFFF1A
:1090100080B400AF074B1B6803F00063B3F1006F2F
:109020000CBF01230023DBB21846BD465DF8047B6C
:10903000704700BF0038024080B400AF074B1B6888
:1090400003F00053B3F1005F0CBF01230023DBB238
:109050001846BD465DF8047B704700BF00380240EB
:1090600080B483B000AF7860064B1B6823F00F021A
:1090700004497B6813430B6000BF0C37BD465DF8A5
:10908000047B7047003C024080B400AF044B1B6877
:1090900003F00F031846BD465DF8047B704700BF20
:1090A000003C024080B400AF044B1B6803F4404313
:1090B0001846BD465DF8047B704700BF0070004055
:1090C00080B582B000AF78604FF47A717868FFF7AE
:1090D00077FE00BF0837BD4680BD80B485B000AFC5
:1090E00078600F4B1B68FB60FB687B68B3F1FF3F48
:1090F0000CD07B6801337B6008E0094B1B6803F4EC
:109100008033002B02D07B68013B7B607B68002BA7
:10911000F3D100BF00BF1437BD465DF8047B704734
:1091200010E000E080B483B000AF7860044A7B6850
:10913000136000BF0C37BD465DF8047B704700BF6D
:109140004400002080B586B000AF786000233B610A
:109150000023FB737B68002B02D10123FB73A4E087
:10916000FFF7A0FF0346B3F5404F2DD17B68514A6E
:10917000934204D93B69002B01D105233B617B68F5
:109180004D4A934204D93B69002B01D104233B6132
:109190007B684A4A934204D93B69002B01D10323DF
:1091A0003B617B68464A934205D93B69002B02D15B
:1091B00002233B6108E07B68424A934204D93B6941
:1091C000002B01D101233B61FFF76CFF0346B3F590
:1091D000004F2DD17B68374A934204D93B69002B5D
:1091E00001D105233B617B68374A934204D93B692F
:1091F000002B01D104233B617B68304A934204D9A0
:109200003B69002B01D103233B617B682C4A9342CD
:1092100005D93B69002B02D102233B6108E07B6842
:10922000284A934204D93B69002B01D101233B61B9
:10923000FFF738FF0346B3F5804F1BD17B681F4A09
:10924000934204D93B69002B01D103233B617B6826
:109250001B4A934205D93B69002B02D102233B6193
:1092600008E07B68174A934204D93B69002B01D17F
:1092700001233B613869FFF7F3FE02237B61FFF7AF
:1092800003FFB8607B69013B7B61BA683B699A4226
:1092900002D07B69002BF2D1BA683B699A4202D0B6
:1092A0000123FB7301E00023FB73FB7B1846183797
:1092B000BD4680BD80D1F008000E2707804A5D05BD
:1092C0000087930380C3C901001BB70080B584B039
:1092D00000AF786039600023FB730023BB6000F0AF
:1092E00098F80346002B21D17968144800F06AF8F9
:1092F000B860FFF7D3FD0346012B07D0FFF7BEFD93
:1093000000BFFFF7CBFD0346012BFAD17B6819683C
:109310007B685A687B689B680020FFF753FE3968BA
:10932000B86800F095F80346FB7301E00123FB7376
:10933000FB7B18461037BD4680BD00BF0024F400FB
:1093400080B586B000AFF860B9607A603B600023FA
:10935000FB7500233B6100F05CF80346002B2AD12B
:109360007968F86800F02EF83861FFF773FD03465E
:10937000012B0FD0BB68012B02D1FFF73BFD01E0B1
:10938000FFF748FDFFF756FD00BFFFF763FD0346FB
:10939000012BFAD17B6819687B685A687B689B68E7
:1093A0004FF48000FFF70EFE3968386900F050F87E
:1093B0000346FB7501E00123FB75FB7D184618375A
:1093C000BD4680BD80B485B000AF786039600023B1
:1093D000FB603B681B6803F03F037A68B2FBF3F362
:1093E000FB603B685B68C3F30802FB6802FB03F3A6
:1093F000FB603B689B681B0C01335B00FA68B2FBA7
:10940000F3F3FB60FB6818461437BD465DF8047B38
:10941000704780B582B000AF0023FB71FFF7BEFD3F
:109420000346002B01D00123FB71FFF705FE034625
:10943000002B01D00123FB71FFF7EAFD0346002B4F
:1094400001D00123FB71FB7918460837BD4680BD6A
:1094500080B584B000AF786039600023FB730023CF
:10946000BB603B681B681B0903F00F03234AD35CF6
:109470001A467B68D340BB60214B1B68BA689A428E
:1094800004D9B868FFF75EFE0346FB73FB7B002B35
:109490001FD1FFF773FD00BFFFF780FD0346012BCF
:1094A000FAD13B681B681846FFF72CFD0220FFF736
:1094B00007FD00BFFFF718FD0346082BFAD13B68F4
:1094C0005B681846FFF732FD3B689B681846FFF75C
:1094D00041FD0B4B1B68BA689A4204D2B868FFF78B
:1094E00031FE0346FB73FB7B002B02D1B868FFF70C
:1094F00019FEFB7B18461037BD4680BD2882030845
:109500004400002080B485B000AF78600023FB6089
:109510007B685B79012B01D102233BE07B68012250
:109520005A717B6802221A717B681B681A687B6813
:109530001B6842F001021A607B681B681A687B682E
:109540001B6842F480321A607B681B681B6803F05A
:109550003C033C2B03D1FB6843F00103FB607B68B9
:109560001B681B6803F47013B3F5701F03D1FB680D
:1095700043F00203FB607B681B6859687B681B68CB
:10958000FA680A435A607B6801221A717B680022DC
:109590005A71002318461437BD465DF8047B7047A6
:1095A00080B483B000AF78607B681B681A687B6802
:1095B0001B6822F001021A607B681B681A687B68CE
:1095C0001B6822F480321A607B6801221A71002322
:1095D00018460C37BD465DF8047B704780B485B0F3
:1095E00000AFF860B9607A60FB685B79012B01D14C
:1095F000022324E0FB6801225A71FB6802221A71DF
:10960000FB681B681A68BB6803F010034FF47C61A9
:1096100001FA03F3DB4302EA03017B6843F08002B3
:10962000BB6803F010039A40FB681B680A431A608A
:10963000FB6801221A71FB6800225A710023184648
:109640001437BD465DF8047B704780B485B000AF29
:10965000F860B9607A60FB685B79012B01D1022365
:1096600024E0FB6801225A71FB6802221A71FB6830
:109670001B681A68BB6803F010034FF47C6101FAA1
:1096800003F3DB4302EA03017B6843F04002BB685B
:1096900003F010039A40FB681B680A431A60FB68DA
:1096A00001221A71FB6800225A71002318461437F0
:1096B000BD465DF8047B704780B487B000AFF860AA
:1096C000B9607A603B60BB68082B05D13B681B0220
:1096D0007A6813437B6104E03B681B047A68134398
:1096E0007B61FB681B683B61BA683B6913442033AC
:1096F0003B613B697A691A60002318461C37BD46F6
:109700005DF8047B704780B483B000AF786000BF21
:109710000C37BD465DF8047B704780B483B000AF62
:10972000786000BF0C37BD465DF8047B704780B49D
:1097300083B000AF786000BF0C37BD465DF8047B96
:10974000704780B483B000AF786000BF0C37BD466F
:109750005DF8047B704780B485B000AF786000236B
:10976000FB607B681B68DB6AFA681343FB607B68FD
:109770001B681B6B1B04FA681343FB60FB681846ED
:109780001437BD465DF8047B704780B584B000AFE8
:1097900078607B689B6BFB60F868FFF7B4FFFB6841
:1097A00001221A7100BF1037BD4680BD80B584B05C
:1097B00000AF78607B689B6BFB60F868FFF7ADFFDC
:1097C00000BF1037BD4680BD80B584B000AF786063
:1097D0007B689B6BFB60FB681B6943F00402FB68C2
:1097E0001A61F868FFF7A3FFFB6801221A7100BF36
:1097F0001037BD4680BD000080B586B000AFF86070
:10980000B960C7E900230123FB75234B1B7E012BA5
:1098100001D102233BE0204B01221A764CF250305A
:1098200000F0C0F90346FB75FB7D002B2BD1FB68D4
:10983000002B05D13B781946B86800F06BFA16E0AA
:10984000FB68012B05D13B881946B86800F03EFA49
:109850000DE0FB68022B05D13B681946B86800F0A3
:1098600013FA04E0D7E90023B86800F0DBF94CF202
:10987000503000F097F90346FB75084B1B69074A07
:1098800023F001031361044B00221A76FB7D184676
:109890001837BD4680BD00BFECE90020003C024007
:1098A00080B586B000AFF860B960C7E90023002337
:1098B000FB75204B1B7E012B01D1022335E01D4B94
:1098C00001221A761C4B1B691B4A43F080731361FB
:1098D000194B1B69184A43F000731361154B03229F
:1098E0001A70144ABB685361FB68002B05D13B78A2
:1098F0001946B86800F00EFA16E0FB68012B05D196
:109900003B881946B86800F0E1F90DE0FB68022BCE
:1099100005D13B681946B86800F0B6F904E0D7E90C
:109920000023B86800F07EF9FB7D18461837BD4665
:1099300080BD00BFECE90020003C024080B582B051
:1099400000AF00237B604C4BDB6803F4F973002B02
:1099500020D04A4B1B78DBB2012B07D1474BDB6889
:109960007B60464B4FF0FF32DA600BE0434B1B78D5
:10997000DBB2022B03D1414B1B697B6002E03F4B02
:109980005B697B6000F0E8F9786800F083F83B4B96
:1099900000221A70384BDB6803F00103002B4AD019
:1099A000354B0122DA60354B1B78DBB2012B2DD110
:1099B000324B5B68013B314A5360304B5B68002B94
:1099C00015D02E4BDB687B60786800F059F82B4B84
:1099D000DB680133294AD360284BDB687B60274B67
:1099E0001B7ADBB21946786810F04AFD23E04FF08D
:1099F000FF337B60214A7B68D360204B00221A70C2
:109A000010F0D2FF786800F03BF814E01B4B1B7895
:109A1000DBB2022B07D110F0C7FF184B1B691846A9
:109A200000F02EF804E0154B5B69184600F028F8AA
:109A3000124B00221A70114B1B78DBB2002B16D18F
:109A40000D4B1B690C4A23F4004323F0FF03136101
:109A5000094B1B69084A23F080731361064B1B698D
:109A6000054A23F000731361044B00221A7600BFED
:109A70000837BD4680BD00BF003C0240ECE9002035
:109A800080B483B000AF786000BF0C37BD465DF88E
:109A9000047B704780B483B000AF786000BF0C37A0
:109AA000BD465DF8047B704780B483B000AF0023EF
:109AB000FB710B4B1B69002B0BDA094B094A5A60EF
:109AC000074B094A5A60064B1B69002B01DA012338
:109AD000FB71FB7918460C37BD465DF8047B704777
:109AE000003C024023016745AB89EFCD80B400AF55
:109AF000054B1B69044A43F00043136100231846D9
:109B0000BD465DF8047B7047003C024080B400AF66
:109B1000094B5B6903F00103002B07D0064B074A92
:109B20009A60054B064A9A60002300E0012318461C
:109B3000BD465DF8047B7047003C02403B2A190893
:109B40007F6E5D4C80B400AF054B5B69044A43F007
:109B50000103536100231846BD465DF8047B70473E
:109B6000003C024080B500AF074B1B78DBB2064AD1
:109B700043F00203DBB213704CF2503000F012F8E5
:109B80000346184680BD00BF143C024080B400AFBD
:109B9000034BDB691846BD465DF8047B704700BF88
:109BA000ECE9002080B584B000AF78600023FB6052
:109BB0001A4B0022DA6106F0D5FEF86010E07B68EF
:109BC000B3F1FF3F0CD07B68002B07D006F0CAFE34
:109BD0000246FB68D31A7A689A4201D2032319E03D
:109BE0000F4BDB6803F48033002BE8D10C4BDB68B0
:109BF00003F00103002B02D0094B0122DA60084B6D
:109C0000DB6803F4F973002B03D000F0A5F80123FF
:109C100000E0002318461037BD4680BDECE9002067
:109C2000003C024080B485B000AFF860C7E9002373
:109C3000144B1B69134A23F440731361114B1B69C6
:109C4000104A43F4407313610E4B1B690D4A43F0F5
:109C500001031361FB683A681A60BFF36F8F00BF9E
:109C6000D7E900014FF000024FF000030A00002383
:109C7000F968043113460B6000BF1437BD465DF828
:109C8000047B7047003C024080B483B000AF786032
:109C900039600D4B1B690C4A23F4407313610A4B66
:109CA0001B69094A43F400731361074B1B69064A99
:109CB00043F0010313617B683A681A6000BF0C37F8
:109CC000BD465DF8047B7047003C024080B483B021
:109CD00000AF78600B467B800D4B1B690C4A23F468
:109CE000407313610A4B1B69094A43F48073136183
:109CF000074B1B69064A43F0010313617B687A88AE
:109D00001A8000BF0C37BD465DF8047B704700BF6A
:109D1000003C024080B483B000AF78600B46FB701B
:109D20000C4B1B690B4A23F440731361094B094A1E
:109D30001B691361074B1B69064A43F0010313615A
:109D40007B68FA781A7000BF0C37BD465DF8047B5B
:109D5000704700BF003C024080B400AF2F4BDB686F
:109D600003F01003002B08D02D4BDB6943F01003E8
:109D70002B4AD361294B1022DA60284BDB6803F0B1
:109D80002003002B08D0264BDB6943F00803244A4C
:109D9000D361224B2022DA60204BDB6803F04003C2
:109DA000002B08D01E4BDB6943F004031C4AD3612F
:109DB0001A4B4022DA60194BDB6803F08003002B5A
:109DC00008D0174BDB6943F00203154AD361134BEC
:109DD0008022DA60114BDB6803F48073002B09D01A
:109DE0000F4BDB6943F001030D4AD3610B4B4FF47A
:109DF0008072DA60094BDB6803F00203002B08D0A5
:109E0000074BDB6943F02003054AD361034B022271
:109E1000DA6000BFBD465DF8047B7047003C02403D
:109E2000ECE9002080B582B000AF78607B68002B41
:109E300001D101231CE07B685B79DBB2002B05D1EB
:109E40007B6800221A71786800F040F87B68022273
:109E50005A717B681B681A687B681B6842F00402B1
:109E60001A607B6801225A717B6800229A60002385
:109E700018460837BD4680BD80B582B000AF786017
:109E80007B68002B01D101231CE07B681B681A68EA
:109E90007B681B6822F00C021A607B681B685A689A
:109EA0007B681B6822F060025A60786800F018F83E
:109EB0007B6800225A717B6800229A607B680022CE
:109EC0001A71002318460837BD4680BD80B483B0A0
:109ED00000AF786000BF0C37BD465DF8047B70476B
:109EE00080B483B000AF786000BF0C37BD465DF82A
:109EF000047B704780B584B000AF78603960002380
:109F0000FB737B681B79012B01D1022344E07B6842
:109F100001221A717B685B79DBB2012B33D17B683C
:109F200002225A7106F01EFDB86018E006F01AFD14
:109F30000246BB68D31A022B11D97B681B685B6889
:109F400003F00103012B0AD07B6801225A717B6860
:109F500002229A607B6800221A7101231CE07B6850
:109F60001B685B6803F00103012BDFD17B681B6872
:109F70009A687B68DA607B68DA683B681A607B689D
:109F800001225A7104E07B6804229A600123FB736A
:109F90007B6800221A71FB7B18461037BD4680BDD6
:109FA00080B485B000AF78600023FB737B681B79B9
:109FB000012B01D102231CE07B6801221A717B680E
:109FC0005B79DBB2012B0BD17B6802225A717B6873
:109FD0001B681A687B681B6842F008021A6007E079
:109FE0007B6800221A717B6804229A600123FB734C
:109FF000FB7B18461437BD465DF8047B704780B57F
:10A0000082B000AF78607B680C3319467868FFF740
:10A0100071FF0346002B02D17B68DB6800E0002360
:10A0200018460837BD4680BD80B485B000AF786063
:10A030000023FB607B681B79012B01D1022312E016
:10A040007B6801221A717B6802225A717B681B6847
:10A050009B68FB607B681B681A687B681B6842F022
:10A0600008021A60FB6818461437BD465DF8047B89
:10A07000704780B584B000AF78600023FB607B68D8
:10A080001B685B6803F02003202B05D17B6810223E
:10A090009A600123FB600BE07B681B685B6803F040
:10A0A0004003402B04D17B6808229A600123FB60A7
:10A0B000FB68012B0BD17B6804225A71786800F091
:10A0C00045F87B681B686FF060025A6024E07B688B
:10A0D0001B685B6803F00103012B1DD17B681B68C3
:10A0E0001A687B681B6822F008021A607B681B688C
:10A0F0009A687B68DA607B685B79DBB2042B0BD0F3
:10A100007B6801225A717B6800221A717B68DB68C8
:10A110001946786800F00FF81037BD4680BD80B44E
:10A1200083B000AF78607B68DB6818460C37BD46AB
:10A130005DF8047B704780B483B000AF786039600D
:10A1400000BF0C37BD465DF8047B704780B483B018
:10A1500000AF786000BF0C37BD465DF8047B7047E8
:10A1600080B483B000AF78607B685B79DBB218465F
:10A170000C37BD465DF8047B704780B483B000AFF8
:10A1800078607B689B6818460C37BD465DF8047B99
:10A190007047000080B582B000AF78607B68002B0C
:10A1A00001D1012383E07B685B6A002B08D17B68C7
:10A1B0005B68B3F5827F09D07B680022DA6105E035
:10A1C0007B6800221A617B6800225A617B6893F8E1
:10A1D0005130DBB2002B06D17B68002283F850207F
:10A1E000786800F090F87B68022283F851207B6841
:10A1F0001B681A687B681B6822F040021A607B6843
:10A200005B6803F482727B689B6803F404431A431F
:10A210007B68DB6803F400631A437B681B6903F007
:10A2200002031A437B685B6903F001031A437B68EE
:10A230009B6903F400731A437B68DB6903F03803FE
:10A240001A437B681B6A03F0800342EA03017B68C0
:10A250009B6A03F400527B681B680A431A607B68A0
:10A260009B691B0C03F004017B685B6A03F010021E
:10A270007B681B680A435A607B689B6AB3F5005F82
:10A2800005D17B68DA6A7B681B6892B21A617B68C9
:10A290001B68DA697B681B6822F40062DA617B68FC
:10A2A00000225A657B68012283F85120002318465A
:10A2B0000837BD4680BD80B582B000AF78607B684E
:10A2C000002B01D101231AE07B68022283F8512080
:10A2D0007B681B681A687B681B6822F040021A6062
:10A2E000786800F01AF87B6800225A657B680022C3
:10A2F00083F851207B68002283F850200023184601
:10A300000837BD4680BD80B483B000AF786000BF21
:10A310000C37BD465DF8047B704780B483B000AF56
:10A32000786000BF0C37BD465DF8047B704780B590
:10A3300088B000AFF860B9603B601346FB80002333
:10A34000FB77FB6893F85030012B01D1022348E1E1
:10A35000FB68012283F8502006F004FBB861FB88FB
:10A36000FB82FB6893F85130DBB2012B02D0022351
:10A37000FB772DE1BB68002B02D0FB88002B02D1BC
:10A380000123FB7724E1FB68032283F85120FB685B
:10A3900000225A65FB68BA681A63FB68FA889A86D5
:10A3A000FB68FA88DA86FB6800229A63FB68002261
:10A3B0009A87FB680022DA87FB6800225A64FB68F0
:10A3C00000221A64FB689B68B3F5004F0FD1FB684D
:10A3D0001B681A68FB681B6822F040021A60FB6861
:10A3E0001B681A68FB681B6842F480421A60FB68AD
:10A3F0009B6AB3F5005F0FD1FB681B681A68FB68A6
:10A400001B6822F400521A60FB681B681A68FB681C
:10A410001B6842F400521A60FB681B681B6803F05B
:10A420004003402B07D0FB681B681A68FB681B6859
:10A4300042F040021A60FB68DB68B3F5006F4BD155
:10A44000FB685B68002B02D0FB8A012B3ED1FB68C6
:10A450001B6B1A88FB681B68DA60FB681B6B9A1C15
:10A46000FB681A63FB68DB8E9BB2013B9AB2FB6808
:10A47000DA862BE0FB681B689B6803F00203022B63
:10A4800012D1FB681B6B1A88FB681B68DA60FB68DB
:10A490001B6B9A1CFB681A63FB68DB8E9BB2013B4B
:10A4A0009AB2FB68DA8611E006F05CFA0246BB69F4
:10A4B000D31A3A689A4203D83B68B3F1FF3F02D1FE
:10A4C0003B68002B02D10323FB7781E0FB68DB8E26
:10A4D0009BB2002BCED14CE0FB685B68002B02D016
:10A4E000FB8A012B40D1FB681A6BFB681B680C339D
:10A4F00012781A70FB681B6B5A1CFB681A63FB68A6
:10A50000DB8E9BB2013B9AB2FB68DA862CE0FB68DB
:10A510001B689B6803F00203022B13D1FB681A6BC4
:10A52000FB681B680C3312781A70FB681B6B5A1C93
:10A53000FB681A63FB68DB8E9BB2013B9AB2FB6837
:10A54000DA8611E006F00EFA0246BB69D31A3A68C1
:10A550009A4203D83B68B3F1FF3F02D13B68002B1E
:10A5600002D10323FB7733E0FB68DB8E9BB2002B29
:10A57000CDD1FB689B6AB3F5005F07D1FB681B6810
:10A580001A68FB681B6842F480521A60BA6939681D
:10A59000F86802F006FA0346002B02D0FB6820227E
:10A5A0005A65FB689B68002B0AD100233B61FB685E
:10A5B0001B68DB683B61FB681B689B683B613B6910
:10A5C000FB685B6D002B02D00123FB7700E000BF2E
:10A5D000FB68012283F85120FB68002283F8502099
:10A5E000FB7F18462037BD4680BD80B58AB002AFDC
:10A5F000F860B9603B601346FB8000237B61002359
:10A60000FB77FB685B68B3F5827F12D1FB689B68C0
:10A61000002B0ED1FB68042283F85120FA883B6896
:10A6200000931346BA68B968F86800F069F9034600
:10A6300062E1FB6893F85030012B01D102235BE10A
:10A64000FB68012283F8502006F08CF9B861FB68A2
:10A6500093F85130DBB2012B02D00223FB7742E1A9
:10A66000BB68002B02D0FB88002B02D10123FB77B3
:10A6700039E1FB68042283F85120FB6800225A6507
:10A68000FB68BA689A63FB68FA889A87FB68FA885D
:10A69000DA87FB6800221A63FB6800229A86FB684F
:10A6A0000022DA86FB6800221A64FB6800225A64E2
:10A6B000FB689B6AB3F5005F16D1FB681B681A68DC
:10A6C000FB681B6822F400521A60FB681B681A685A
:10A6D000FB681B6842F400521A60FB68DB8F9BB278
:10A6E000013B9AB2FB68DA87FB689B68B3F5004FC1
:10A6F0000FD1FB681B681A68FB681B6822F04002D8
:10A700001A60FB681B681A68FB681B6822F48042A9
:10A710001A60FB681B681B6803F04003402B07D0DE
:10A72000FB681B681A68FB681B6842F040021A60ED
:10A73000FB68DB68002B62D12EE0FB681B689B681E
:10A7400003F00103012B15D1FB681B6803F10C0218
:10A75000FB689B6B1278D2B21A70FB689B6B5A1C19
:10A76000FB689A63FB68DB8F9BB2013B9AB2FB6884
:10A77000DA8711E006F0F6F80246BB69D31A3A68A8
:10A780009A4203D83B68B3F1FF3F02D13B68002BEC
:10A7900002D10323FB77A6E0FB68DB8F9BB2002B83
:10A7A000CBD131E0FB681B689B6803F00103012BF0
:10A7B00013D1FB681B68DA68FB689B6B92B21A8046
:10A7C000FB689B6B9A1CFB689A63FB68DB8F9BB2F0
:10A7D000013B9AB2FB68DA8711E006F0C3F8024643
:10A7E000BB69D31A3A689A4203D83B68B3F1FF3F7A
:10A7F00002D13B68002B02D10323FB7773E0FB6897
:10A80000DB8F9BB2002BCDD1FB689B6AB3F5005F59
:10A8100044D1FB681B681A68FB681B6842F48052CD
:10A820001A60BB6900933B6801220121F86801F0BE
:10A83000CCFF0346002B02D00323FB7753E0FB68D9
:10A84000DB68B3F5006F07D1FB681B68DA68FB684B
:10A850009B6B92B21A8008E0FB681B6803F10C0244
:10A86000FB689B6B1278D2B21A70BB6900933B688D
:10A8700001220121F86801F0A8FF0346002B08D04F
:10A88000FB685B6D43F00202FB685A650323FB77AC
:10A8900029E0FB681B68DB687B617B69BA69396802
:10A8A000F86802F019F80346002B02D0FB6820225A
:10A8B0005A65FB681B689B6803F01003102B0AD1D4
:10A8C000FB685B6D43F00202FB685A65FB681B681E
:10A8D0004FF6EF729A60FB685B6D002B02D001238C
:10A8E000FB7700E000BFFB68012283F85120FB6882
:10A8F000002283F85020FB7F18462037BD4680BDDC
:10A9000080B58EB002AFF860B9607A607B800023BA
:10A910007B610123FB62002387F82B30FB6893F8EF
:10A920005030012B01D10223F8E1FB68012283F8AA
:10A93000502006F017F87862FB6893F8513087F8DA
:10A940002330FB685B68FB617B887B8397F823304F
:10A95000012B0FD0FB69B3F5827F07D1FB689B68A1
:10A96000002B03D197F82330042B03D0022387F860
:10A970002B30C9E1BB68002B05D07B68002B02D0CF
:10A980007B88002B03D1012387F82B30BCE1FB68C7
:10A9900093F85130DBB2042B03D0FB68052283F817
:10A9A0005120FB6800225A65FB687A689A63FB684D
:10A9B0007A88DA87FB687A889A87FB68BA681A63AC
:10A9C000FB687A88DA86FB687A889A86FB680022B8
:10A9D0001A64FB6800225A64FB689B6AB3F5005F47
:10A9E0000FD1FB681B681A68FB681B6822F40052D1
:10A9F0001A60FB681B681A68FB681B6842F4005207
:10AA00001A60FB681B681B6803F04003402B07D0EB
:10AA1000FB681B681A68FB681B6842F040021A60FA
:10AA2000FB68DB68B3F5006F40F08B80FB685B6808
:10AA3000002B02D07B8B012B78D1FB681B6B1A8813
:10AA4000FB681B68DA60FB681B6B9A1CFB681A6367
:10AA5000FB68DB8E9BB2013B9AB2FB68DA8665E04D
:10AA6000FB681B689B6803F00203022B2DD1FB6877
:10AA7000DB8E9BB2002B28D0FB6A012B25D1FB6813
:10AA80001B6B1A88FB681B68DA60FB681B6B9A1CDF
:10AA9000FB681A63FB68DB8E9BB2013B9AB2FB68D2
:10AAA000DA860023FB62FB68DB8E9BB2002B0CD1A5
:10AAB000FB689B6AB3F5005F07D1FB681B681A68E7
:10AAC000FB681B6842F480521A60FB681B689B6835
:10AAD00003F00103012B19D1FB68DB8F9BB2002B24
:10AAE00014D0FB681B68DA68FB689B6B92B21A8013
:10AAF000FB689B6B9A1CFB689A63FB68DB8F9BB2BD
:10AB0000013B9AB2FB68DA870123FB6205F02AFF5A
:10AB100002467B6AD31ABA6B9A4207D8BB6BB3F171
:10AB2000FF3F03D0032387F82B30EDE0FB68DB8E7B
:10AB30009BB2002B94D1FB68DB8F9BB2002B8FD193
:10AB40008EE0FB685B68002B02D07B8B012B7DD1F4
:10AB5000FB681A6BFB681B680C3312781A70FB6871
:10AB60001B6B5A1CFB681A63FB68DB8E9BB2013BB4
:10AB70009AB2FB68DA8669E0FB681B689B6803F0A1
:10AB80000203022B2ED1FB68DB8E9BB2002B29D057
:10AB9000FB6A012B26D1FB681A6BFB681B680C3320
:10ABA00012781A70FB681B6B5A1CFB681A63FB68EF
:10ABB000DB8E9BB2013B9AB2FB68DA860023FB6214
:10ABC000FB68DB8E9BB2002B0CD1FB689B6AB3F554
:10ABD000005F07D1FB681B681A68FB681B6842F4BA
:10ABE00080521A60FB681B689B6803F00103012B0D
:10ABF00019D1FB68DB8F9BB2002B14D0FB681B685C
:10AC0000DA68FB689B6BD2B21A70FB689B6B5A1CAC
:10AC1000FB689A63FB68DB8F9BB2013B9AB2FB68CF
:10AC2000DA870123FB6205F09DFE02467B6AD31A98
:10AC3000BA6B9A4203D8BB6BB3F1FF3F02D1BB6B37
:10AC4000002B03D1032387F82B305DE0FB68DB8EFC
:10AC50009BB2002B90D1FB68DB8F9BB2002B8BD17A
:10AC6000FB689B6AB3F5005F19D17B6A0093BB6BED
:10AC700001220121F86801F0A8FD0346002B09D04C
:10AC8000FB685B6D43F00202FB685A65032387F89B
:10AC90002B3039E0FB681B68DB687B617B69FB68F4
:10ACA0001B689B6803F01003102B0DD1FB685B6DD4
:10ACB00043F00202FB685A65FB681B684FF6EF72AF
:10ACC0009A60012387F82B307A6AB96BF86801F033
:10ACD00068FE0346002B06D0012387F82B30FB6863
:10ACE00020225A6510E0FB689B68002B0BD10023E3
:10ACF0003B61FB681B68DB683B61FB681B689B680A
:10AD00003B613B6900E000BFFB68012283F85120F2
:10AD1000FB68002283F8502097F82B301846303714
:10AD2000BD4680BD80B487B000AFF860B9601346FF
:10AD3000FB800023FB75FB6893F85030012B01D199
:10AD4000022384E0FB68012283F85020BB68002BBB
:10AD500002D0FB88002B02D10123FB7572E0FB6857
:10AD600093F85130DBB2012B02D00223FB7569E06E
:10AD7000FB68032283F85120FB6800225A65FB68B8
:10AD8000BA681A63FB68FA889A86FB68FA88DA86DA
:10AD9000FB6800229A63FB6800229A87FB68002206
:10ADA000DA87FB6800221A64FB68DB68002B03D09B
:10ADB000FB682A4A5A6402E0FB68294A5A64FB6825
:10ADC0009B68B3F5004F0FD1FB681B681A68FB68DE
:10ADD0001B6822F040021A60FB681B681A68FB6857
:10ADE0001B6842F480421A60FB689B6AB3F5005FFF
:10ADF0000FD1FB681B681A68FB681B6822F40052BD
:10AE00001A60FB681B681A68FB681B6842F40052F2
:10AE10001A60FB681B685A68FB681B6842F0A00256
:10AE20005A60FB681B681B6803F04003402B08D086
:10AE3000FB681B681A68FB681B6842F040021A60D6
:10AE400000E000BFFB68002283F85020FB7D18461D
:10AE50001C37BD465DF8047B704700BF6DC7010815
:10AE60000DC7010880B586B000AFF860B960134621
:10AE7000FB800023FB75FB689B68002B10D1FB68EF
:10AE80005B68B3F5827F0BD1FB68042283F8512005
:10AE9000FB88BA68B968F86800F096F803468BE05A
:10AEA000FB6893F85030012B01D1022384E0FB684A
:10AEB000012283F85020FB6893F85130DBB2012B5C
:10AEC00002D00223FB7572E0BB68002B02D0FB8826
:10AED000002B02D10123FB7569E0FB68042283F893
:10AEE0005120FB6800225A65FB68BA689A63FB68C8
:10AEF000FA889A87FB68FA88DA87FB6800221A6367
:10AF0000FB6800229A86FB680022DA86FB68002232
:10AF10005A64FB68DB68002B03D0FB68284A1A647C
:10AF200002E0FB68274A1A64FB689B68B3F5004F90
:10AF30000FD1FB681B681A68FB681B6822F040028F
:10AF40001A60FB681B681A68FB681B6822F4804261
:10AF50001A60FB689B6AB3F5005F0FD1FB681B6842
:10AF60001A68FB681B6822F400521A60FB681B68B1
:10AF70001A68FB681B6842F400521A60FB681B6881
:10AF80005A68FB681B6842F060025A60FB681B68E5
:10AF90001B6803F04003402B08D0FB681B681A684D
:10AFA000FB681B6842F040021A6000E000BFFB68CB
:10AFB000002283F85020FB7D18461837BD4680BD1F
:10AFC0008DC60108D5C5010880B487B000AFF86010
:10AFD000B9607A607B800023FB75FB6893F8503082
:10AFE000012B01D102238AE0FB68012283F8502063
:10AFF000FB6893F85130BB75FB685B683B61BB7DB8
:10B00000012B0DD03B69B3F5827F06D1FB689B68AD
:10B01000002B02D1BB7D042B02D00223FB7569E01B
:10B02000BB68002B05D07B68002B02D07B88002BEF
:10B0300002D10123FB755DE0FB6893F85130DBB270
:10B04000042B03D0FB68052283F85120FB68002203
:10B050005A65FB68BA681A63FB687A889A86FB6847
:10B060007A88DA86FB687A689A63FB687A889A87B6
:10B07000FB687A88DA87FB68DB68002B06D0FB6800
:10B08000224A1A64FB68224A5A6405E0FB68214A96
:10B090001A64FB68204A5A64FB689B6AB3F5005F38
:10B0A0000FD1FB681B681A68FB681B6822F400520A
:10B0B0001A60FB681B681A68FB681B6842F4005240
:10B0C0001A60FB681B685A68FB681B6842F0E00264
:10B0D0005A60FB681B681B6803F04003402B08D0D4
:10B0E000FB681B681A68FB681B6842F040021A6024
:10B0F00000E000BFFB68002283F85020FB7D18466B
:10B100001C37BD465DF8047B704700BF79C4010859
:10B1100021C5010831C30108EFC3010880B586B01D
:10B1200000AFF860B9601346FB800023FB75FB6835
:10B1300093F85030012B01D10223B0E0FB680122CB
:10B1400083F85020FB6893F85130DBB2012B02D01A
:10B150000223FB759EE0BB68002B02D0FB88002B0E
:10B1600002D10123FB7595E0FB68032283F851208F
:10B17000FB6800225A65FB68BA681A63FB68FA88A4
:10B180009A86FB68FA88DA86FB6800229A63FB6875
:10B1900000225A64FB6800221A64FB6800229A8726
:10B1A000FB680022DA87FB689B68B3F5004F0FD17C
:10B1B000FB681B681A68FB681B6822F040021A6073
:10B1C000FB681B681A68FB681B6842F480421A60BF
:10B1D000FB689B6AB3F5005F0FD1FB681B681A68B8
:10B1E000FB681B6822F400521A60FB681B681A682F
:10B1F000FB681B6842F400521A60FB689B6C2A4A89
:10B200001A64FB689B6C294ADA63FB689B6C284ACA
:10B21000DA64FB689B6C00221A65FB68986CFB681B
:10B220001B6B1946FB681B680C331A46FB68DB8EE8
:10B230009BB2FCF786FD0346002B0CD0FB685B6DD0
:10B2400043F01002FB685A650123FB75FB6801227D
:10B2500083F851201EE0FB681B681B6803F0400365
:10B26000402B07D0FB681B681A68FB681B6842F01C
:10B2700040021A60FB681B685A68FB681B6842F052
:10B2800020025A60FB681B685A68FB681B6842F022
:10B2900002025A60FB68002283F85020FB7D1846AA
:10B2A0001837BD4680BD00BFE1C0010845BE01089A
:10B2B00035C1010880B586B000AFF860B9601346AB
:10B2C000FB800023FB75FB689B68002B10D1FB689B
:10B2D0005B68B3F5827F0BD1FB68042283F85120B1
:10B2E000FB88BA68B968F86800F0C2F80346B4E0B1
:10B2F000FB6893F85030012B01D10223ADE0FB68CD
:10B30000012283F85020FB6893F85130DBB2012B07
:10B3100002D00223FB759BE0BB68002B02D0FB88A8
:10B32000002B02D10123FB7592E0FB68042283F815
:10B330005120FB6800225A65FB68BA689A63FB6873
:10B34000FA889A87FB68FA88DA87FB6800221A6411
:10B35000FB6800225A64FB6800229A86FB68002280
:10B36000DA86FB689B68B3F5004F0FD1FB681B685A
:10B370001A68FB681B6822F040021A60FB681B68B1
:10B380001A68FB681B6822F480421A60FB689B6A9B
:10B39000B3F5005F0FD1FB681B681A68FB681B6878
:10B3A00022F400521A60FB681B681A68FB681B686D
:10B3B00042F400521A60FB68DB6C2A4A1A64FB688C
:10B3C000DB6C294ADA63FB68DB6C284ADA64FB68C9
:10B3D000DB6C00221A65FB68D86CFB681B680C33B9
:10B3E0001946FB689B6B1A46FB68DB8F9BB2FCF728
:10B3F000A8FC0346002B0CD0FB685B6D43F01002E9
:10B40000FB685A650123FB75FB68012283F8512014
:10B410001EE0FB681B681B6803F04003402B07D04D
:10B42000FB681B681A68FB681B6842F040021A60E0
:10B43000FB681B685A68FB681B6842F020025A6070
:10B44000FB681B685A68FB681B6842F001025A607F
:10B45000FB68002283F85020FB7D18461837BD4654
:10B4600080BD00BFFDC00108EDBE010835C1010867
:10B4700080B586B000AFF860B9607A607B80002349
:10B48000FB75FB6893F85030012B01D10223F8E0E3
:10B49000FB68012283F85020FB6893F85130BB759C
:10B4A000FB685B683B61BB7D012B0DD03B69B3F54D
:10B4B000827F06D1FB689B68002B02D1BB7D042BE9
:10B4C00002D00223FB75D7E0BB68002B05D07B6858
:10B4D000002B02D07B88002B02D10123FB75CBE02F
:10B4E000FB6893F85130DBB2042B03D0FB680522D4
:10B4F00083F85120FB6800225A65FB68BA681A631A
:10B50000FB687A889A86FB687A88DA86FB687A68AC
:10B510009A63FB687A889A87FB687A88DA87FB687F
:10B5200000221A64FB6800225A64FB689B6AB3F528
:10B53000005F0FD1FB681B681A68FB681B6822F468
:10B5400000521A60FB681B681A68FB681B6842F4AB
:10B5500000521A60FB6893F85130DBB2042B08D11B
:10B56000FB68DB6C494A1A64FB68DB6C484ADA63A7
:10B5700007E0FB68DB6C474A1A64FB68DB6C464AF1
:10B58000DA63FB68DB6C454ADA64FB68DB6C00223B
:10B590001A65FB68D86CFB681B680C331946FB689E
:10B5A0009B6B1A46FB68DB8F9BB2FCF7CAFB03461A
:10B5B000002B0CD0FB685B6D43F01002FB685A65F2
:10B5C0000123FB75FB68012283F8512054E0FB68DE
:10B5D0001B685A68FB681B6842F001025A60FB68EE
:10B5E0009B6C00221A64FB689B6C0022DA63FB6888
:10B5F0009B6C0022DA64FB689B6C00221A65FB6876
:10B60000986CFB681B6B1946FB681B680C331A4669
:10B61000FB68DB8E9BB2FCF794FB0346002B0CD03F
:10B62000FB685B6D43F01002FB685A650123FB75F4
:10B63000FB68012283F851201EE0FB681B681B6831
:10B6400003F04003402B07D0FB681B681A68FB68B7
:10B650001B6842F040021A60FB681B685A68FB686E
:10B660001B6842F020025A60FB681B685A68FB683E
:10B670001B6842F002025A60FB68002283F85020E7
:10B68000FB7D18461837BD4680BD00BFFDC00108D0
:10B69000EDBE010819C10108F3BF010835C1010859
:10B6A00080B588B000AF78600023FB776E4B1B68D5
:10B6B0006E4AA2FB03235B0A642202FB03F37B6155
:10B6C0007B69BB617B681B685A687B681B6822F0DA
:10B6D00020025A607B681B685B6803F08003802B44
:10B6E00017D17B68624A5A64BB69002B06D17B681C
:10B6F0005B6D43F040027B685A6508E0BB69013B23
:10B70000BB617B6893F85130DBB2072BECD17B69CE
:10B71000BB617B681B685B6803F04003402B17D15B
:10B720007B68544A1A64BB69002B06D17B685B6D49
:10B7300043F040027B685A6508E0BB69013BBB618E
:10B740007B6893F85130DBB2072BECD17B69BB618E
:10B750007B681B685B6803F00203022B2ED17B68B9
:10B760009B6C002B2AD07B689B6C00221A657B683F
:10B770009B6C1846FCF73DFB0346002B02D07B6810
:10B7800040225A657B681B685A687B681B6822F0F8
:10B7900002025A60BB69002B06D17B685B6D43F0E7
:10B7A00040027B685A6509E0BB69013BBB617B686D
:10B7B0001B689B6803F00203002BEBD07B681B68BF
:10B7C0005B6803F00103012B22D17B68DB6C002B4B
:10B7D0001ED07B68DB6C00221A657B68DB6C184628
:10B7E000FCF707FB0346002B02D07B6840225A651A
:10B7F0007B681B681A687B681B6822F040021A602D
:10B800007B681B685A687B681B6822F001025A60DB
:10B810007B680022DA877B680022DA867B685B6DB2
:10B82000402B02D10123FB7702E07B6800225A659E
:10B8300000233B617B681B68DB683B617B681B689E
:10B840009B683B613B690023FB607B681B689B68CE
:10B85000FB60FB687B68012283F85120FB7F184660
:10B860002037BD4680BD00BF44000020F119760599
:10B870003DCD0108ADCC010880B588B000AF78603F
:10B880000023FB770123BB61724B1B68724AA2FB4A
:10B8900003235B0A642202FB03F33B613B697B6188
:10B8A0007B681B685A687B681B6822F020025A601C
:10B8B0007B681B685B6803F08003802B17D17B6873
:10B8C000664A5A647B69002B06D17B685B6D43F046
:10B8D00040027B685A6508E07B69013B7B617B68BD
:10B8E00093F85130DBB2072BECD13B697B617B686D
:10B8F0001B685B6803F04003402B17D17B68584AF4
:10B900001A647B69002B06D17B685B6D43F04002B3
:10B910007B685A6508E07B69013B7B617B6893F833
:10B920005130DBB2072BECD13B697B617B689B6CB0
:10B93000002B0FD07B681B685B6803F00203022BAF
:10B9400004D17B689B6C474A1A6503E07B689B6C5B
:10B9500000221A657B68DB6C002B0FD07B681B68AC
:10B960005B6803F00103012B04D17B68DB6C3E4A6A
:10B970001A6503E07B68DB6C00221A657B681B6834
:10B980005B6803F00203022B15D17B689B6C002BD4
:10B9900011D07B689B6C1846FCF79BFA0346002B82
:10B9A00007D07B689B6C00221A657B6840225A6531
:10B9B00001E00023BB617B681B685B6803F0010347
:10B9C000012B15D17B68DB6C002B11D07B68DB6C05
:10B9D0001846FCF77EFA0346002B07D07B68DB6C29
:10B9E00000221A657B6840225A6501E00023BB6192
:10B9F000BB69012B28D17B680022DA877B68002293
:10BA0000DA867B685B6D402B02D10123FB7702E075
:10BA10007B6800225A650023FB607B681B68DB683B
:10BA2000FB607B681B689B68FB60FB680023BB6056
:10BA30007B681B689B68BB60BB687B68012283F8DE
:10BA40005120786800F0DAF9FB7F18462037BD46B0
:10BA500080BD00BF44000020F11976053DCD0108EE
:10BA6000ADCC01089DC1010871C2010880B483B04A
:10BA700000AF78607B6893F85030012B01D102232E
:10BA800010E07B68012283F850207B681B685A68AD
:10BA90007B681B6822F003025A607B68002283F8EF
:10BAA0005020002318460C37BD465DF8047B7047D4
:10BAB00080B483B000AF78607B6893F85030012B7E
:10BAC00001D1022310E07B68012283F850207B68BB
:10BAD0001B685A687B681B6842F003025A607B68E7
:10BAE000002283F85020002318460C37BD465DF82D
:10BAF000047B704780B584B000AF78600023FB738F
:10BB00007B689B6C002B0FD07B689B6C1846FCF706
:10BB100070F90346002B07D07B685B6D43F0100281
:10BB20007B685A650123FB737B68DB6C002B0FD0AD
:10BB30007B68DB6C1846FCF75CF90346002B07D0EA
:10BB40007B685B6D43F010027B685A650123FB73D1
:10BB50007B681B685A687B681B6822F003025A6086
:10BB60007B68012283F85120FB7B18461037BD46C5
:10BB700080BD80B588B000AF78607B681B685B686B
:10BB8000FB617B681B689B68BB61BB699B0903F019
:10BB90000103002B0FD1BB6903F00103002B0AD076
:10BBA000FB699B0903F00103002B04D07B681B6C2D
:10BBB00078689847D7E0BB695B0803F00103002B66
:10BBC0000AD0FB69DB0903F00103002B04D07B687A
:10BBD0005B6C78689847C6E0BB695B0903F00103BA
:10BBE000002B0CD1BB699B0903F00103002B06D18C
:10BBF000BB691B0A03F00103002B00F0B480FB6952
:10BC00005B0903F00103002B00F0AD80BB699B09C9
:10BC100003F00103002B23D07B6893F85130DBB293
:10BC2000032B11D07B685B6D43F004027B685A657F
:10BC300000237B617B681B68DB687B617B681B681A
:10BC40009B687B617B690BE000233B617B681B6821
:10BC5000DB683B617B681B689B683B613B6982E0FA
:10BC6000BB695B0903F00103002B14D07B685B6D9B
:10BC700043F001027B685A650023FB607B681B6808
:10BC80009B68FB607B681B681A687B681B6822F0F6
:10BC900040021A60FB68BB691B0A03F00103002B1A
:10BCA0000CD07B685B6D43F008027B685A6500230B
:10BCB000BB607B681B689B68BB60BB687B685B6D17
:10BCC000002B4FD07B681B685A687B681B6822F08A
:10BCD000E0025A607B68012283F85120FB6903F07F
:10BCE0000203002B04D1FB6903F00103002B34D0C5
:10BCF0007B681B685A687B681B6822F003025A60E5
:10BD00007B68DB6C002B11D07B68DB6C174A1A65F3
:10BD10007B68DB6C1846FCF7DCF80346002B05D08B
:10BD20007B685B6D43F040027B685A657B689B6C67
:10BD3000002B16D07B689B6C0C4A1A657B689B6C49
:10BD40001846FCF7C6F80346002B0AD07B685B6DEB
:10BD500043F040027B685A6503E0786800F044F8DD
:10BD600000E000BF00BF2037BD4680BD75C101089F
:10BD700080B483B000AF786000BF0C37BD465DF87B
:10BD8000047B704780B483B000AF786000BF0C378D
:10BD9000BD465DF8047B704780B483B000AF786027
:10BDA00000BF0C37BD465DF8047B704780B483B09C
:10BDB00000AF786000BF0C37BD465DF8047B70476C
:10BDC00080B483B000AF786000BF0C37BD465DF82B
:10BDD000047B704780B483B000AF786000BF0C373D
:10BDE000BD465DF8047B704780B483B000AF7860D7
:10BDF00000BF0C37BD465DF8047B704780B483B04C
:10BE000000AF786000BF0C37BD465DF8047B70471B
:10BE100080B483B000AF78607B6893F85130DBB2B8
:10BE200018460C37BD465DF8047B704780B483B07C
:10BE300000AF78607B685B6D18460C37BD465DF8D7
:10BE4000047B704780B586B000AF78607B689B6BE1
:10BE50007B6104F087FD38617B681B681B6803F415
:10BE60008073B3F5807F3BD07B691B685A687B6920
:10BE70001B6822F020025A607B691B685A687B6944
:10BE80001B6822F002025A603A696421786900F066
:10BE900088FD0346002B05D07B695B6D43F02002D3
:10BEA0007B695A657B699B68002B0AD10023FB6084
:10BEB0007B691B68DB68FB607B691B689B68FB60B8
:10BEC000FB687B690022DA867B69012283F85120B6
:10BED0007B695B6D002B03D07869FFF785FF02E07B
:10BEE0007869FFF745FF1837BD4680BD80B588B03B
:10BEF00002AF78607B689B6B7B610023FB6004F082
:10BF000031FD38617B681B681B6803F48073B3F5EF
:10BF1000807F68D07B691B685A687B691B6822F048
:10BF200020025A607B699B6AB3F5005F15D13B69BB
:10BF30000093642301220121786900F046FC034646
:10BF4000002B05D07B695B6D43F002027B695A656B
:10BF50007B691B68DB68FB60FB687B699B68002B67
:10BF60000DD17B695B68B3F5827F08D17B691B6863
:10BF70005A687B691B6822F003025A6007E07B69FC
:10BF80001B685A687B691B6822F001025A603A6993
:10BF90006421786900F0A0FC0346002B02D07B6985
:10BFA00020225A657B690022DA877B69012283F8A7
:10BFB00051207B691B689B6803F01003102B0AD18A
:10BFC0007B695B6D43F002027B695A657B691B6884
:10BFD0004FF6EF729A607B695B6D002B03D0786936
:10BFE000FFF702FF02E07869FFF7CCFE1837BD4685
:10BFF00080BD80B588B002AF78607B689B6B7B6149
:10C000000023FB6004F0AEFC38617B681B681B6892
:10C0100003F48073B3F5807F5CD07B691B685A683A
:10C020007B691B6822F020025A607B699B6AB3F52A
:10C03000005F15D13B6900936423012201217869D7
:10C0400000F0C3FB0346002B05D07B695B6D43F01A
:10C0500002027B695A657B691B68DB68FB60FB68D1
:10C060003A696421786900F09CFC0346002B05D0F6
:10C070007B695B6D43F020027B695A657B691B68B5
:10C080005A687B691B6822F003025A607B690022B0
:10C09000DA867B690022DA877B69012283F85120E6
:10C0A0007B691B689B6803F01003102B0AD17B6926
:10C0B0005B6D43F002027B695A657B691B684FF632
:10C0C000EF729A607B695B6D002B03D07869FFF794
:10C0D0008BFE02E07869FFF75FFE1837BD4680BD32
:10C0E00080B584B000AF78607B689B6BFB60F868BC
:10C0F000FFF75CFE00BF1037BD4680BD80B584B041
:10C1000000AF78607B689B6BFB60F868FFF758FEB8
:10C1100000BF1037BD4680BD80B584B000AF7860E9
:10C120007B689B6BFB60F868FFF754FE00BF10371D
:10C13000BD4680BD80B584B000AF78607B689B6BE6
:10C14000FB60FB681B685A68FB681B6822F00302EF
:10C150005A60FB685B6D43F01002FB685A65FB6830
:10C16000012283F85120F868FFF73EFE00BF103728
:10C17000BD4680BD80B584B000AF78607B689B6BA6
:10C18000FB60FB680022DA87FB680022DA86F86829
:10C19000FFF72AFE00BF1037BD4680BD80B586B0D0
:10C1A00000AF78607B689B6B7B617B699B6C002236
:10C1B0001A652D4B1B682D4AA2FB03235B0A6422E0
:10C1C00002FB03F33B617B691B685A687B691B6850
:10C1D00022F002025A603B69002B06D17B695B6D3D
:10C1E00043F040027B695A6509E03B69013B3B61D2
:10C1F0007B691B689B6803F00203002BEBD07B6913
:10C20000DB6C002B04D07B69DB6C1B6D002B26D113
:10C210007B690022DA877B690022DA867B695B6DA5
:10C22000402B02D07B6900225A650023FB607B69AA
:10C230001B68DB68FB607B691B689B68FB60FB68B5
:10C240000023BB607B691B689B68BB60BB687B6924
:10C25000012283F851207869FFF7D0FD00E000BF8C
:10C260001837BD4680BD00BF44000020F119760597
:10C2700080B586B000AF78607B689B6B7B617B6923
:10C280001B681A687B691B6822F040021A607B6990
:10C29000DB6C00221A657B691B685A687B691B6826
:10C2A00022F001025A6004F05DFB03461A46642145
:10C2B000786900F076FB0346002B05D07B695B6D47
:10C2C00043F040027B695A657B699B6C002B04D06C
:10C2D0007B699B6C1B6D002B26D17B690022DA8762
:10C2E0007B690022DA867B695B6D402B02D07B691B
:10C2F00000225A6500233B617B691B68DB683B6158
:10C300007B691B689B683B613B690023FB607B6921
:10C310001B689B68FB60FB687B69012283F85120E6
:10C320007869FFF76BFD00E000BF1837BD4680BDA0
:10C3300080B582B000AF78607B681B6803F10C02A7
:10C340007B689B6B1278D2B21A707B689B6B5A1C0D
:10C350007B689A637B68DB8F9BB2013B9AB27B68F8
:10C36000DA877B68DB8F9BB2002B18D17B689B6AD6
:10C37000B3F5005F03D17B680A4A1A640FE07B685B
:10C380001B685A687B681B6822F060025A607B68F1
:10C39000DB8E9BB2002B02D1786800F043FB08379C
:10C3A000BD4680BDA9C3010880B584B000AF7860E8
:10C3B0000023FB727B681B680C33FB60FB681B78F7
:10C3C000DBB2FB72FB7A7B681B685A687B681B6870
:10C3D00022F060025A607B68DB8E9BB2002B02D198
:10C3E000786800F01FFB00BF1037BD4680BD80B5E8
:10C3F00082B000AF78607B681A6B7B681B680C3377
:10C4000012781A707B681B6B5A1C7B681A637B68F6
:10C41000DB8E9BB2013B9AB27B68DA867B68DB8E4F
:10C420009BB2002B25D17B689B6AB3F5005F10D1CE
:10C430007B681B681A687B681B6842F480521A602C
:10C440007B681B685A687B681B6822F080025A6010
:10C450000FE07B681B685A687B681B6822F08002CB
:10C460005A607B68DB8F9BB2002B02D1786800F0AA
:10C47000D9FA0837BD4680BD80B582B000AF78607C
:10C480007B681B68DA687B689B6B92B21A807B685A
:10C490009B6B9A1C7B689A637B68DB8F9BB2013B2A
:10C4A0009AB27B68DA877B68DB8F9BB2002B18D14E
:10C4B0007B689B6AB3F5005F03D17B680A4A1A6404
:10C4C0000FE07B681B685A687B681B6822F040029B
:10C4D0005A607B68DB8E9BB2002B02D1786800F03B
:10C4E000A1FA0837BD4680BDEDC4010880B584B00F
:10C4F00000AF78600023FB607B681B68DB68FB6033
:10C50000FB687B681B685A687B681B6822F04002E6
:10C510005A60786800F086FA00BF1037BD4680BDCB
:10C5200080B582B000AF78607B681B6B1A887B682F
:10C530001B68DA607B681B6B9A1C7B681A637B68DC
:10C54000DB8E9BB2013B9AB27B68DA867B68DB8E1E
:10C550009BB2002B25D17B689B6AB3F5005F10D19D
:10C560007B681B681A687B681B6842F480521A60FB
:10C570007B681B685A687B681B6822F080025A60DF
:10C580000FE07B681B685A687B681B6822F080029A
:10C590005A607B68DB8F9BB2002B02D1786800F079
:10C5A00041FA0837BD4680BD80B584B000AF7860E1
:10C5B0000023FB727B681B680C33FB60FB681B78F5
:10C5C000DBB2FB72FB7A786800F0BAFA00BF103772
:10C5D000BD4680BD80B582B000AF78607B681B68C7
:10C5E00003F10C027B689B6B1278D2B21A707B68E5
:10C5F0009B6B5A1C7B689A637B68DB8F9BB2013B09
:10C600009AB27B68DA877B68DB8F9BB2012B0CD1F7
:10C610007B689B6AB3F5005F07D17B681B681A686B
:10C620007B681B6842F480521A607B68DB8F9BB288
:10C63000002B0BD17B689B6AB3F5005F03D17B684D
:10C64000044A1A6402E0786800F07AFA0837BD46B6
:10C6500080BD00BFA9C5010880B584B000AF786077
:10C660000023FB607B681B68DB68FB60FB687B6802
:10C670001B685A687B681B6822F060025A60786801
:10C6800000F05EFA00BF1037BD4680BD80B582B0B5
:10C6900000AF78607B681B68DA687B689B6B92B23E
:10C6A0001A807B689B6B9A1C7B689A637B68DB8F24
:10C6B0009BB2013B9AB27B68DA877B68DB8F9BB2C7
:10C6C000012B0CD17B689B6AB3F5005F07D17B68B7
:10C6D0001B681A687B681B6842F480521A607B688A
:10C6E000DB8F9BB2002B0BD17B689B6AB3F5005F9D
:10C6F00003D17B68044A1A6402E0786800F020FAEB
:10C700000837BD4680BD00BF59C6010880B582B05C
:10C7100000AF78607B681A6B7B681B680C331278FB
:10C720001A707B681B6B5A1C7B681A637B68DB8EF4
:10C730009BB2013B9AB27B68DA867B68DB8E9BB248
:10C74000002B0FD17B689B6AB3F5005F07D17B6834
:10C750001B681A687B681B6842F480521A6078680C
:10C7600000F043FA00BF0837BD4680BD80B582B0F7
:10C7700000AF78607B681B6B1A887B681B68DA6087
:10C780007B681B6B9A1C7B681A637B68DB8E9BB291
:10C79000013B9AB27B68DA867B68DB8E9BB2002B0A
:10C7A0000FD17B689B6AB3F5005F07D17B681B687C
:10C7B0001A687B681B6842F480521A60786800F03F
:10C7C00014FA00BF0837BD4680BD80B588B000AF01
:10C7D000F860B9603B601346FB7104F0C3F8024691
:10C7E000BB6A9B1A3A681344FB6104F0BBF8B8615A
:10C7F000384B1B685B011B0DFA6902FB03F37B617D
:10C8000054E03B68B3F1FF3F50D004F0ABF8024670
:10C81000BB69D31AFA699A4202D9FB69002B3DD150
:10C82000FB681B685A68FB681B6822F0E0025A60CC
:10C83000FB685B68B3F5827F11D1FB689B68B3F539
:10C84000004F04D0FB689B68B3F5806F07D1FB688D
:10C850001B681A68FB681B6822F040021A60FB68BC
:10C860009B6AB3F5005F0FD1FB681B681A68FB6811
:10C870001B6822F400521A60FB681B681A68FB6888
:10C880001B6842F400521A60FB68012283F85120B1
:10C89000FB68002283F85020032317E07B69002BFC
:10C8A00001D10023FB617B69013B7B61FB681B6855
:10C8B0009A68BB681340BA689A420CBF01230023F0
:10C8C000DBB21A46FB799A429BD1002318462037E7
:10C8D000BD4680BD4400002080B586B002AFF86040
:10C8E000B9607A60FB685B68B3F5827F11D1FB6841
:10C8F0009B68B3F5004F04D0FB689B68B3F5806F6D
:10C9000007D1FB681B681A68FB681B6822F04002AD
:10C910001A60FB685B68B3F5827F2AD1FB689B686D
:10C92000B3F5806F12D07B680093BB680022802132
:10C93000F868FFF74AFF0346002B2DD0FB685B6DBC
:10C9400043F02002FB685A65032326E07B680093CE
:10C95000BB6800220121F868FFF737FF0346002B70
:10C960001AD0FB685B6D43F02002FB685A65032315
:10C9700013E07B680093BB6800220121F868FFF791
:10C9800024FF0346002B07D0FB685B6D43F02002B9
:10C99000FB685A65032300E0002318461037BD46A4
:10C9A00080BD80B588B002AFF860B9607A601B4B7B
:10C9B0001B681B4AA2FB03235B0D4FF47A7202FB38
:10C9C00003F37B61FB685B68B3F5827F12D17B6800
:10C9D0000093BB6800228021F868FFF7F6FE03464B
:10C9E000002B16D0FB685B6D43F02002FB685A6594
:10C9F00003230FE07B69002B0AD07B69013B7B613D
:10CA0000FB681B689B6803F08003802BF2D000E07A
:10CA100000BF002318461837BD4680BD44000020E3
:10CA2000819F5E1680B586B000AF7860424B1B6870
:10CA3000424AA2FB03235B0A642202FB03F33B612D
:10CA400003F090FF78617B681B685A687B681B68FD
:10CA500022F020025A603B69002B06D17B685B6D97
:10CA600043F020027B685A6509E03B69013B3B616A
:10CA70007B681B689B6803F00203002BEBD07A698C
:10CA800064217868FFF78DFF0346002B05D07B6893
:10CA90005B6D43F020027B685A657B689B68002BC6
:10CAA0000AD10023FB607B681B68DB68FB607B6846
:10CAB0001B689B68FB60FB687B681B689B6803F0D6
:10CAC0001003102B12D17B68012283F851207B6860
:10CAD0005B6D43F002027B685A657B681B684FF60A
:10CAE000EF729A607868FFF77FF920E07B685B6DF2
:10CAF000002B15D17B6893F85130DBB2042B07D1A2
:10CB00007B68012283F851207868FFF73BF90EE03B
:10CB10007B68012283F851207868FFF73DF906E031
:10CB20007B68012283F851207868FFF75DF900BF28
:10CB30001837BD4680BD00BF44000020F1197605BE
:10CB400080B584B000AF78607B681B685A687B68EA
:10CB50001B6822F060025A6003F004FF03461A4685
:10CB600064217868FFF7B8FE0346002B05D07B6888
:10CB70005B6D43F020027B685A657B689B68002BE5
:10CB80000AD10023FB607B681B68DB68FB607B6865
:10CB90001B689B68FB60FB687B68012283F851205F
:10CBA0007B681B689B6803F01003102B0ED17B6819
:10CBB0005B6D43F002027B685A657B681B684FF629
:10CBC000EF729A607868FFF70FF90AE07B685B6D97
:10CBD000002B03D17868FFF7D5F802E07868FFF7FB
:10CBE00003F900BF1037BD4680BD80B586B000AFE9
:10CBF00078602C4B1B682C4AA2FB03235B0A64223F
:10CC000002FB03F33B6103F0ADFE78613B69002B4F
:10CC100006D17B685B6D43F020027B685A6509E0B2
:10CC20003B69013B3B617B681B689B6803F0020327
:10CC3000002BEBD07B681B685A687B681B6822F06E
:10CC4000A0025A607A6964217868FFF7AAFE034659
:10CC5000002B05D07B685B6D43F020027B685A6532
:10CC60007B689B68002B0AD10023FB607B681B68F4
:10CC7000DB68FB607B681B689B68FB60FB687B680C
:10CC8000012283F851207B685B6D002B03D078680C
:10CC9000FFF7AAF802E07868FFF76AF800BF1837D4
:10CCA000BD4680BD44000020F119760580B485B0F2
:10CCB00000AF78600023FB601E4B1B681E4AA2FB7E
:10CCC00003235B0A642202FB03F3BB60BB68002BF7
:10CCD00006D17B685B6D43F040027B685A6509E0D2
:10CCE000BB68013BBB607B681B689B6803F0020369
:10CCF000002BEBD07B681B681A687B681B6822F0EE
:10CD000040021A607B681B685A687B681B6822F0C7
:10CD1000E0025A607B681B68DB68FB60FB687B682D
:10CD2000072283F8512000BF1437BD465DF8047B0D
:10CD3000704700BF44000020F119760580B483B02D
:10CD400000AF78607B681B685A687B681B6822F0BC
:10CD500080025A607B681B681A687B681B6822F037
:10CD600040021A607B68072283F8512000BF0C370D
:10CD7000BD465DF8047B704780B487B000AF786033
:10CD800039607B68002B02D03B68002B01D1012366
:10CD90008FE03B681A687B681A603B681B6803F089
:10CDA0001F037B6101227B6902FA03F33B613B684D
:10CDB0001B6803F00073002B52D03B689B6803F0A4
:10CDC0000103002B06D03E4B9A683D493B69134353
:10CDD0008B6006E03A4B9A683B69DB433849134065
:10CDE0008B603B689B6803F00203002B06D0344B3A
:10CDF000DA6833493B691343CB6006E0304BDA68AD
:10CE00003B69DB432E491340CB603B681B6803F052
:10CE1000C063B3F1C06F23D12A4A7B699B080233F8
:10CE200052F82330FB607B6903F003039B000F2261
:10CE300002FA03F3DB43FA681340FB603B68DA68ED
:10CE40007B6903F003039B0002FA03F3FA681343C0
:10CE5000FB601C497B699B080233FA6841F8232078
:10CE60003B685B6803F00103002B06D0144B1A6883
:10CE700013493B6913430B6006E0114B1A683B6989
:10CE8000DB430F4913400B603B685B6803F0020310
:10CE9000002B06D00A4B5A6809493B6913434B6083
:10CEA00006E0074B5A683B69DB43054913404B607A
:10CEB000002318461C37BD465DF8047B704700BF51
:10CEC000003C01400038014080B487B000AF78607A
:10CED00039607B68002B02D03B68002B01D1012315
:10CEE00061E07B681A683B681A603B681B6803F066
:10CEF0001F037B6101227B6902FA03F33B612D4B27
:10CF00001A683B691340002B03D03B6801225A602A
:10CF100002E03B6800225A60264B5A683B69134086
:10CF2000002B05D03B685B6843F002023B685A6007
:10CF30003B6800229A603B680022DA603B681B680D
:10CF400003F00073002B2DD01A4B9A683B691340F5
:10CF5000002B02D03B6801229A60164BDA683B69CD
:10CF60001340002B05D03B689B6843F002023B68EE
:10CF70009A603B681B6803F0C063B3F1C06F11D1C6
:10CF80000D4A7B699B08023352F82330FB607B69B2
:10CF9000DB4303F003039B00FA6802FA03F31A0E63
:10CFA0003B68DA60002318461C37BD465DF8047BF9
:10CFB000704700BF003C01400038014080B487B09A
:10CFC00000AF78607B68002B01D101234CE07B68C7
:10CFD0001B6803F01F037B6101227B6902FA03F3E4
:10CFE0003B61244B1A683B69DB43224913400B60C9
:10CFF000204B5A683B69DB431E4913404B607B68FA
:10D000001B6803F00073002B2DD01A4B9A683B6904
:10D01000DB43184913408B60164BDA683B69DB43EE
:10D0200014491340CB607B681B6803F0C063B3F105
:10D03000C06F18D1104A7B699B08023352F8233025
:10D04000FB607B6903F003039B000F2202FA03F3EA
:10D05000DB43FA681340FB6007497B699B08023396
:10D06000FA6841F82320002318461C37BD465DF8B6
:10D07000047B7047003C01400038014080B487B019
:10D0800000AFF8600B467A60FB720023FB75FB7AF9
:10D09000002B03D1FB687A685A6002E00123FB751C
:10D0A00000BFFB7D18461C37BD465DF8047B70470A
:10D0B00080B483B000AF786039607B68002B01D109
:10D0C000012303E07B683A681A60002318460C3796
:10D0D000BD465DF8047B704780B584B000AF7860D2
:10D0E0007B681B6803F01F03012202FA03F3FB6055
:10D0F0000A4B5B69FA681340BB60BB68002B09D020
:10D10000064AFB6853617B685B68002B02D07B6832
:10D110005B68984700BF1037BD4680BD003C0140AA
:10D1200080B487B000AF786039607B681B6803F01B
:10D130001F037B6101227B6902FA03F33B61074B0A
:10D140005A693B691A407B6922FA03F3FB60FB686A
:10D1500018461C37BD465DF8047B7047003C014013
:10D1600080B485B000AF786039607B681B6803F0DD
:10D170001F03012202FA03F3FB60044AFB685361B8
:10D1800000BF1437BD465DF8047B7047003C01408A
:10D1900080B485B000AF78607B681B6803F01F0324
:10D1A000012202FA03F3FB60044AFB68136100BF2B
:10D1B0001437BD465DF8047B704700BF003C01405A
:10D1C00080B582B000AF78607B68002B01D101236D
:10D1D00083E07B685B7FDBB2002B05D17B6800229C
:10D1E0001A77786800F028F97B6802225A777B6802
:10D1F0001B68CA225A627B681B6853225A6278688D
:10D2000000F0EDFF0346002B08D07B681B68FF226F
:10D210005A627B6804225A7701235EE07B681B68B0
:10D220009B687A68126823F4E00323F0400393605C
:10D230007B681B6899687B685A687B681B691A431E
:10D240007B685B691A437B681B680A439A607B684A
:10D250001B687A68D2681A617B681B6819697B68E9
:10D260009B681A047B681B680A431A617B681B6809
:10D27000DA687B681B6822F08002DA607B681B68D2
:10D280009B6803F02003002B0ED1786800F0EBFEC2
:10D290000346002B08D07B681B68FF225A627B681C
:10D2A00004225A77012318E07B681B681A6C7B689C
:10D2B0001B6822F480221A647B681B68196C7B68E7
:10D2C0009A697B681B680A431A647B681B68FF22A3
:10D2D0005A627B6801225A77002318460837BD46F8
:10D2E00080BD80B584B000AF78600023FB607B68B0
:10D2F00002225A777B681B68CA225A627B681B68C5
:10D3000053225A62786800F06AFF0346002B08D067
:10D310007B681B68FF225A627B6804225A770123CC
:10D3200084E07B681B6800221A607B681B6842F2FD
:10D3300001125A607B681B689A687B681B6802F060
:10D3400007029A6003F00EFBF86010E003F00AFB9E
:10D350000246FB68D31AB3F57A7F08D97B681B684D
:10D36000FF225A627B6803225A7703235EE07B68C0
:10D370001B68DB6803F00403002BE7D07B681B68A5
:10D380009B687B681B6800229A607B681B684FF66D
:10D39000FF725A617B681B68264A1A617B681B68AA
:10D3A00000229A617B681B680022DA617B681B6837
:10D3B00000221A627B681B680022DA627B681B68A5
:10D3C0000022DA637B681B6800225A647B681B6852
:10D3D00000229A647B681B680022DA607B681B6805
:10D3E00000221A647B681B689B6803F02003002BF3
:10D3F0000ED1786800F037FE0346002B08D07B681A
:10D400001B68FF225A627B6804225A7701230DE0D1
:10D410007B681B68FF225A62786800F017F87B6807
:10D4200000225A777B6800221A77002318461037AB
:10D43000BD4680BDFF007F0080B483B000AF786040
:10D4400000BF0C37BD465DF8047B704780B483B0E5
:10D4500000AF786000BF0C37BD465DF8047B7047B5
:10D4600090B587B000AFF860B9607A6000237B6147
:10D47000FB681B7F012B01D10223AAE0FB6801227C
:10D480001A77FB6802225A777B68002B26D1FB684B
:10D490001B689B6803F04003002B02D1BB6800228D
:10D4A000DA70BB681B78184600F0C5FE03461C0402
:10D4B000BB685B78184600F0BEFE03461B021C43A7
:10D4C000BB689B78184600F0B6FE034644EA0302A8
:10D4D000BB68DB781B0413437B6118E0FB681B68A7
:10D4E0009B6803F04003002B02D1BB680022DA7076
:10D4F000BB681B781A04BB685B781B021343BA68CD
:10D5000092781A43BB68DB781B0413437B61FB688A
:10D510001B68CA225A62FB681B6853225A62F86869
:10D5200000F05DFE0346002B0BD0FB681B68FF225A
:10D530005A62FB6804225A77FB6800221A7701239B
:10D5400047E0FB681A687B6903F07F3323F0FE43F2
:10D550001360FB681B689A68FB681B6822F48022D2
:10D560009A60FB681B689968BB68DA68BB681B69CE
:10D570001A43FB681B680A439A60FB681B68DA68F9
:10D58000FB681B6822F08002DA60FB681B689B68FE
:10D5900003F02003002B11D1F86800F064FD03466E
:10D5A000002B0BD0FB681B68FF225A62FB68042229
:10D5B0005A77FB6800221A7701230AE0FB681B6890
:10D5C000FF225A62FB6801225A77FB6800221A7711
:10D5D000002318461C37BD4690BD80B586B000AF0D
:10D5E000F860B9607A6000237B61FB681B689A6A07
:10D5F000BB685A60FB681B681B69C3F30E02BB68FB
:10D600009A60FB681B681B6803F07F3323F0FE43BE
:10D610007B617B691B0CDBB203F03F03DAB2BB68B2
:10D620001A707B691B0ADBB203F07F03DAB2BB68B6
:10D630005A707B69DBB203F07F03DAB2BB689A7081
:10D640007B691B0CDBB203F04003DAB2BB68DA7013
:10D650007B68002B1AD1BB681B78184600F009FEC6
:10D6600003461A46BB681A70BB685B78184600F020
:10D6700000FE03461A46BB685A70BB689B78184682
:10D6800000F0F7FD03461A46BB689A70002318465F
:10D690001837BD4680BD90B587B000AFF860B9605F
:10D6A0007A6000237B61FB681B7F012B01D1022381
:10D6B00094E0FB6801221A77FB6802225A777B68A4
:10D6C000002B0ED1BB685B7803F01003002B08D051
:10D6D000BB685B7823F01003DBB20A33DAB2BB68B5
:10D6E0005A707B68002B1CD1BB68DB78184600F0B1
:10D6F000A2FD03461C04BB685B78184600F09BFD46
:10D7000003461B021C43BB689B78184600F093FD40
:10D71000034644EA0302BB681B785B0313437B6147
:10D720000EE0BB68DB781A04BB685B781B0213430E
:10D73000BA6892781A43BB681B785B0313437B611A
:10D74000FB681B68CA225A62FB681B6853225A6234
:10D75000F86800F044FD0346002B0BD0FB681B6803
:10D76000FF225A62FB6804225A77FB6800221A776C
:10D77000012333E0FB681A687B6923F07F4323F0C1
:10D78000C0035360FB681B68DA68FB681B6822F003
:10D790008002DA60FB681B689B6803F02003002BA3
:10D7A00011D1F86800F05FFC0346002B0BD0FB683A
:10D7B0001B68FF225A62FB6804225A77FB6800222A
:10D7C0001A7701230AE0FB681B68FF225A62FB6894
:10D7D00001225A77FB6800221A77002318461C376B
:10D7E000BD4690BD80B586B000AFF860B9607A6084
:10D7F00000237B61FB681B685B6823F07F4323F099
:10D80000C0037B617B691B0CDAB2BB68DA707B6991
:10D810001B0ADBB203F01F03DAB2BB685A707B69E4
:10D82000DBB203F03F03DAB2BB689A707B695B0B33
:10D83000DBB203F00703DAB2BB681A707B68002B17
:10D840001AD1BB68DB78184600F013FD03461A4670
:10D85000BB68DA70BB685B78184600F00AFD0346C7
:10D860001A46BB685A70BB689B78184600F001FDE9
:10D8700003461A46BB689A70002318461837BD46FF
:10D8800080BD90B589B000AFF860B9607A600023C0
:10D89000BB610023FB6100237B61FB681B7F012BC5
:10D8A00001D1022301E1FB6801221A77FB68022201
:10D8B0005A777B68002B37D1FB681B689B6803F0A5
:10D8C0004003002B02D1BB680022DA70BB681B78D2
:10D8D000184600F0B0FC03461C04BB685B78184691
:10D8E00000F0A9FC03461B021C43BB689B7818464A
:10D8F00000F0A1FC034644EA0302BB68DB781B048A
:10D9000042EA0304BB6893F82030184600F093FC09
:10D9100003461B0644EA0302BB68DB691A43BB6883
:10D920005B691343FB6123E0FB681B689B6803F0A2
:10D930004003002B02D1BB680022DA70BB681B7861
:10D940001A04BB685B781B021343BA6892781A43C7
:10D95000BB68DB781B041A43BB6893F820301B06B6
:10D960001A43BB68DB691A43BB685B691343FB61FD
:10D97000BB685A68BB689B6913437B61FB681B6883
:10D98000CA225A62FB681B6853225A62BB685B6AF0
:10D99000B3F5807F3FD1FB681B689A68FB681B6802
:10D9A00022F480729A60FB681B689A68FB681B68A7
:10D9B00022F480529A6002F0D5FFB86113E002F0C1
:10D9C000D1FF0246BB69D31AB3F57A7F0BD9FB6846
:10D9D0001B68FF225A62FB6803225A77FB68002209
:10D9E0001A77032361E0FB681B68DB6803F001031F
:10D9F000002BE4D0FB681B68FA69DA61FB681B68DE
:10DA00007A695A64FB681B689A68FB681B6842F471
:10DA100080729A603EE0FB681B689A68FB681B682E
:10DA200022F400729A60FB681B689A68FB681B68A6
:10DA300022F400529A6002F095FFB86113E002F000
:10DA400091FF0246BB69D31AB3F57A7F0BD9FB6805
:10DA50001B68FF225A62FB6803225A77FB68002288
:10DA60001A77032321E0FB681B68DB6803F00203DD
:10DA7000002BE4D0FB681B68FA691A62FB681B681C
:10DA80007A699A64FB681B689A68FB681B6842F4B1
:10DA900000729A60FB681B68FF225A62FB680122D1
:10DAA0005A77FB6800221A77002318462437BD46B0
:10DAB00090BD90B589B000AFF860B9607A6000237E
:10DAC000FB610023BB61934B1B68934AA2FB0323BA
:10DAD000DB0A4FF47A7202FB03F37B61FB681B7F66
:10DAE000012B01D1022311E1FB6801221A77FB68A7
:10DAF00002225A777B68002B37D1FB681B689B6832
:10DB000003F04003002B02D1BB680022DA70BB682F
:10DB10001B78184600F08FFB03461C04BB685B783B
:10DB2000184600F088FB03461B021C43BB689B7829
:10DB3000184600F080FB034644EA0302BB68DB782A
:10DB40001B0442EA0304BB6893F82030184600F037
:10DB500072FB03461B0644EA0302BB68DB691A43F7
:10DB6000BB685B691343FB6123E0FB681B689B6830
:10DB700003F04003002B02D1BB680022DA70BB68BF
:10DB80001B781A04BB685B781B021343BA6892784F
:10DB90001A43BB68DB781B041A43BB6893F8203038
:10DBA0001B061A43BB68DB691A43BB685B691343F6
:10DBB000FB61BB685A68BB689B691343BB61FB6828
:10DBC0001B68CA225A62FB681B6853225A62BB68F0
:10DBD0005B6AB3F5807F41D1FB681B689A68FB687C
:10DBE0001B6822F480729A60FB681B68DB68DAB2FB
:10DBF000FB681B6862F4C072DA607B695A1E7A6146
:10DC0000002B0BD1FB681B68FF225A62FB680322C2
:10DC10005A77FB6800221A77032377E0FB681B68BA
:10DC2000DB6803F00103002BE7D0FB681B68FA698F
:10DC3000DA61FB681B68BA695A64FB681B689A68FA
:10DC4000FB681B6842F480729A60FB681B689A68E4
:10DC5000FB681B6842F480529A6040E0FB681B68D6
:10DC60009A68FB681B6822F400729A60FB681B6864
:10DC7000DB68DAB2FB681B6862F42072DA607B69E9
:10DC80005A1E7A61002B0BD1FB681B68FF225A6277
:10DC9000FB6803225A77FB6800221A77032335E0DA
:10DCA000FB681B68DB6803F00203002BE7D0FB680E
:10DCB0001B68FA691A62FB681B68BA699A64FB6898
:10DCC0001B689A68FB681B6842F400729A60FB68E4
:10DCD0001B689A68FB681B6842F400529A600F4BFD
:10DCE0001B680E4A43F4003313600C4B9B680B4ACD
:10DCF00043F400339360FB681B68FF225A62FB68A1
:10DD000001225A77FB6800221A770023184624372D
:10DD1000BD4690BD44000020D34D6210003C014040
:10DD200080B584B000AF786039600023FB607B6809
:10DD30001B7F012B01D102237BE07B6801221A7734
:10DD40007B6802225A777B681B68CA225A627B680A
:10DD50001B6853225A623B68B3F5807F2FD17B68E2
:10DD60001B689A687B681B6822F480729A607B68E3
:10DD70001B689A687B681B6822F480529A6002F0E4
:10DD8000F1FDF86013E002F0EDFD0246FB68D31AE6
:10DD9000B3F57A7F0BD97B681B68FF225A627B68D8
:10DDA00003225A777B6800221A77032341E07B68BD
:10DDB0001B68DB6803F00103002BE4D02EE07B68D6
:10DDC0001B689A687B681B6822F400729A607B6803
:10DDD0001B689A687B681B6822F400529A6002F004
:10DDE000C1FDF86013E002F0BDFD0246FB68D31AE6
:10DDF000B3F57A7F0BD97B681B68FF225A627B6878
:10DE000003225A777B6800221A77032311E07B688C
:10DE10001B68DB6803F00203002BE4D07B681B68FF
:10DE2000FF225A627B6801225A777B6800221A77A8
:10DE3000002318461037BD4680BD80B586B000AFC0
:10DE4000F860B9607A603B6000237B6100233B612E
:10DE50007B68B3F5807F0ED1BB684FF480725A6245
:10DE6000FB681B68DB697B61FB681B685B6CC3F349
:10DE70000E033B610DE0BB684FF400725A62FB6811
:10DE80001B681B6A7B61FB681B689B6CC3F30E03FA
:10DE90003B617B691B0CDBB203F03F03DAB2BB686A
:10DEA0001A707B691B0ADBB203F07F03DAB2BB682E
:10DEB0005A707B69DBB203F07F03DAB2BB689A70F9
:10DEC0007B691B0CDBB203F04003DAB2BB68DA708B
:10DED000BB683A695A607B691B0EDBB203F03F03F3
:10DEE000DAB2BB6883F820207B6903F08042BB680C
:10DEF000DA617B6903F08032BB685A613B68002BB2
:10DF000025D1BB681B78184600F0B3F903461A46C2
:10DF1000BB681A70BB685B78184600F0AAF9034624
:10DF20001A46BB685A70BB689B78184600F0A1F986
:10DF300003461A46BB689A70BB6893F820301846AF
:10DF400000F097F903461A46BB6883F820200023A7
:10DF500018461837BD4680BD80B582B000AF7860E6
:10DF60007B681B689B6803F48053002B12D07B688E
:10DF70001B68DB6803F48073002B0BD0786800F01B
:10DF800031F87B681B68DB68DAB27B681B6862F477
:10DF9000C072DA607B681B689B6803F40053002B37
:10DFA00012D07B681B68DB6803F40073002B0BD076
:10DFB0007868F4F784F97B681B68DB68DAB27B6801
:10DFC0001B6862F42072DA60054B4FF400325A612C
:10DFD0007B6801225A7700BF0837BD4680BD00BF6D
:10DFE000003C014080B483B000AF786000BF0C37C4
:10DFF000BD465DF8047B704780B584B000AF7860A3
:10E0000039600023FB6002F0ADFCF86013E03B6870
:10E01000B3F1FF3F0FD03B68002B07D002F0A2FC0A
:10E020000246FB68D31A3A689A4204D27B680322FC
:10E030005A77032313E07B681B68DB6803F4807363
:10E04000002BE4D07B681B68DB68DAB27B681B6856
:10E0500062F4C072DA607B6801225A7700231846A6
:10E060001037BD4680BD80B584B000AF7860002316
:10E07000FB607B681B68DA687B681B6822F0A00283
:10E08000DA6002F06FFCF86009E002F06BFC024617
:10E09000FB68D31AB3F57A7F01D9032307E07B68C5
:10E0A0001B68DB6803F02003002BEED0002318462A
:10E0B0001037BD4680BD80B483B000AF78607B6808
:10E0C0005B7FDBB218460C37BD465DF8047B7047BA
:10E0D00080B483B000AF78607B681B68CA225A6244
:10E0E0007B681B6853225A627B681B689A687B684E
:10E0F0001B6842F480329A607B681B68FF225A6278
:10E1000000BF0C37BD465DF8047B704780B483B018
:10E1100000AF78607B681B68CA225A627B681B6804
:10E1200053225A627B681B689A687B681B6842F4BA
:10E1300000329A607B681B68FF225A6200BF0C376E
:10E14000BD465DF8047B704780B483B000AF786053
:10E150007B681B68CA225A627B681B6853225A621A
:10E160007B681B689A687B681B6842F480229A600F
:10E170007B681B68FF225A6200BF0C37BD465DF802
:10E18000047B704780B483B000AF78607B681B6805
:10E19000CA225A627B681B6853225A627B681B68DA
:10E1A0009A687B681B6822F480229A607B681B68EF
:10E1B000FF225A6200BF0C37BD465DF8047B7047F2
:10E1C00080B483B000AF78607B681B689B6803F401
:10E1D000802318460C37BD465DF8047B704780B538
:10E1E00084B000AF78600023FB607B681B68DB684D
:10E1F00003F04003002B19D17B681B684FF0FF32FE
:10E20000DA6002F0AFFBF86009E002F0ABFB024617
:10E21000FB68D31AB3F57A7F01D9032307E07B6843
:10E220001B68DB6803F04003002BEED00023184688
:10E230001037BD4680BD80B485B000AF0346FB718A
:10E240000023FB6005E0FB680133FB60FB790A3BC0
:10E25000FB71FB79092BF6D8FB68DBB21B01DAB244
:10E26000FB791343DBB218461437BD465DF8047BD7
:10E27000704780B485B000AF0346FB710023FB609C
:10E28000FB791B09DBB21A4613469B0013445B0063
:10E29000FB60FB7903F00F03DAB2FB68DBB21344D7
:10E2A000DBB218461437BD465DF8047B704700BFEB
:10E2B00080B400AF084B1B6A074A43F080531362D7
:10E2C000054B1B6A044A23F08053136200BFBD460E
:10E2D0005DF8047B704700BF0038024080B483B013
:10E2E00000AF064B01221A60054B1B687B607B6800
:10E2F00000BF0C37BD465DF8047B704720000E421E
:10E300000070004080B483B000AF064B00221A605A
:10E31000054B1B687B607B6800BF0C37BD465DF812
:10E32000047B704720000E420070004080B483B030
:10E3300000AF78602B4B1B6823F0E0027B681B6802
:10E34000284913430B60284B5B68274A23F480332A
:10E350005360254B1B68244A23F480331360224BFF
:10E360009B68214A23F4803393601F4BDB681E4A6D
:10E3700023F48033D3607B685B6803F48033002B25
:10E3800005D0194B1B68184A43F4803313607B682F
:10E390005B6803F40033002B05D0134B5B68124A13
:10E3A00043F4803353607B685B6803F00103002B08
:10E3B00005D00D4B9B680C4A43F4803393607B6817
:10E3C0005B6803F00203002B05D0074BDB68064AAD
:10E3D00043F48033D36000BF0C37BD465DF8047B47
:10E3E000704700BF00700040003C014080B400AFA7
:10E3F000034B01221A6000BFBD465DF8047B7047E5
:10E4000010000E4280B400AF034B00221A6000BF20
:10E41000BD465DF8047B704710000E4280B483B0A7
:10E4200000AF7860054B5A6804497B6813434B6022
:10E4300000BF0C37BD465DF8047B7047007000409C
:10E4400080B483B000AF7860064B5A687B68DB43CA
:10E45000044913404B6000BF0C37BD465DF8047B98
:10E46000704700BF0070004080B483B000AF786098
:10E470000B46FB70094B1B69084A23F00403136128
:10E48000FB78012B01D130BF02E040BF20BF20BF8D
:10E4900000BF0C37BD465DF8047B704700ED00E01F
:10E4A00080B483B000AF78600B46FB70104B1B68E4
:10E4B00023F003020E497B6813430B600D4B1B696D
:10E4C0000C4A43F004031361FB78012B01D130BFE8
:10E4D00002E040BF20BF20BF064B1B69054A23F066
:10E4E0000403136100BF0C37BD465DF8047B704721
:10E4F0000070004000ED00E080B400AF084B1B68E6
:10E50000074A43F002031360064B1B69054A43F0B8
:10E510000403136130BF00BFBD465DF8047B704744
:10E520000070004000ED00E080B500AF064B5B6975
:10E5300003F48033002B05D000F008F8024B4FF4B1
:10E5400080325A6100BF80BD003C014080B400AF02
:10E5500000BFBD465DF8047B704780B400AF054B3B
:10E560001B69044A43F00203136100BFBD465DF816
:10E57000047B704700ED00E080B400AF054B1B69E1
:10E58000044A23F00203136100BFBD465DF8047B1B
:10E59000704700BF00ED00E080B400AF054B1B6981
:10E5A000044A43F01003136100BFBD465DF8047BCD
:10E5B000704700BF00ED00E080B400AF054B1B6961
:10E5C000044A23F01003136100BFBD465DF8047BCD
:10E5D000704700BF00ED00E080B588B000AF786004
:10E5E0000023FB610023FB60AA4BBB6100237B611E
:10E5F00000233B617B68002B01D1012383E17B6811
:10E6000093F84430DBB2002B06D17B68002283F8FC
:10E610004520786800F069FA0023BB609E4B5B6C74
:10E620009D4A43F4804353649B4B5B6C03F48043EB
:10E63000BB60BB68994B5B68984A23F40003536046
:10E64000964B5A687B681B6A944913434B607B68FE
:10E650001B6803F580531A687B681B6842F001024F
:10E6600003F580531A6002F07DF9786111E002F041
:10E6700079F902467B69D31AB3F5FA7F09D97B6829
:10E68000032283F844207B68002283F8452003237B
:10E6900039E17B681B6803F580531B6803F00103B5
:10E6A000002BE4D17B681B681B69FB61FB6923F0CD
:10E6B0001C03FB6101F024FFB861BB69784A9342F7
:10E6C00008D9BB69774A934204D8FB6943F0080331
:10E6D000FB6127E0BB69734A934208D9BB696D4A65
:10E6E000934204D2FB6943F00C03FB611AE0BB695F
:10E6F000684A934203D3BB696B4A934211D9BB6901
:10E70000694A934208D9BB69684A934204D8FB69B5
:10E7100043F00403FB6105E0FB6943F01003FB6178
:10E7200000E000BF7B681B68FA691A614FF4004281
:10E730000021786800F0CFFC0346002B0BD00123AA
:10E740003B613969786800F021FF7B68012283F81A
:10E7500044200123D7E0FF2002F050F97B685B687A
:10E76000002B00F0A58002F0FDF8786107F10C03A2
:10E770001A460121786800F046FC02F0F3F80246E0
:10E780007B69D31A41F2883293420FD901233B614E
:10E790003969786800F0FAFE7B68012283F844202A
:10E7A0007B68002283F845200323ACE0FB6803F07C
:10E7B0000403002BDAD04FF480520021786800F077
:10E7C0008AFC0346002B0BD001233B613969786832
:10E7D00000F0DCFE7B68012283F84420012392E0F4
:10E7E00002F0C0F8786107F10C031A46012178683D
:10E7F00000F009FC02F0B6F802467B69D31A41F238
:10E80000883293420FD901233B613969786800F05F
:10E81000BDFE7B68012283F844207B68002283F8D8
:10E82000452003236FE0FB6803F02003002BDAD0C0
:10E8300007F10C031A461021786800F0E4FB034648
:10E84000002B0BD001233B613969786800F09EFEF4
:10E850007B68012283F84420012354E0FB6803F025
:10E860000403002B04D07B684FF40062DA6002E0FE
:10E870007B680022DA60FB6803F00203002B03D000
:10E880007B6800229A6035E07B684FF480429A6092
:10E8900030E000BF00879303003802400038014099
:10E8A000FF2C3101BF0E1602FFE0F5057FD1F00805
:10E8B0007B68DB68DB089AB27B689B685B089BB26D
:10E8C00013439BB21A460021786800F004FC03460B
:10E8D000002B0BD001233B613969786800F056FEAC
:10E8E0007B68012283F8442001230CE040F6FF708E
:10E8F00002F084F83969786800F048FE7B680122EC
:10E9000083F84420002318462037BD4680BD80B5DB
:10E9100082B000AF78607B68022283F84420786878
:10E9200000F0EDF87B68002283F844207B68002229
:10E9300083F84520002318460837BD4680BD80B4C3
:10E9400087B000AFF860B9607A603B6000237B61FC
:10E95000FB6893F84530012B01D1022352E0FB689C
:10E96000012283F84520FB68022283F84420FB68DB
:10E97000BA68DA6200237B6130E07B695B01BA68C8
:10E9800013443B613B694FF480121A607B694FF47A
:10E99000BF6202FB03F37A6813441A463B699A602C
:10E9A000FB68DB69002B05D13B691B6843F440021F
:10E9B0003B691A603B68013B7A699A4208D27B69DD
:10E9C00001335B01BA6813441A463B69DA6002E01E
:10E9D000BA683B69DA607B6901337B617A693B68BD
:10E9E0009A42CAD3FB681B68BA6803F58053103398
:10E9F0001A60FB68012283F84420FB68002283F838
:10EA00004520002318461C37BD465DF8047B70473F
:10EA100080B487B000AFF860B9607A603B600023D3
:10EA20007B61FB6893F84530012B01D1022356E04E
:10EA3000FB68012283F84520FB68022283F844200A
:10EA4000FB68BA689A6200237B6134E07B695B01F2
:10EA5000BA6813443B613B694FF000421A603B695E
:10EA600044F2F8525A607B694FF4BF6202FB03F331
:10EA70007A6813441A463B699A60FB689B69012BCC
:10EA800005D13B695B6823F000423B695A603B68F3
:10EA9000013B7A699A4208D27B6901335B01BA680B
:10EAA00013441A463B69DA6002E0BA683B69DA60EF
:10EAB0007B6901337B617A693B689A42C6D3FB6804
:10EAC0001B68BA6803F580530C331A60FB68012297
:10EAD00083F84420FB68002283F845200023184671
:10EAE0001C37BD465DF8047B704780B483B000AF2F
:10EAF000786000BF0C37BD465DF8047B704780B47A
:10EB000083B000AF786000BF0C37BD465DF8047B72
:10EB1000704780B487B000AF7860396000237B61B4
:10EB20000023FB6000233B617B6893F84530012B99
:10EB300001D10223CCE07B68012283F845207B6869
:10EB4000022283F844203B68002B09D17B68012214
:10EB500083F844207B68002283F845200123B7E036
:10EB60007B68DB6A1B68002B09DA7B68122283F85A
:10EB700044207B68002283F845200123A8E03B68FD
:10EB8000B3F5BF6F15D93B68544AA2FB03239B0A18
:10EB90007B613A68514BA3FB02139B0A4FF4BF61A0
:10EBA00001FB03F3D31A002B05D07B6901337B6192
:10EBB00001E001237B617B69012B1CD17B68DB6A4F
:10EBC0001A687B68DB6A42F040521A607B68DB6A35
:10EBD0003A68C2F30C025A607B68DB6A1A687B6889
:10EBE000DB6A42F000421A607B68DB6ADB681A4627
:10EBF0007B68DA624BE000233B6144E07B68DB6AC0
:10EC00001A687B68DB6A22F040521A603B69002B6D
:10EC100007D17B68DB6A1A687B68DB6A42F0805246
:10EC20001A607B68DB6A4FF4BF625A607B69013B04
:10EC30003A699A4216D17B68DB6A1A687B68DB6A9C
:10EC400042F000521A607B69254A02FB03F23B68DE
:10EC5000134403F5BF63FB607B68DB6AFA68C2F3A9
:10EC60000C025A607B68DB6A1A687B68DB6A42F0D8
:10EC700000421A607B68DB6ADB681A467B68DA62EE
:10EC80003B6901333B613A697B699A42B6D37B6841
:10EC90001B6803F5805314331B6803F00403002B37
:10ECA0000DD07B681B6803F58053143304221A606F
:10ECB0007B681B6803F58053043300221A607B686D
:10ECC000012283F844207B68002283F8452000233A
:10ECD00018461C37BD465DF8047B7047E3698FAB6F
:10ECE00008FAFFFF80B485B000AF78600023FB60B6
:10ECF0007B6893F84530012B01D1022370E07B68DB
:10ED0000012283F845207B68022283F844207B6837
:10ED10009B6A1B68002B5ADB7B689B6A1B6803F4A9
:10ED20008073002B30D07B689B6B5A1C7B689A6386
:10ED30007B689B6B012B03D17B689A6A7B681A63A3
:10ED40007B689A6A7B685A637B689B6A1B681B0CAA
:10ED5000C3F30D03043BFB607B68FA68DA637B68EE
:10ED60001B6B9A687B681A647B689B6ADB681A462F
:10ED70007B689A627B68012283F844207B680022CA
:10ED800083F8452000232BE07B689B6A1B6803F413
:10ED90000073002B10D07B689A6A7B681A637B68CB
:10EDA00000225A637B6801229A637B689B6ADB6856
:10EDB0001A467B689A620AE07B689B6B5A1C7B68E8
:10EDC0009A637B689B6ADB681A467B689A627B68F9
:10EDD000012283F844207B68002283F84520012328
:10EDE00018461437BD465DF8047B704780B485B083
:10EDF00000AF78600023FB607B6893F84530012BFF
:10EE000001D1022374E07B68012283F845207B68EE
:10EE1000022283F844205AE0FB680133FB607B68E0
:10EE20009B6A1B6803F44073B3F5007F0DD17B68C8
:10EE30009A6A7B681A637B6801229A637B689B6A83
:10EE4000DB681A467B689A6241E07B689B6A1B68B4
:10EE500003F44073002B0BD17B689B6B5A1C7B68BF
:10EE60009A637B689B6ADB681A467B689A622EE02D
:10EE70007B689A6A7B685A637B689B6B5A1C7B68C9
:10EE80009A637B689B6B012B03D17B689A6A7B68D2
:10EE90001A637B689B6A1B681B0CC3F30D031A1F64
:10EEA0007B68DA637B681B6B9A687B681A647B6893
:10EEB0009B6ADB681A467B689A627B68012283F84A
:10EEC00044207B68002283F84520002310E07B6803
:10EED0009B6A1B68002B02DBFB68032B9CD97B68B9
:10EEE000012283F844207B68002283F84520012317
:10EEF00018461437BD465DF8047B704780B582B074
:10EF000000AF78607B681B6803F5805314331B687F
:10EF100003F04003402B12D1786800F060F87B6862
:10EF20001B6803F58053143340221A607B6801226A
:10EF300083F844207B68002283F845201BE07B682F
:10EF40001B6803F5805314331B6803F00103012B86
:10EF500011D1786800F039F87B681B6803F580539D
:10EF6000143301221A607B68012283F844207B68F5
:10EF7000002283F845207B681B6803F58053143317
:10EF80004FF480321A607B681B6803F5805314339A
:10EF90001B6803F40043B3F5004F12D1786800F00A
:10EFA00028F87B681B6803F5805314334FF4004244
:10EFB0001A607B68012283F844207B68002283F872
:10EFC000452000BF0837BD4680BD80B483B000AF88
:10EFD000786000BF0C37BD465DF8047B704780B495
:10EFE00083B000AF786000BF0C37BD465DF8047B8E
:10EFF000704780B483B000AF786000BF0C37BD4667
:10F000005DF8047B704780B586B000AFF8600B46B2
:10F010007A607B8100237B6100233B61FB6893F86E
:10F020004430DBB2822B01D1022350E0FB68822204
:10F0300083F84420FB681B681B697B617B6903F0D4
:10F040001C037B61FB681B8ADB029BB27A6913435A
:10F050007B617B899B0103F4F8637A6913437B61CD
:10F060007B6923F002037B617B6943F001037B61D1
:10F07000FB681B687A691A6101F074FC386115E05D
:10F0800001F070FC02463B69D31AB3F5803F09D307
:10F09000FB68012283F84420FB68002283F84520A6
:10F0A000032314E0FB681B681B697B617B6903F029
:10F0B0000103002BE4D1FB681B685B699BB21A4615
:10F0C0007B681A60FB68012283F8442000231846FD
:10F0D0001837BD4680BD80B586B000AFF8600B46DE
:10F0E0007A607B8100237B6100233B61FB6893F89E
:10F0F0004430DBB2422B01D102234EE0FB684222B6
:10F1000083F84420FB681B681B697B617B6903F003
:10F110001C037B61FB681B8ADB029BB27A69134389
:10F120007B617B899B0103F4F8637A6913437B61FC
:10F130007B6943F002037B617B6943F001037B61E0
:10F140007B689AB2FB681B685A61FB681B687A6926
:10F150001A6101F007FC386115E001F003FC02467A
:10F160003B69D31AB3F5803F09D3FB68012283F8CA
:10F170004420FB68002283F8452003230DE0FB6850
:10F180001B681B697B617B6903F00103002BE4D1E1
:10F19000FB68012283F84420002318461837BD4637
:10F1A00080BD80B582B000AF78607B6893F8453051
:10F1B000012B01D102231FE07B68012283F8452047
:10F1C0007B68022283F84420786800F0E1FB7868CD
:10F1D00000F018FC786800F0AFFC786800F04CFC98
:10F1E000786800F079FC7B68012283F844207B6812
:10F1F000002283F84520002318460837BD4680BD0D
:10F2000080B582B000AF78607B6893F84530012B01
:10F2100001D102231FE07B68012283F845207B682F
:10F22000022283F84420786800F03EFC786800F001
:10F230006BFC786800F003FC786800F07DFC78686F
:10F2400000F0C3FB7B68012283F844207B68002226
:10F2500083F84520002318460837BD4680BD80B599
:10F2600084B000AF786039600023FB607B6893F85E
:10F270004530012B01D10223E4E07B68012283F8B1
:10F2800045207B68022283F844203B68002B00F075
:10F29000B1807B681B681B68FB60FA686B4B13408E
:10F2A000FB603B681A683B685B681A433B689B6875
:10F2B0001A433B68DB681A437B689B681A433B68C8
:10F2C0001B691A433B685B691A437B68DB681A4316
:10F2D0003B689B691A433B68DB691A433B681B6ABE
:10F2E0001A433B685B6A1A433B689B6A1343FA689C
:10F2F0001343FB607B681B68FA681A607B681B68B5
:10F300001B68FB60012001F079FB7B681B68FA68D1
:10F310001A603B68DA6A3B681B6B1A433B685B6B9D
:10F320001A433B689B6B1A433B68DB6B1A433B6891
:10F330001B6C1A433B685B6C42EA03013B689A6CA6
:10F340007B681B680A435A607B681B685B68FB60CC
:10F35000012001F053FB7B681B68FA685A607B68E8
:10F360001B683A68D26C9A607B681B683A68126DB9
:10F37000DA607B681B689B69FB60FA684FF6417333
:10F380001340FB603B685B6D1A043B689B6D1A433E
:10F390003B68DB6D1A433B681B6E1A433B685B6E30
:10F3A0001A433B689B6E1343FA681343FB607B6808
:10F3B0001B68FA689A617B681B689B69FB60012087
:10F3C00001F01CFB7B681B68FA689A613B68D96E88
:10F3D0003B681A6F7B681B680A43DA617B681B68AD
:10F3E000DB69FB60012001F009FB7B681B68FA68A0
:10F3F000DA611EE07B681B681B68FB60FB6823F416
:10F400009043FB607B689A687B68DB681343FA680B
:10F410001343FB607B681B68FA681A607B681B6893
:10F420001B68FB60012001F0E9FA7B681B68FA6841
:10F430001A607B68012283F844207B68002283F8ED
:10F440004520002318461037BD4680BD0F8120FFA0
:10F4500080B584B000AF786039600023FB607B68C2
:10F4600093F84530012B01D102237BE07B68012218
:10F4700083F845207B68022283F844207B681B6860
:10F4800003F5805318331B68FB60FA68374B134051
:10F49000FB603B681A683B685B681A433B689B6883
:10F4A0001A433B68DB681A433B681B691A433B6895
:10F4B0005B691A433B689B691A433B68DB691A43E3
:10F4C0003B681B6A1343FA681343FB607B681B6845
:10F4D00003F580531833FA681A607B681B6803F5DC
:10F4E000805318331B68FB60012001F087FA7B68AA
:10F4F0001B6803F580531833FA681A603B685A6A30
:10F500003B689B6A1A433B68DB6A1A433B681B6B88
:10F510001A433B685B6B1A433B689B6B9B001A4327
:10F520003B68DB6B1A437B681B6842F4000203F5FF
:10F5300080531A607B681B6803F580531B68FB606F
:10F54000012001F05BFA7B681B6803F58053FA68C1
:10F550001A607B68012283F844207B68002283F8CC
:10F560004520002318461037BD4680BD233FDEF8F6
:10F5700080B483B000AF78607B6893F84430DBB22E
:10F5800018460C37BD465DF8047B704780B5B0B0B7
:10F5900000AF786039600023C7F8BC303B68002BAF
:10F5A00007D07B684FF40062DA607B684FF48042DA
:10F5B0009A600023BB640023FB6400233B650023A7
:10F5C0007B650023BB650023FB657B68DB69002B43
:10F5D00003D14FF480633B6601E000233B664FF4A8
:10F5E00000737B660023BB660023FB6600233B673A
:10F5F00000237B670023BB674023FB670023C7F81A
:10F6000080300023C7F884300023C7F888300023F7
:10F61000C7F88C300023C7F890300023C7F8943027
:10F620000023C7F898300023C7F89C308023C7F820
:10F63000A0300023C7F8A4300023C7F8A830002367
:10F64000C7F8AC300023C7F8B0300023C7F8B43097
:10F650000023C7F8B8307B681B681B68C7F8BC304C
:10F66000D7F8BC20AC4B1340C7F8BC30BA6CFB6C6D
:10F670001A433B6D1A437B6D1A437B689B681A43A0
:10F68000BB6D1A43FB6D1A437B68DB681A433B6E04
:10F690001A437B6E1A43BB6E1A43FB6E1A433B6FD1
:10F6A0001343D7F8BC201343C7F8BC307B681B68F2
:10F6B000D7F8BC201A607B681B681B68C7F8BC3091
:10F6C000012001F09BF97B681B68D7F8BC201A6009
:10F6D0007A6FBB6F1A43FB6F1A43D7F880301A4317
:10F6E000D7F884301A43D7F888301A43D7F88C30CB
:10F6F00042EA0301D7F890207B681B680A435A60EE
:10F700007B681B685B68C7F8BC30012001F076F9A4
:10F710007B681B68D7F8BC205A607B681B68D7F8E9
:10F7200094209A607B681B68D7F89820DA607B6821
:10F730001B689B69C7F8BC30D7F8BC204FF64173F3
:10F740001340C7F8BC30D7F89C301A04D7F8A03063
:10F750001A43D7F8A4301A43D7F8A8301A43D7F879
:10F76000AC301A43D7F8B0301343D7F8BC2013435A
:10F77000C7F8BC307B681B68D7F8BC209A617B68EF
:10F780001B689B69C7F8BC30012001F037F97B6822
:10F790001B68D7F8BC209A61D7F8B410D7F8B82006
:10F7A0007B681B680A43DA617B681B68DB69C7F802
:10F7B000BC30012001F022F97B681B68D7F8BC201F
:10F7C000DA610023BB604FF00073FB6000233B61F4
:10F7D0004FF400137B610023BB610023FB61002316
:10F7E0003B6200237B620423BB624FF00073FB6229
:10F7F0004FF480333B634FF480037B634FF400533B
:10F80000BB638023FB6300233B6400237B647B6832
:10F810001B6803F5805318331B68C7F8BC30D7F852
:10F82000BC203E4B1340C7F8BC30BA68FB681A4393
:10F830003B691A437B691A43BB691A43FB691A4344
:10F840003B6A1A437B6A1A43BB6A1343D7F8BC204E
:10F850001343C7F8BC307B681B6803F5805318332B
:10F86000D7F8BC201A607B681B6803F580531833F7
:10F870001B68C7F8BC30012001F0C0F87B681B682A
:10F8800003F580531833D7F8BC201A60FA6A3B6B33
:10F890001A437B6B1A43BB6B1A43FB6B1A433B6CDB
:10F8A0009B001A437B6C1A437B681B6842F400027E
:10F8B00003F580531A607B681B6803F580531B684F
:10F8C000C7F8BC30012001F099F87B681B6803F58C
:10F8D0008053D7F8BC201A607B689B69012B0FD13D
:10F8E0007B681B6803F580531C331A687B681B68B0
:10F8F00042F4803242F0400203F580531C331A6018
:10F900007B685B691A460021786800F009F800BF3F
:10F91000C037BD4680BD00BF0F8120FF233FDEF80A
:10F9200080B487B000AFF860B9607A607B68053357
:10F930001B781B027A680432127813437B61BA6821
:10F94000114B13441A467B6913607B6803331B78A1
:10F950001A067B6802331B781B041A437B68013349
:10F960001B781B0213437A68127813437B61BA68D1
:10F97000064B13441A467B69136000BF1C37BD4613
:10F980005DF8047B704700BF408002404480024025
:10F9900080B584B000AF78600023FB607B681B6893
:10F9A0001A687B681B6842F008021A607B681B6853
:10F9B0001B68FB60012000F0E8F87B681B68FA68B0
:10F9C0001A6000BF1037BD4680BD80B584B000AF5F
:10F9D00078600023FB607B681B681A687B681B6883
:10F9E00022F008021A607B681B681B68FB6001201C
:10F9F00000F0CBF87B681B68FA681A6000BF10370C
:10FA0000BD4680BD80B584B000AF78600023FB6048
:10FA10007B681B681A687B681B6842F004021A60E6
:10FA20007B681B681B68FB60012000F0AEF87B68F8
:10FA30001B68FA681A6000BF1037BD4680BD80B5EC
:10FA400084B000AF78600023FB607B681B681A6895
:10FA50007B681B6822F004021A607B681B681B68C5
:10FA6000FB60012000F091F87B681B68FA681A605F
:10FA700000BF1037BD4680BD80B483B000AF786052
:10FA80007B681B6803F5805318331A687B681B6812
:10FA900042F4005203F5805318331A6000BF0C374C
:10FAA000BD465DF8047B704780B483B000AF7860DA
:10FAB0007B681B6803F5805318331A687B681B68E2
:10FAC00022F4005203F5805318331A6000BF0C373C
:10FAD000BD465DF8047B704780B483B000AF7860AA
:10FAE0007B681B6803F5805318331A687B681B68B2
:10FAF00042F0020203F5805318331A6000BF0C373E
:10FB0000BD465DF8047B704780B483B000AF786079
:10FB10007B681B6803F5805318331A687B681B6881
:10FB200022F0020203F5805318331A6000BF0C372D
:10FB3000BD465DF8047B704780B584B000AF786047
:10FB40000023FB607B681B6803F5805318331A6839
:10FB50007B681B6842F4801203F5805318331A60E7
:10FB60007B681B6803F5805318331B68FB6001201A
:10FB700000F00BF87B681B68FA6803F580531833B4
:10FB80001A6000BF1037BD4680BD80B485B000AF9D
:10FB900078600B4B1B680B4AA2FB03235B0A7A6855
:10FBA00002FB03F3FB6000BFFB685A1EFA60002BE8
:10FBB000F9D100BF00BF1437BD465DF8047B704724
:10FBC00044000020D34D621080B400AF00231846DB
:10FBD000BD465DF8047B704780B586B000AF7860A5
:10FBE0007B68002B01D1012364E27B681B6803F072
:10FBF0000103002B75D0A34B9B6803F00C03042B6F
:10FC00000CD0A04B9B6803F00C03082B12D19D4B2A
:10FC10005B6803F48003B3F5800F0BD1994B1B682D
:10FC200003F40033002B5BD07B685B68002B57D15B
:10FC300001233FE27B685B68B3F5803F06D1914BBF
:10FC40001B68904A43F4803313601DE07B685B6857
:10FC5000B3F5A02F0CD18B4B1B688A4A43F4802349
:10FC60001360884B1B68874A43F4803313600BE0B2
:10FC7000844B1B68834A23F480331360814B1B68D9
:10FC8000804A23F4802313607B685B68002B13D0C9
:10FC900000F068FE386108E000F064FE02463B694F
:10FCA000D31A642B01D9032304E2764B1B6803F4B7
:10FCB0000033002BF0D014E000F054FE386108E06F
:10FCC00000F050FE02463B69D31A642B01D903238E
:10FCD000F0E16C4B1B6803F40033002BF0D100E023
:10FCE00000BF7B681B6803F00203002B63D0654BE9
:10FCF0009B6803F00C03002B0BD0624B9B6803F056
:10FD00000C03082B1CD15F4B5B6803F48003002BB2
:10FD100016D15C4B1B6803F00203002B05D07B68F7
:10FD2000DB68012B01D00123C4E1564B1B6823F093
:10FD3000F8027B681B69DB00524913430B603AE011
:10FD40007B68DB68002B20D04F4B01221A6000F04B
:10FD500009FE386108E000F005FE02463B69D31A4F
:10FD6000022B01D90323A5E1464B1B6803F00203D4
:10FD7000002BF0D0434B1B6823F0F8027B681B6913
:10FD8000DB00404913430B6015E03F4B00221A6033
:10FD900000F0E8FD386108E000F0E4FD02463B6950
:10FDA000D31A022B01D9032384E1364B1B6803F0DD
:10FDB0000203002BF0D17B681B6803F00803002BC3
:10FDC00030D07B685B69002B16D0304B01221A6063
:10FDD00000F0C8FD386108E000F0C4FD02463B6950
:10FDE000D31A022B01D9032364E1264B5B6F03F086
:10FDF0000203002BF0D015E0244B00221A6000F023
:10FE0000B1FD386108E000F0ADFD02463B69D31A50
:10FE1000022B01D903234DE11A4B5B6F03F0020360
:10FE2000002BF0D17B681B6803F00403002B00F06B
:10FE3000A0800023FB75134B1B6C03F08053002B39
:10FE40000FD10023BB600F4B1B6C0E4A43F0805355
:10FE500013640C4B1B6C03F08053BB60BB68012325
:10FE6000FB750B4B1B6803F48073002B21D1084BEF
:10FE70001B68074A43F48073136000F073FD386118
:10FE800011E000BF0038024000004742800E4742A8
:10FE90000070004000F066FD02463B69D31A022B59
:10FEA00001D9032306E1854B1B6803F48073002B03
:10FEB000F0D07B689B68012B06D1814B1B6F804A79
:10FEC00043F0010313671CE07B689B68052B0CD192
:10FED0007B4B1B6F7A4A43F004031367784B1B6F0D
:10FEE000774A43F0010313670BE0754B1B6F744AAD
:10FEF00023F001031367724B1B6F714A23F0040355
:10FF000013677B689B68002B15D000F02BFD3861D0
:10FF10000AE000F027FD02463B69D31A41F288321D
:10FF2000934201D90323C5E0654B1B6F03F0020325
:10FF3000002BEED014E000F015FD38610AE000F06F
:10FF400011FD02463B69D31A41F28832934201D92E
:10FF50000323AFE05A4B1B6F03F00203002BEED1DB
:10FF6000FB7D012B05D1564B1B6C554A23F080536A
:10FF700013647B689B69002B00F09B80504B9B684F
:10FF800003F00C03082B5CD07B689B69022B41D1EA
:10FF90004C4B00221A6000F0E5FC386108E000F0EC
:10FFA000E1FC02463B69D31A022B01D9032381E00D
:10FFB000434B1B6803F00073002BF0D17B68DA69B8
:10FFC0007B681B6A1A437B685B6A9B011A437B68E8
:10FFD0009B6A5B08013B1B041A437B68DB6A1B06B8
:10FFE000374913434B60374B01221A6000F0BAFCCB
:10FFF000386108E000F0B6FC02463B69D31A022BD8
:020000040802F0
:1000000001D9032356E02E4B1B6803F00073002B2D
:10001000F0D04EE02B4B00221A6000F0A3FC3861B8
:1000200008E000F09FFC02463B69D31A022B01D97D
:1000300003233FE0224B1B6803F00073002BF0D139
:1000400037E07B689B69012B01D1012332E01C4B17
:100050005B68FB607B689B69012B28D0FB6803F41D
:1000600080027B68DB699A4221D1FB6803F03F0282
:100070007B681B6A9A421AD1FA6847F6C07313402C
:100080007A68526A9201934211D1FB6803F44032BC
:100090007B689B6A5B08013B1B049A4207D1FB68A3
:1000A00003F070627B68DB6A1B069A4201D0012371
:1000B00000E0002318461837BD4680BD00700040A0
:1000C000003802406000474280B584B000AF7860DD
:1000D00039607B68002B01D10123CCE0684B1B68A1
:1000E00003F00F033A689A420CD9654B3A68D2B2D2
:1000F0001A70634B1B6803F00F033A689A4201D0F1
:100100000123B8E07B681B6803F00203002B20D0BA
:100110007B681B6803F00403002B05D0594B9B68D8
:10012000584A43F4E05393607B681B6803F008036C
:10013000002B05D0534B9B68524A43F460439360B5
:10014000504B9B6823F0F0027B689B684D4913433A
:100150008B607B681B6803F00103002B44D07B6835
:100160005B68012B07D1474B1B6803F40033002B5E
:1001700019D101237FE07B685B68022B03D07B6889
:100180005B68032B07D13F4B1B6803F00073002B08
:1001900009D101236FE03B4B1B6803F00203002BE6
:1001A00001D1012367E0374B9B6823F003027B6892
:1001B0005B68344913438B6000F0D4FBF8600AE0BD
:1001C00000F0D0FB0246FB68D31A41F2883293421A
:1001D00001D903234FE02B4B9B6803F00C027B6893
:1001E0005B689B009A42EBD1254B1B6803F00F0321
:1001F0003A689A420CD2224B3A68D2B21A70204B1B
:100200001B6803F00F033A689A4201D0012332E0E1
:100210007B681B6803F00403002B08D0194B9B6814
:1002200023F4E0527B68DB68164913438B607B68DC
:100230001B6803F00803002B09D0124B9B6823F4C2
:1002400060427B681B69DB000E4913438B6000F042
:10025000A1F802460B4B9B681B0903F00F030A49E8
:10026000CB5C22FA03F3094A1360094B1B6818465A
:1002700000F034FB002318461037BD4680BD00BF98
:10028000003C02400038024028820308440000205D
:100290003800002080B58CB000AFF860B9607A609B
:1002A000FB68002B29D10023BB612B4B1B6B2A4A17
:1002B00043F001031363284B1B6B03F00103BB6185
:1002C000BB694FF48073FB6102233B620323BB6273
:1002D00000237B620023FB6207F11C0319461F48C1
:1002E000F2F76AFE1C4B9B6823F0EC62B9687B68EE
:1002F0000B43194913438B6029E000237B61164BA4
:100300001B6B154A43F004031363134B1B6B03F081
:1003100004037B617B694FF40073FB6102233B6242
:100320000323BB6200237B620023FB6207F11C03F3
:1003300019460B48F2F740FE074B9B6823F07842C2
:100340007B68D900BB680B43034913438B6000BF34
:100350003037BD4680BD00BF00380240000002407B
:100360000008024080B400AF034B01221A6000BFB6
:10037000BD465DF8047B70474C00474280B400AF37
:10038000034B00221A6000BFBD465DF8047B704736
:100390004C004742B0B584B000AF00217960002125
:1003A000F960002139600021B9605249896801F083
:1003B0000C0108290DD0082900F29480002902D0F0
:1003C000042903D08EE04C4BBB608EE04B4BBB60EE
:1003D0008BE04849496801F03F0179604549496827
:1003E00001F48001002924D042494968890908465E
:1003F0004FF0000140F2FF144FF0000500EA040244
:1004000001EA05033D4901FB03F0002101FB02F174
:1004100044183A49A2FB0101631819467B681A4641
:100420004FF0000317F066FA02460B461346FB60D6
:100430004AE0304B5B689B091A464FF0000340F2DC
:10044000FF104FF0000102EA000403EA0105204614
:1004500029464FF000024FF000034B0143EAD063FE
:10046000420110461946001B61EB05014FF00002E6
:100470004FF000038B0143EA90638201121A63EB91
:1004800001034FF000004FF00001D90041EA527122
:10049000D00002460B46121945EB03034FF0000053
:1004A0004FF00001990241EA9251900202460B4638
:1004B000104619467B681A464FF0000317F01AFAE7
:1004C00002460B461346FB600A4B5B681B0C03F0AD
:1004D000030301335B003B60FA683B68B2FBF3F354
:1004E000BB6002E0044BBB6000BFBB68184610371E
:1004F000BD46B0BD003802400024F40040787D01C4
:1005000080B400AF034B1B681846BD465DF8047B02
:10051000704700BF4400002080B500AFFFF7F0FF38
:100520000246054B9B689B0A03F007030349CB5C1B
:1005300022FA03F3184680BD0038024038820308CF
:1005400080B500AFFFF7DCFF0246054B9B685B0BF5
:1005500003F007030349CB5C22FA03F3184680BD7E
:10056000003802403882030880B483B000AF78605E
:100570007B680F221A60454B1B6803F48023B3F598
:10058000802F04D17B684FF4A0225A600EE03F4BCD
:100590001B6803F48033B3F5803F04D17B684FF4CC
:1005A00080325A6002E07B6800225A60374B1B6839
:1005B00003F00103012B03D17B680122DA6002E022
:1005C0007B680022DA60314B1B68DB0803F01F02F6
:1005D0007B681A612D4B1B6F03F00403042B03D1BE
:1005E0007B6805229A600CE0284B1B6F03F0010327
:1005F000012B03D17B6801229A6002E07B68002214
:100600009A60224B5B6F03F00103012B03D17B68DF
:1006100001225A6102E07B6800225A611B4B1B6871
:1006200003F08073B3F1807F03D17B6802229A616B
:1006300002E07B6801229A61144B5B6803F480023C
:100640007B68DA61114B5B6803F03F027B681A62DA
:100650000E4B5B689B09C3F308027B685A620B4B25
:100660005B6803F4403303F580335B001A0C7B684E
:100670009A62064B5B681B0E03F00F027B68DA621E
:1006800000BF0C37BD465DF8047B70470038024060
:1006900080B483B000AF786039607B680F221A6045
:1006A000124B9B6803F003027B685A600F4B9B68F8
:1006B00003F0F0027B689A600C4B9B6803F4E052F5
:1006C0007B68DA60094B9B68DB0803F4E0527B68C7
:1006D0001A61074B1B6803F00F023B681A6000BFEA
:1006E0000C37BD465DF8047B704700BF0038024000
:1006F000003C024080B500AF064BDB6803F080038E
:10070000802B04D100F00AF8034B80221A7000BF3E
:1007100080BD00BF003802400E38024080B400AFF8
:1007200000BFBD465DF8047B704700BF80B483B056
:1007300000AF786039607B6893F83D30DBB2202BE6
:1007400029D17B68242283F83D207B681B681A68C6
:100750007B681B6822F001021A607B681B685A6A7A
:100760007B681B6822F010025A627B681B68596A1A
:100770007B681B683A680A435A627B681B681A6880
:100780007B681B6842F001021A607B68202283F8B4
:100790003D20002300E0022318460C37BD465DF8DB
:1007A000047B704780B485B000AF78603960002367
:1007B000FB817B6893F83D30DBB2202B2AD17B682C
:1007C000242283F83D207B681B681A687B681B68BD
:1007D00022F001021A607B681B685B6AFB81FB895F
:1007E00023F00F03FB813B689AB2FB891343FB8123
:1007F0007B681B68FA895A627B681B681A687B6889
:100800001B6842F001021A607B68202283F83D20B9
:10081000002300E0022318461437BD465DF8047B30
:100820007047000080B500AF0E4B1B680D4A43F4C3
:10083000007313600B4B1B680A4A43F48063136018
:10084000084B1B68074A43F4807313600320EAF7E0
:100850003BF90F2000F042F800F032F80023184670
:1008600080BD00BF003C024080B500AF134B4FF08D
:10087000FF321A62114B00221A62104B4FF0FF3206
:100880005A620E4B00225A620C4B4FF0FF321A6133
:100890000A4B00221A61094B4FF0FF325A61074B95
:1008A00000225A61054B4FF0FF329A61034B002240
:1008B0009A6100F00CF80023184680BD0038024011
:1008C00080B400AF00BFBD465DF8047B704780B4C4
:1008D00000AF00BFBD465DF8047B704780B582B0B5
:1008E00000AF7860124B1A68124B1B7819464FF410
:1008F0007A73B3FBF1F3B2FBF3F31846EAF72BF983
:100900000346002B01D001230EE07B680F2B0AD891
:10091000002279684FF0FF30EAF7E1F8064A7B6879
:100920001360002300E0012318460837BD4680BD50
:10093000440000203C0000203800002080B400AFBC
:10094000064B1B781A46064B1B681344044A136077
:1009500000BFBD465DF8047B704700BF3C0000202F
:100960000CEA002080B400AF034B1B681846BD465C
:100970005DF8047B704700BF0CEA002080B400AF34
:10098000034B1B681846BD465DF8047B704700BFEB
:100990003800002080B584B000AF0346FB7100230F
:1009A000FB730E4B1B78FA799A4212D00B4B1B78D3
:1009B000BB730A4AFB791370094B1B681846FFF793
:1009C0008DFF0346FB73FB7B002B02D0034ABB7BEE
:1009D0001370FB7B18461037BD4680BD3C000020DD
:1009E0003800002080B400AF034B1B781846BD468A
:1009F0005DF8047B704700BF3C00002080B584B0E8
:100A000000AF7860FFF7AEFFB8607B68FB60FB6803
:100A1000B3F1FF3F05D00A4B1B781A46FB6813441D
:100A2000FB6000BFFFF79EFF0246BB68D31AFA685F
:100A30009A42F7D800BF00BF1037BD4680BD00BF47
:100A40003C00002080B400AF054B1B68044A23F033
:100A50000203136000BFBD465DF8047B704700BF12
:100A600010E000E080B400AF054B1B68044A43F07F
:100A70000203136000BFBD465DF8047B704700BFF2
:100A800010E000E080B400AF024B1846BD465DF8B0
:100A9000047B7047000D070180B400AF034B1B6857
:100AA0001B0C1846BD465DF8047B7047002004E02F
:100AB00080B400AF044B1B68C3F30B031846BD465C
:100AC0005DF8047B704700BF002004E080B400AFF5
:100AD000054B5B68044A43F00103536000BFBD4609
:100AE0005DF8047B704700BF002004E080B400AFD5
:100AF000054B5B68044A23F00103536000BFBD4609
:100B00005DF8047B704700BF002004E080B400AFB4
:100B1000054B5B68044A43F00203536000BFBD46C7
:100B20005DF8047B704700BF002004E080B400AF94
:100B3000054B5B68044A23F00203536000BFBD46C7
:100B40005DF8047B704700BF002004E080B400AF74
:100B5000054B5B68044A43F00403536000BFBD4685
:100B60005DF8047B704700BF002004E080B400AF54
:100B7000054B5B68044A23F00403536000BFBD4685
:100B80005DF8047B704700BF002004E080B400AF34
:100B9000034B01221A6000BFBD465DF8047B70471D
:100BA0000004274280B400AF034B00221A6000BF4C
:100BB000BD465DF8047B70470004274280B400AF57
:100BC000034B1B681846BD465DF8047B704700BFA9
:100BD000107AFF1F80B400AF034B1B681846BD4658
:100BE0005DF8047B704700BF147AFF1F80B400AF2C
:100BF000034B1B681846BD465DF8047B704700BF79
:100C0000187AFF1F80B400AF034B01221A6000BFA7
:100C1000BD465DF8047B70472000274280B400AFDA
:100C2000034B00221A6000BFBD465DF8047B70478D
:100C30002000274280B584B000AF78600023FB73AA
:100C40007B68002B01D1012333E07B681B6C002BF8
:100C500009D1786800F063F87B6800225A647B68E9
:100C6000002283F83C207B681B6C03F01003002BF0
:100C700018D17B681B6C23F4885323F0020343F0E4
:100C800002027B681A64786800F0F0FF7B6800223B
:100C90005A647B681B6C23F0030343F001027B68FA
:100CA0001A6401E00123FB737B68002283F83C2077
:100CB000FB7B18461037BD4680BD80B584B000AFC1
:100CC00078600023FB737B68002B01D1012322E0B5
:100CD0007B681B6C43F002027B681A647B681B68AC
:100CE0009A687B681B6822F001029A607B681B6827
:100CF0009B6803F00103002B08D1786800F019F815
:100D00007B6800225A647B6800221A647B68002298
:100D100083F83C20FB7B18461037BD4680BD80B46D
:100D200083B000AF786000BF0C37BD465DF8047B30
:100D3000704780B483B000AF786000BF0C37BD4609
:100D40005DF8047B704780B485B000AF7860002305
:100D5000BB607B6893F83C30012B01D10223B2E0E9
:100D60007B68012283F83C207B681B689B6803F04A
:100D70000103012B18D07B681B689A687B681B688D
:100D800042F001029A60534B1B68534AA2FB0323B3
:100D90009A0C13465B001344BB6002E0BB68013B46
:100DA000BB60BB68002BF9D17B681B689B6803F0B4
:100DB0000103012B7AD17B681B6C23F4E06323F0E1
:100DC000010343F480727B681A647B681B685B686C
:100DD00003F48063002B07D07B681B6C23F4405323
:100DE00043F480527B681A647B681B6C03F4805365
:100DF000B3F5805F06D17B685B6C23F006027B68ED
:100E00005A6402E07B6800225A647B68002283F8FF
:100E10003C20324BFB607B681B686FF022021A603B
:100E2000FB685B6803F01F03002B2AD17B681B68FB
:100E30002B4A934215D07B681B682A4A934205D1FE
:100E4000264B5B6803F01F03002B0AD07B681B68EE
:100E5000254A934236D1214B5B6803F01003002BE7
:100E600030D17B681B689B6803F04053002B29D16D
:100E70007B681B689A687B681B6842F080429A60B6
:100E800020E07B681B68164A93421BD17B681B6875
:100E90009B6803F04053002B14D17B681B689A6851
:100EA0007B681B6842F080429A600BE07B681B6C99
:100EB00043F010027B681A647B685B6C43F00102AC
:100EC0007B685A64002318461437BD465DF8047BDE
:100ED000704700BF4400002083DE1B430023014015
:100EE00000200140002101400022014080B483B075
:100EF00000AF78607B6893F83C30012B01D102236E
:100F000021E07B68012283F83C207B681B689A689B
:100F10007B681B6822F001029A607B681B689B68F3
:100F200003F00103002B09D17B681B6C23F4885369
:100F300023F0010343F001027B681A647B680022FE
:100F400083F83C20002318460C37BD465DF8047B2F
:100F5000704780B584B000AF786039600023FB60D3
:100F60007B681B689B6803F48063B3F5806F13D1C3
:100F70007B681B689B6803F48073B3F5807F0BD19B
:100F80007B681B6C43F020027B681A647B6800223C
:100F900083F83C20012363E0FFF7E4FCF86021E0E4
:100FA0003B68B3F1FF3F1DD03B68002B07D0FFF734
:100FB000D9FC0246FB68D31A3A689A4212D27B687F
:100FC0001B681B6803F00203022B0BD07B681B6CB1
:100FD00043F004027B681A647B68002283F83C209B
:100FE00003233DE07B681B681B6803F00203022BB0
:100FF000D6D17B681B686FF012021A607B681B6C8D
:1010000043F400727B681A647B681B689B6803F07A
:101010004053002B23D17B681B7E002B1FD17B68A4
:101020001B68DB6A03F47003002B06D07B681B6827
:101030009B6803F48063002B11D17B681B6C23F445
:1010400080727B681A647B681B6C03F48053002BEE
:1010500005D17B681B6C43F001027B681A64002396
:1010600018461037BD4680BD80B586B000AFF86029
:10107000B9607A6000237B61FFF774FC786122E03D
:101080007B68B3F1FF3F1ED07B68002B07D0FFF7D2
:1010900069FC02467B69D31A7A689A4213D2FB68CC
:1010A0001B681A68BB681340BA689A420BD0FB6889
:1010B0001B6C43F00402FB681A64FB68002283F88F
:1010C0003C20032328E0FB681B681A68BB681340B8
:1010D000BA689A42D4D1BB68012B0BD1FB681B6C58
:1010E00043F48032FB681A64FB681B686FF00102EE
:1010F0001A6010E0FB681B6C43F48062FB681A64A2
:10110000FB685B6C43F00202FB685A64FB681B6877
:101110006FF020021A60002318461837BD4680BDC4
:1011200080B485B000AF78600023BB607B6893F823
:101130003C30012B01D10223BDE07B68012283F802
:101140003C207B681B689B6803F00103012B18D0CF
:101150007B681B689A687B681B6842F001029A6092
:10116000584B1B68584AA2FB03239A0C13465B009A
:101170001344BB6002E0BB68013BBB60BB68002B53
:10118000F9D17B681B689B6803F00103012B40F0D9
:1011900085807B681B6C23F4E06323F0010343F438
:1011A00080727B681A647B681B685B6803F48063E9
:1011B000002B07D07B681B6C23F4405343F4805210
:1011C0007B681A647B681B6C03F48053B3F5805F03
:1011D00006D17B685B6C23F006027B685A6402E0F0
:1011E0007B6800225A647B68002283F83C20374BDE
:1011F000FB607B681B686FF022021A607B681B68CB
:101200005B687A68126843F0806343F020035360A0
:10121000FB685B6803F01F03002B2AD17B681B6807
:101220002B4A934215D07B681B682A4A934205D10A
:10123000264B5B6803F01F03002B0AD07B681B68FA
:10124000254A934236D1214B5B6803F01003002BF3
:1012500030D17B681B689B6803F04053002B29D179
:101260007B681B689A687B681B6842F080429A60C2
:1012700020E07B681B68164A93421BD17B681B6881
:101280009B6803F04053002B14D17B681B689A685D
:101290007B681B6842F080429A600BE07B681B6CA5
:1012A00043F010027B681A647B685B6C43F00102B8
:1012B0007B685A64002318461437BD465DF8047BEA
:1012C000704700BF4400002083DE1B430023014021
:1012D00000200140002101400022014080B483B081
:1012E00000AF78607B6893F83C30012B01D102237A
:1012F0002BE07B68012283F83C207B681B689A689E
:101300007B681B6822F001029A607B681B689B68FF
:1013100003F00103002B13D17B681B685B687A68BC
:10132000126823F0806323F0200353607B681B6CFA
:1013300023F4885323F0010343F001027B681A640D
:101340007B68002283F83C20002318460C37BD46FA
:101350005DF8047B704780B584B000AF78600023EF
:10136000FB600023BB607B681B681B6803F0020303
:10137000022B0CBF01230023DBB2FB607B681B68E0
:101380005B6803F02003202B0CBF01230023DBB29A
:10139000BB60FB68002B49D0BB68002B46D07B6844
:1013A0001B6C03F01003002B05D17B681B6C43F40E
:1013B00000727B681A647B681B689B6803F040536B
:1013C000002B2BD17B681B7E002B27D17B681B68F1
:1013D000DB6A03F47003002B06D07B681B689B68F4
:1013E00003F48063002B19D17B681B685A687B6803
:1013F0001B6822F020025A607B681B6C23F4807209
:101400007B681A647B681B6C03F48053002B05D146
:101410007B681B6C43F001027B681A64786800F0FB
:1014200052FA7B681B686FF012021A607B681B68B7
:101430001B6803F00403042B0CBF01230023DBB261
:10144000FB607B681B685B6803F08003802B0CBF2C
:1014500001230023DBB2BB60FB68002B57D0BB68C5
:10146000002B54D07B681B6C03F01003002B05D1BC
:101470007B681B6C43F400527B681A647B681B68B2
:101480009B6803F44013002B39D17B681B689B6B6E
:1014900003F44013002B06D07B681B689B6803F4A1
:1014A0008063002B2BD17B681B685B6803F480632F
:1014B000002B24D17B681B689B6803F04053002BF2
:1014C0001DD17B681B7E002B19D17B681B685A6875
:1014D0007B681B6822F080025A607B681B6C23F4D7
:1014E00080527B681A647B681B6C03F48073002B4A
:1014F00005D17B681B6C43F001027B681A64786835
:10150000F4F7A2FE7B681B686FF00C021A607B6820
:101510001B681B6803F00103012B0CBF0123002390
:10152000DBB2FB607B681B685B6803F04003402B09
:101530000CBF01230023DBB2BB60FB68002B17D07C
:10154000BB68002B14D07B681B681B6803F0010389
:10155000012B0DD17B681B6C43F480327B681A64CD
:10156000786800F0C4F97B681B686FF001021A60AC
:101570007B681B681B6803F02003202B0CBF012332
:101580000023DBB2FB607B681B685B6803F0806351
:10159000B3F1806F0CBF01230023DBB2BB60FB689B
:1015A000002B15D0BB68002B12D07B685B6C43F01E
:1015B00002027B685A647B681B686FF020021A6025
:1015C000786800F09EF97B681B686FF020021A6053
:1015D00000BF1037BD4680BD80B586B000AFF86053
:1015E000B9607A6000233B61FB6893F83C30012BC3
:1015F00001D10223E9E0FB68012283F83C20FB686B
:101600001B689B6803F00103012B18D0FB681B6863
:101610009A68FB681B6842F001029A606D4B1B6878
:101620006D4AA2FB03239A0C13465B0013443B61F3
:1016300002E03B69013B3B613B69002BF9D1FB6850
:101640001B689B6803F48073B3F5807F07D1FB6848
:101650001B689A68FB681B6822F480729A60FB68BA
:101660001B689B6803F00103012B40F0A180FB681D
:101670001B6C23F4E06323F0010343F48072FB68E6
:101680001A64FB681B685B6803F48063002B07D057
:10169000FB681B6C23F4405343F48052FB681A64CC
:1016A000FB681B6C03F48053B3F5805F06D1FB68C5
:1016B0005B6C23F00602FB685A6402E0FB680022C0
:1016C0005A64FB68002283F83C20444B7B61FB6832
:1016D0009B6B434ADA63FB689B6B424A1A64FB6864
:1016E0009B6B414ADA64FB681B686FF022021A6048
:1016F000FB681B685A68FB681B6842F080625A608E
:10170000FB681B689A68FB681B6842F480729A60E9
:10171000FB68986BFB681B684C331946BA687B689A
:10172000F6F70FFB7B695B6803F01F03002B2AD1E0
:10173000FB681B682D4A934215D0FB681B682C4A36
:10174000934205D1254B5B6803F01F03002B0AD0A1
:10175000FB681B68274A934236D1204B5B6803F035
:101760001003002B30D1FB681B689B6803F04053CB
:10177000002B29D1FB681B689A68FB681B6842F044
:1017800080429A6020E0FB681B68184A93421BD194
:10179000FB681B689B6803F04053002B14D1FB6867
:1017A0001B689A68FB681B6842F080429A600BE0F5
:1017B000FB681B6C43F01002FB681A64FB685B6CEF
:1017C00043F00102FB685A64002318461837BD46EF
:1017D00080BD00BF4400002083DE1B430023014086
:1017E000651E02081F1F02083B1F0208002001405F
:1017F000002101400022014080B584B000AF786034
:101800000023FB737B6893F83C30012B01D102234A
:1018100048E07B68012283F83C207B681B689A685B
:101820007B681B6822F001029A607B681B689B68DA
:1018300003F00103002B30D17B681B689A687B683A
:101840001B6822F480729A607B689B6B93F835303A
:10185000DBB2022B0FD17B689B6B1846F6F7C9FAF7
:101860000346FB73FB7B002B05D07B681B6C43F0AE
:1018700040027B681A647B681B685A687B681B6837
:1018800022F080625A607B681B6C23F4885323F03B
:10189000010343F001027B681A647B68002283F82D
:1018A0003C20FB7B18461037BD4680BD80B483B01A
:1018B00000AF78607B681B68DB6C18460C37BD4650
:1018C0005DF8047B704780B483B000AF786000BFE0
:1018D0000C37BD465DF8047B704780B483B000AF21
:1018E000786000BF0C37BD465DF8047B704780B45C
:1018F00083B000AF786000BF0C37BD465DF8047B55
:10190000704780B483B000AF786000BF0C37BD462D
:101910005DF8047B704780B485B000AF78603960B3
:101920000023BB607B6893F83C30012B01D102237C
:1019300013E17B68012283F83C203B681B68092B7C
:1019400025D97B681B68D9683B681B689BB21A461F
:1019500013465B0013441E3B072202FA03F3DA43EB
:101960007B681B680A40DA607B681B68D9683B6843
:101970009A683B681B689BB2184603465B000344A9
:101980001E3B9A407B681B680A43DA6022E07B6852
:101990001B6819693B681B689BB21A4613465B00BB
:1019A0001344072202FA03F3DA437B681B680A40F8
:1019B0001A617B681B6819693B689A683B681B68F9
:1019C0009BB2184603465B0003449A407B681B6841
:1019D0000A431A613B685B68062B24D87B681B6846
:1019E000596B3B685A6813469B001344053B1F2202
:1019F00002FA03F3DA437B681B680A405A637B6888
:101A00001B68596B3B681B689BB218463B685A6859
:101A100013469B001344053B00FA03F27B681B68E6
:101A20000A435A634CE03B685B680C2B24D87B6804
:101A30001B68196B3B685A6813469B001344233B91
:101A40001F2202FA03F3DA437B681B680A401A6319
:101A50007B681B68196B3B681B689BB218463B6828
:101A60005A6813469B001344233B00FA03F27B6839
:101A70001B680A431A6323E07B681B68D96A3B68CA
:101A80005A6813469B001344413B1F2202FA03F39A
:101A9000DA437B681B680A40DA627B681B68D96A94
:101AA0003B681B689BB218463B685A6813469B000C
:101AB0001344413B00FA03F27B681B680A43DA6275
:101AC000294BFB607B681B68284A93420FD13B6817
:101AD0001B68122B0BD1FB685B6823F40002FB68C8
:101AE0005A60FB685B6843F48002FB685A607B685D
:101AF0001B681E4A93422BD13B681B681C4A9342C9
:101B000003D03B681B68112B22D1FB685B6823F470
:101B10008002FB685A60FB685B6843F40002FB6864
:101B20005A603B681B68124A934211D1114B1B68E3
:101B3000114AA2FB03239A0C13469B0013445B003B
:101B4000BB6002E0BB68013BBB60BB68002BF9D106
:101B50007B68002283F83C20002318461437BD46DA
:101B60005DF8047B704700BF002301400020014066
:101B7000120000104400002083DE1B4380B483B0B9
:101B800000AF786039607B6893F83C30012B01D15D
:101B900002234DE07B68012283F83C203B681B7CDC
:101BA000012B08D17B681B685A687B681B6842F070
:101BB00040025A6007E07B681B685A687B681B68B4
:101BC00022F040025A607B681B685B687A68126882
:101BD00023F4400323F4007353607B681B68596847
:101BE0003B681A687B681B680A435A607B681B68FD
:101BF0003A6852685A627B681B683A6892689A62CF
:101C00007B681B685A687B681B6822F01F025A6059
:101C10007B681B685A683B68DB689BB219467B6827
:101C20001B680A435A607B68002283F83C2000232B
:101C300018460C37BD465DF8047B704780B483B00E
:101C400000AF78607B681B6C18460C37BD465DF8AA
:101C5000047B704780B483B000AF78607B685B6CB6
:101C600018460C37BD465DF8047B704780B485B0DC
:101C700000AF7860794BFB60FB685B6823F440320F
:101C8000FB685A60FB685A687B685B681A43FB68AC
:101C90005A607B681B685A687B681B6822F48072F4
:101CA0005A607B681B6859687B681B691A027B68ED
:101CB0001B680A435A607B681B685A687B681B680C
:101CC00022F040725A607B681B6859687B689A688A
:101CD0007B681B680A435A607B681B689A687B684C
:101CE0001B6822F400629A607B681B6899687B68B5
:101CF000DA687B681B680A439A607B689B6A584A6B
:101D0000934222D07B681B689A687B681B6822F02C
:101D100070629A607B681B6899687B689A6A7B68C6
:101D20001B680A439A607B681B689A687B681B681B
:101D300022F040529A607B681B6899687B68DA6A77
:101D40007B681B680A439A600FE07B681B689A688F
:101D50007B681B6822F070629A607B681B689A68D7
:101D60007B681B6822F040529A607B681B689A6807
:101D70007B681B6822F002029A607B681B68996886
:101D80007B681B7E5A007B681B680A439A607B68ED
:101D900093F82030002B1BD07B681B685A687B6847
:101DA0001B6842F400625A607B681B685A687B6853
:101DB0001B6822F460425A607B681B6859687B6824
:101DC0005B6A013B5A037B681B680A435A6007E061
:101DD0007B681B685A687B681B6822F400625A6043
:101DE0007B681B68DA6A7B681B6822F47002DA621F
:101DF0007B681B68D96A7B68DB69013B1A057B68D5
:101E00001B680A43DA627B681B689A687B681B68F8
:101E100022F400729A607B681B6899687B6893F86B
:101E200030305A027B681B680A439A607B681B68E3
:101E30009A687B681B6822F480629A607B681B68E2
:101E400099687B685B699A027B681B680A439A60A1
:101E500000BF1437BD465DF8047B70470023014086
:101E60000100000F80B584B000AF78607B689B6B89
:101E7000FB60FB681B6C03F05003002B3CD1FB683C
:101E80001B6C43F40072FB681A64FB681B689B6858
:101E900003F04053002B2BD1FB681B7E002B27D176
:101EA000FB681B68DB6A03F47003002B06D0FB6839
:101EB0001B689B6803F48063002B19D1FB681B68C7
:101EC0005A68FB681B6822F020025A60FB681B6C92
:101ED00023F48072FB681A64FB681B6C03F4805364
:101EE000002B05D1FB681B6C43F00102FB681A64F0
:101EF000F868FFF7E8FC0EE0FB681B6C03F01003CA
:101F0000002B03D0F868FFF7FCFC04E0FB689B6B38
:101F1000DB6C7868984700BF1037BD4680BD80B540
:101F200084B000AF78607B689B6BFB60F868FFF75C
:101F3000D4FC00BF1037BD4680BD80B584B000AF73
:101F400078607B689B6BFB60FB6840221A64FB68CF
:101F50005B6C43F00402FB685A64F868FFF7D1FC3D
:101F600000BF1037BD4680BD80B582B000AF78603D
:101F70007B68002B01D1012341E07B6893F83D3061
:101F8000DBB2002B06D17B68002283F83C20786806
:101F900000F08DF87B68022283F83D207B681A6888
:101FA0007B6804331946104605F05EFA7B6801220F
:101FB00083F846207B68012283F83E207B6801225B
:101FC00083F83F207B68012283F840207B68012250
:101FD00083F841207B68012283F842207B6801223C
:101FE00083F843207B68012283F844207B68012228
:101FF00083F845207B68012283F83D2000231846A2
:102000000837BD4680BD80B582B000AF78607B6880
:10201000022283F83D207B681B681A6A41F2111383
:102020001340002B0FD17B681B681A6A40F24443AF
:102030001340002B07D17B681B681A687B681B68FC
:1020400022F001021A60786800F03BF87B680022F9
:1020500083F846207B68002283F83E207B680022BC
:1020600083F83F207B68002283F840207B680022B1
:1020700083F841207B68002283F842207B6800229D
:1020800083F843207B68002283F844207B68002289
:1020900083F845207B68002283F83D207B6800227E
:1020A00083F83C20002318460837BD4680BD80B425
:1020B00083B000AF786000BF0C37BD465DF8047B8D
:1020C000704780B483B000AF786000BF0C37BD4666
:1020D0005DF8047B704780B485B000AF78607B68A2
:1020E00093F83D30DBB2012B01D0012346E07B6841
:1020F000022283F83D207B681B68234A934222D04A
:102100007B681B68B3F1804F1DD07B681B681F4A3A
:10211000934218D07B681B681D4A934213D07B689A
:102120001B681C4A93420ED07B681B681A4A934274
:1021300009D07B681B68194A934204D07B681B68EE
:10214000174A934211D17B681B689B6803F0070311
:10215000FB60FB68062B10D07B681B681A687B68E5
:102160001B6842F001021A6007E07B681B681A686E
:102170007B681B6842F001021A600023184614377E
:10218000BD465DF8047B704700000140000400403C
:1021900000080040000C00400004014000400140E5
:1021A0000018004080B483B000AF78607B681B6883
:1021B0001A6A41F211131340002B0FD17B681B6880
:1021C0001A6A40F244431340002B07D17B681B6816
:1021D0001A687B681B6822F001021A607B68012282
:1021E00083F83D20002318460C37BD465DF8047B7C
:1021F000704780B485B000AF78607B6893F83D305D
:10220000DBB2012B01D001234EE07B68022283F870
:102210003D207B681B68DA687B681B6842F001021E
:10222000DA607B681B68234A934222D07B681B6874
:10223000B3F1804F1DD07B681B681F4A934218D0B2
:102240007B681B681D4A934213D07B681B681C4A3D
:1022500093420ED07B681B681A4A934209D07B6870
:102260001B68194A934204D07B681B68174A934243
:1022700011D17B681B689B6803F00703FB60FB6858
:10228000062B10D07B681B681A687B681B6842F0BD
:1022900001021A6007E07B681B681A687B681B688C
:1022A00042F001021A60002318461437BD465DF85B
:1022B000047B70470000014000040040000800401B
:1022C000000C0040000401400040014000180040A4
:1022D00080B483B000AF78607B681B68DA687B6885
:1022E0001B6822F00102DA607B681B681A6A41F2FF
:1022F00011131340002B0FD17B681B681A6A40F240
:1023000044431340002B07D17B681B681A687B6825
:102310001B6822F001021A607B68012283F83D20CD
:10232000002318460C37BD465DF8047B704780B526
:1023300086B000AFF860B9601346FB80FB6893F885
:102340003D30DBB2022B01D102237AE0FB6893F827
:102350003D30DBB2012B25D1BB68002B04D1FB88BB
:10236000002B01D001236CE0FB68022283F83D20A2
:10237000FB681B6A354ADA63FB681B6A344A1A64D5
:10238000FB681B6A334ADA64FB68186AB968FB6841
:102390001B682C331A46FB88F5F7D3FC0346002B49
:1023A00004D001E001234CE001234AE0FB681B68F4
:1023B000DA68FB681B6842F48072DA60FB681B68AD
:1023C000254A934222D0FB681B68B3F1804F1DD091
:1023D000FB681B68214A934218D0FB681B68204A9F
:1023E000934213D0FB681B681E4A93420ED0FB68D1
:1023F0001B681D4A934209D0FB681B681B4A934225
:1024000004D0FB681B681A4A934211D1FB681B6811
:102410009B6803F007037B617B69062B10D0FB6888
:102420001B681A68FB681B6842F001021A6007E02B
:10243000FB681B681A68FB681B6842F001021A609F
:10244000002318461837BD4680BD00BFD57302086B
:1024500003740208037102080000014000040040F8
:1024600000080040000C0040000401400040014012
:102470000018004080B582B000AF78607B681B68B0
:10248000DA687B681B6822F48072DA607B681B6AFA
:102490001846F5F71EFD7B681B681A6A41F2111396
:1024A0001340002B0FD17B681B681A6A40F244432B
:1024B0001340002B07D17B681B681A687B681B6878
:1024C00022F001021A607B68012283F83D2000237C
:1024D00018460837BD4680BD80B582B000AF786031
:1024E0007B68002B01D1012341E07B6893F83D30EC
:1024F000DBB2002B06D17B68002283F83C20786891
:1025000000F08DF87B68022283F83D207B681A6812
:102510007B6804331946104604F0A6FF7B6801224D
:1025200083F846207B68012283F83E207B680122E5
:1025300083F83F207B68012283F840207B680122DA
:1025400083F841207B68012283F842207B680122C6
:1025500083F843207B68012283F844207B680122B2
:1025600083F845207B68012283F83D20002318462C
:102570000837BD4680BD80B582B000AF78607B680B
:10258000022283F83D207B681B681A6A41F211130E
:102590001340002B0FD17B681B681A6A40F244433A
:1025A0001340002B07D17B681B681A687B681B6887
:1025B00022F001021A60786800F03BF87B68002284
:1025C00083F846207B68002283F83E207B68002247
:1025D00083F83F207B68002283F840207B6800223C
:1025E00083F841207B68002283F842207B68002228
:1025F00083F843207B68002283F844207B68002214
:1026000083F845207B68002283F83D207B68002208
:1026100083F83C20002318460837BD4680BD80B4AF
:1026200083B000AF786000BF0C37BD465DF8047B17
:10263000704780B483B000AF786000BF0C37BD46F0
:102640005DF8047B704780B584B000AF7860396076
:102650003B68002B09D17B6893F83E30DBB2012B3D
:1026600014BF01230023DBB222E03B68042B09D115
:102670007B6893F83F30DBB2012B14BF01230023AA
:10268000DBB215E03B68082B09D17B6893F840303A
:10269000DBB2012B14BF01230023DBB208E07B680F
:1026A00093F84130DBB2012B14BF01230023DBB2CE
:1026B000002B01D001237CE03B68002B04D17B6818
:1026C000022283F83E2013E03B68042B04D17B6890
:1026D000022283F83F200BE03B68082B04D17B6883
:1026E000022283F8402003E07B68022283F8412025
:1026F0007B681B6801223968184605F059FB7B6826
:102700001B682E4A934204D07B681B682C4A934274
:1027100001D1012300E00023002B07D07B681B6858
:102720005A6C7B681B6842F400425A647B681B68E1
:10273000224A934222D07B681B68B3F1804F1DD0A0
:102740007B681B681F4A934218D07B681B681E4A2F
:10275000934213D07B681B681C4A93420ED07B685F
:102760001B68174A934209D07B681B68184A93423A
:1027700004D07B681B68174A934211D17B681B68A1
:102780009B6803F00703FB60FB68062B10D07B6897
:102790001B681A687B681B6842F001021A6007E038
:1027A0007B681B681A687B681B6842F001021A602C
:1027B000002318461037BD4680BD00BF0000014011
:1027C000000401400004004000080040000C0040EC
:1027D000004001400018004080B582B000AF786032
:1027E00039607B681B6800223968184605F0E0FAFA
:1027F0007B681B682E4A934204D07B681B682D4A75
:10280000934201D1012300E00023002B17D07B6805
:102810001B681A6A41F211131340002B0FD17B6819
:102820001B681A6A40F244431340002B07D17B68AF
:102830001B685A6C7B681B6822F400425A647B68F0
:102840001B681A6A41F211131340002B0FD17B68E9
:102850001B681A6A40F244431340002B07D17B687F
:102860001B681A687B681B6822F001021A603B68CB
:10287000002B04D17B68012283F83E2013E03B68E3
:10288000042B04D17B68012283F83F200BE03B68D6
:10289000082B04D17B68012283F8402003E07B6889
:1028A000012283F84120002318460837BD4680BD29
:1028B000000001400004014080B584B000AF7860A2
:1028C00039600023FB733B68002B09D17B6893F8C8
:1028D0003E30DBB2012B14BF01230023DBB222E028
:1028E0003B68042B09D17B6893F83F30DBB2012BA6
:1028F00014BF01230023DBB215E03B68082B09D18C
:102900007B6893F84030DBB2012B14BF0123002316
:10291000DBB208E07B6893F84130DBB2012B14BFD7
:1029200001230023DBB2002B01D00123C7E03B6869
:10293000002B04D17B68022283F83E2013E03B6821
:10294000042B04D17B68022283F83F200BE03B6814
:10295000082B04D17B68022283F8402003E07B68C7
:10296000022283F841203B680C2B41D801A252F887
:1029700023F000BFA9290208F1290208F129020861
:10298000F1290208BB290208F1290208F1290208ED
:10299000F1290208CD290208F1290208F1290208CB
:1029A000F1290208DF2902087B681B68DA687B6866
:1029B0001B6842F00202DA601DE07B681B68DA687F
:1029C0007B681B6842F00402DA6014E07B681B68D5
:1029D000DA687B681B6842F00802DA600BE07B680B
:1029E0001B68DA687B681B6842F01002DA6002E05C
:1029F0000123FB7300BFFB7B002B5FD17B681B684F
:102A000001223968184605F0D3F97B681B682E4A05
:102A1000934204D07B681B682C4A934201D1012366
:102A200000E00023002B07D07B681B685A6C7B6892
:102A30001B6842F400425A647B681B68224A934236
:102A400022D07B681B68B3F1804F1DD07B681B6868
:102A50001F4A934218D07B681B681E4A934213D0CA
:102A60007B681B681C4A93420ED07B681B68174A20
:102A7000934209D07B681B68184A934204D07B6854
:102A80001B68174A934211D17B681B689B6803F04F
:102A90000703BB60BB68062B10D07B681B681A68F5
:102AA0007B681B6842F001021A6007E07B681B68C4
:102AB0001A687B681B6842F001021A60FB7B1846AB
:102AC0001037BD4680BD00BF00000140000401403A
:102AD0000004004000080040000C0040004001409D
:102AE0000018004080B584B000AF786039600023E2
:102AF000FB733B680C2B41D801A252F823F000BFB6
:102B0000352B02087D2B02087D2B02087D2B020845
:102B1000472B02087D2B02087D2B02087D2B020823
:102B2000592B02087D2B02087D2B02087D2B020801
:102B30006B2B02087B681B68DA687B681B6822F0D5
:102B40000202DA601DE07B681B68DA687B681B683C
:102B500022F00402DA6014E07B681B68DA687B68A4
:102B60001B6822F00802DA600BE07B681B68DA68F9
:102B70007B681B6822F01002DA6002E00123FB731D
:102B800000BFFB7B002B61D17B681B68002239688A
:102B9000184605F00DF97B681B682F4A934204D054
:102BA0007B681B682D4A934201D1012300E000237A
:102BB000002B17D07B681B681A6A41F2111313406F
:102BC000002B0FD17B681B681A6A40F24443134004
:102BD000002B07D17B681B685A6C7B681B6822F44A
:102BE00000425A647B681B681A6A41F21113134051
:102BF000002B0FD17B681B681A6A40F244431340D4
:102C0000002B07D17B681B681A687B681B6822F061
:102C100001021A603B68002B04D17B68012283F813
:102C20003E2013E03B68042B04D17B68012283F82B
:102C30003F200BE03B68082B04D17B68012283F81E
:102C4000402003E07B68012283F84120FB7B18468B
:102C50001037BD4680BD00BF0000014000040140A8
:102C600080B586B000AFF860B9607A607B800023E1
:102C7000FB75BB68002B09D1FB6893F83E30DBB2D3
:102C8000022B0CBF01230023DBB222E0BB68042B24
:102C900009D1FB6893F83F30DBB2022B0CBF012354
:102CA0000023DBB215E0BB68082B09D1FB6893F861
:102CB0004030DBB2022B0CBF01230023DBB208E063
:102CC000FB6893F84130DBB2022B0CBF01230023D9
:102CD000DBB2002B01D0022371E1BB68002B09D1CC
:102CE000FB6893F83E30DBB2012B0CBF01230023BD
:102CF000DBB222E0BB68042B09D1FB6893F83F30BC
:102D0000DBB2012B0CBF01230023DBB215E0BB6853
:102D1000082B09D1FB6893F84030DBB2012B0CBFC4
:102D200001230023DBB208E0FB6893F84130DBB2FB
:102D3000012B0CBF01230023DBB2002B24D07B68C6
:102D4000002B04D17B88002B01D0012337E1BB6825
:102D5000002B04D1FB68022283F83E2016E0BB68FA
:102D6000042B04D1FB68022283F83F200EE0BB68ED
:102D7000082B04D1FB68022283F8402006E0FB68A0
:102D8000022283F8412001E0012318E1BB680C2BEB
:102D900000F2AE8001A252F823F000BFD12D02084C
:102DA000F12E0208F12E0208F12E0208192E020857
:102DB000F12E0208F12E0208F12E0208612E0208FF
:102DC000F12E0208F12E0208F12E0208A92E0208A7
:102DD000FB685B6A7C4ADA63FB685B6A7B4A1A645D
:102DE000FB685B6A7A4ADA64FB68586A7968FB6850
:102DF0001B6834331A467B88F4F7A3FF0346002B85
:102E000001D00123DBE0FB681B68DA68FB681B6804
:102E100042F40072DA606EE0FB689B6A6A4ADA6329
:102E2000FB689B6A694A1A64FB689B6A684ADA64B1
:102E3000FB68986A7968FB681B6838331A467B8898
:102E4000F4F77FFF0346002B01D00123B7E0FB68B6
:102E50001B68DA68FB681B6842F48062DA604AE04B
:102E6000FB68DB6A584ADA63FB68DB6A574A1A6414
:102E7000FB68DB6A564ADA64FB68D86A7968FB68E3
:102E80001B683C331A467B88F4F75BFF0346002B34
:102E900001D0012393E0FB681B68DA68FB681B68BC
:102EA00042F40062DA6026E0FB681B6B464ADA6394
:102EB000FB681B6B454A1A64FB681B6B444ADA6467
:102EC000FB68186B7968FB681B6840331A467B887F
:102ED000F4F737FF0346002B01D001236FE0FB68B6
:102EE0001B68DA68FB681B6842F48052DA6002E013
:102EF0000123FB7500BFFB7D002B5FD1FB681B68C6
:102F00000122B968184604F053FFFB681B68314A78
:102F1000934204D0FB681B682F4A934201D10123DE
:102F200000E00023002B07D0FB681B685A6CFB688D
:102F30001B6842F400425A64FB681B68254A9342AE
:102F400022D0FB681B68B3F1804F1DD0FB681B6863
:102F5000224A934218D0FB681B68214A934213D03F
:102F6000FB681B681F4A93420ED0FB681B681A4A15
:102F7000934209D0FB681B681B4A934204D0FB684C
:102F80001B681A4A934211D1FB681B689B6803F0C7
:102F900007033B613B69062B10D0FB681B681A686E
:102FA000FB681B6842F001021A6007E0FB681B68BF
:102FB0001A68FB681B6842F001021A60FB7D184624
:102FC0001837BD4680BD00BF957102083D720208EA
:102FD00003710208000001400004014000040040A9
:102FE00000080040000C0040004001400018004074
:102FF00080B584B000AF786039600023FB733B6814
:103000000C2B55D801A252F823F000BF4130020822
:10301000B1300208B1300208B13002085D30020858
:10302000B1300208B1300208B1300208793002082C
:10303000B1300208B1300208B13002089530020800
:103040007B681B68DA687B681B6822F40072DA60B0
:103050007B685B6A1846F4F73CFF2CE07B681B68D2
:10306000DA687B681B6822F48062DA607B689B6A9E
:103070001846F4F72EFF1EE07B681B68DA687B6851
:103080001B6822F40062DA607B68DB6A1846F4F79A
:1030900020FF10E07B681B68DA687B681B6822F4FD
:1030A0008052DA607B681B6B1846F4F712FF02E06F
:1030B0000123FB7300BFFB7B002B61D17B681B6886
:1030C00000223968184604F073FE7B681B682F4A9B
:1030D000934204D07B681B682D4A934201D101239F
:1030E00000E00023002B17D07B681B681A6A41F2AE
:1030F00011131340002B0FD17B681B681A6A40F232
:1031000044431340002B07D17B681B685A6C7B68D3
:103110001B6822F400425A647B681B681A6A41F2F9
:1031200011131340002B0FD17B681B681A6A40F201
:1031300044431340002B07D17B681B681A687B68E7
:103140001B6822F001021A603B68002B04D17B68E7
:10315000012283F83E2013E03B68042B04D17B68F6
:10316000012283F83F200BE03B68082B04D17B68E9
:10317000012283F8402003E07B68012283F841208C
:10318000FB7B18461037BD4680BD00BF00000140E4
:103190000004014080B582B000AF78607B68002BEE
:1031A00001D1012341E07B6893F83D30DBB2002B75
:1031B00006D17B68002283F83C20786800F08DF807
:1031C0007B68022283F83D207B681A687B680433A1
:1031D0001946104604F048F97B68012283F846201E
:1031E0007B68012283F83E207B68012283F83F2020
:1031F0007B68012283F840207B68012283F841200C
:103200007B68012283F842207B68012283F84320F7
:103210007B68012283F844207B68012283F84520E3
:103220007B68012283F83D20002318460837BD46FD
:1032300080BD80B582B000AF78607B68022283F8E1
:103240003D207B681B681A6A41F211131340002B62
:103250000FD17B681B681A6A40F244431340002B6D
:1032600007D17B681B681A687B681B6822F0010223
:103270001A60786800F03BF87B68002283F84620EB
:103280007B68002283F83E207B68002283F83F2081
:103290007B68002283F840207B68002283F841206D
:1032A0007B68002283F842207B68002283F8432059
:1032B0007B68002283F844207B68002283F8452045
:1032C0007B68002283F83D207B68002283F83C2045
:1032D000002318460837BD4680BD80B483B000AFD8
:1032E000786000BF0C37BD465DF8047B704780B442
:1032F00083B000AF786000BF0C37BD465DF8047B3B
:10330000704780B584B000AF786039603B68002BAF
:1033100009D17B6893F83E30DBB2012B14BF012347
:103320000023DBB222E03B68042B09D17B6893F8D1
:103330003F30DBB2012B14BF01230023DBB215E0C9
:103340003B68082B09D17B6893F84030DBB2012B36
:1033500014BF01230023DBB208E07B6893F84130FF
:10336000DBB2012B14BF01230023DBB2002B01D001
:1033700001237CE03B68002B04D17B68022283F8A8
:103380003E2013E03B68042B04D17B68022283F8C3
:103390003F200BE03B68082B04D17B68022283F8B6
:1033A000402003E07B68022283F841207B681B6891
:1033B00001223968184604F0FBFC7B681B682E4A22
:1033C000934204D07B681B682C4A934201D10123AD
:1033D00000E00023002B07D07B681B685A6C7B68D9
:1033E0001B6842F400425A647B681B68224A93427D
:1033F00022D07B681B68B3F1804F1DD07B681B68AF
:103400001F4A934218D07B681B681E4A934213D010
:103410007B681B681C4A93420ED07B681B68174A66
:10342000934209D07B681B68184A934204D07B689A
:103430001B68174A934211D17B681B689B6803F095
:103440000703FB60FB68062B10D07B681B681A68BB
:103450007B681B6842F001021A6007E07B681B680A
:103460001A687B681B6842F001021A600023184644
:103470001037BD4680BD00BF000001400004014080
:103480000004004000080040000C004000400140E3
:103490000018004080B582B000AF786039607B686A
:1034A0001B6800223968184604F082FC7B681B68A0
:1034B0002E4A934204D07B681B682D4A934201D167
:1034C000012300E00023002B17D07B681B681A6AD9
:1034D00041F211131340002B0FD17B681B681A6A4D
:1034E00040F244431340002B07D17B681B685A6CA1
:1034F0007B681B6822F400425A647B681B681A6A66
:1035000041F211131340002B0FD17B681B681A6A1C
:1035100040F244431340002B07D17B681B681A68B4
:103520007B681B6822F001021A603B68002B04D103
:103530007B68012283F83E2013E03B68042B04D112
:103540007B68012283F83F200BE03B68082B04D105
:103550007B68012283F8402003E07B68012283F826
:103560004120002318460837BD4680BD00000140B9
:103570000004014080B584B000AF7860396000235A
:10358000FB733B68002B09D17B6893F83E30DBB2BC
:10359000012B14BF01230023DBB222E03B68042B84
:1035A00009D17B6893F83F30DBB2012B14BF0123B4
:1035B0000023DBB215E03B68082B09D17B6893F848
:1035C0004030DBB2012B14BF01230023DBB208E043
:1035D0007B6893F84130DBB2012B14BF0123002339
:1035E000DBB2002B01D00123C7E03B68002B04D1E4
:1035F0007B68022283F83E2013E03B68042B04D151
:103600007B68022283F83F200BE03B68082B04D143
:103610007B68022283F8402003E07B68022283F863
:1036200041203B680C2B41D801A252F823F000BF87
:1036300065360208AD360208AD360208AD3602081E
:1036400077360208AD360208AD360208AD360208FC
:1036500089360208AD360208AD360208AD360208DA
:103660009B3602087B681B68DA687B681B6842F03F
:103670000202DA601DE07B681B68DA687B681B6801
:1036800042F00402DA6014E07B681B68DA687B6849
:103690001B6842F00802DA600BE07B681B68DA689E
:1036A0007B681B6842F01002DA6002E00123FB73C2
:1036B00000BFFB7B002B5FD17B681B680122396850
:1036C000184604F075FB7B681B682E4A934204D0B1
:1036D0007B681B682C4A934201D1012300E0002340
:1036E000002B07D07B681B685A6C7B681B6842F410
:1036F00000425A647B681B68224A934222D07B684E
:103700001B68B3F1804F1DD07B681B681F4A934232
:1037100018D07B681B681E4A934213D07B681B68D5
:103720001C4A93420ED07B681B68174A934209D00B
:103730007B681B68184A934204D07B681B68174A51
:10374000934211D17B681B689B6803F00703BB6041
:10375000BB68062B10D07B681B681A687B681B68E7
:1037600042F001021A6007E07B681B681A687B68F8
:103770001B6842F001021A60FB7B18461037BD46F9
:1037800080BD00BF00000140000401400004004073
:1037900000080040000C00400040014000180040BC
:1037A00080B584B000AF786039600023FB733B685C
:1037B0000C2B41D801A252F823F000BFF1370208C8
:1037C0003938020839380208393802080338020843
:1037D0003938020839380208393802081538020821
:1037E00039380208393802083938020827380208FF
:1037F0007B681B68DA687B681B6822F00202DA606B
:103800001DE07B681B68DA687B681B6822F0040295
:10381000DA6014E07B681B68DA687B681B6822F05A
:103820000802DA600BE07B681B68DA687B681B685B
:1038300022F01002DA6002E00123FB7300BFFB7B81
:10384000002B61D17B681B6800223968184604F0A0
:10385000AFFA7B681B682F4A934204D07B681B68D1
:103860002D4A934201D1012300E00023002B17D001
:103870007B681B681A6A41F211131340002B0FD1A9
:103880007B681B681A6A40F244431340002B07D13F
:103890007B681B685A6C7B681B6822F400425A6480
:1038A0007B681B681A6A41F211131340002B0FD179
:1038B0007B681B681A6A40F244431340002B07D10F
:1038C0007B681B681A687B681B6822F001021A601B
:1038D0003B68002B04D17B68012283F83E2013E073
:1038E0003B68042B04D17B68012283F83F200BE066
:1038F0003B68082B04D17B68012283F8402003E059
:103900007B68012283F84120FB7B18461037BD46B7
:1039100080BD00BF000001400004014080B586B0BA
:1039200000AFF860B9607A607B800023FB75BB68EC
:10393000002B09D1FB6893F83E30DBB2022B0CBFA1
:1039400001230023DBB222E0BB68042B09D1FB6812
:1039500093F83F30DBB2022B0CBF01230023DBB214
:1039600015E0BB68082B09D1FB6893F84030DBB247
:10397000022B0CBF01230023DBB208E0FB6893F8A5
:103980004130DBB2022B0CBF01230023DBB2002B42
:1039900001D0022371E1BB68002B09D1FB6893F8C9
:1039A0003E30DBB2012B0CBF01230023DBB222E04F
:1039B000BB68042B09D1FB6893F83F30DBB2012BC5
:1039C0000CBF01230023DBB215E0BB68082B09D133
:1039D000FB6893F84030DBB2012B0CBF01230023BE
:1039E000DBB208E0FB6893F84130DBB2012B0CBF7F
:1039F00001230023DBB2002B24D07B68002B04D1F1
:103A00007B88002B01D0012337E1BB68002B04D158
:103A1000FB68022283F83E2016E0BB68042B04D129
:103A2000FB68022283F83F200EE0BB68082B04D11C
:103A3000FB68022283F8402006E0FB68022283F83C
:103A4000412001E0012318E1BB680C2B00F2AE809D
:103A500001A252F823F000BF8D3A0208AD3B0208E4
:103A6000AD3B0208AD3B0208D53A0208AD3B020867
:103A7000AD3B0208AD3B02081D3B0208AD3B02080E
:103A8000AD3B0208AD3B0208653B0208FB685B6A80
:103A90007C4ADA63FB685B6A7B4A1A64FB685B6A90
:103AA0007A4ADA64FB68586A7968FB681B683433C1
:103AB0001A467B88F4F745F90346002B01D0012311
:103AC000DBE0FB681B68DA68FB681B6842F4007285
:103AD000DA606EE0FB689B6A6A4ADA63FB689B6A9D
:103AE000694A1A64FB689B6A684ADA64FB68986AE8
:103AF0007968FB681B6838331A467B88F4F721F92C
:103B00000346002B01D00123B7E0FB681B68DA688D
:103B1000FB681B6842F48062DA604AE0FB68DB6A9B
:103B2000584ADA63FB68DB6A574A1A64FB68DB6A47
:103B3000564ADA64FB68D86A7968FB681B683C33CC
:103B40001A467B88F4F7FDF80346002B01D00123C9
:103B500093E0FB681B68DA68FB681B6842F400624C
:103B6000DA6026E0FB681B6B464ADA63FB681B6B76
:103B7000454A1A64FB681B6B444ADA64FB68186B9D
:103B80007968FB681B6840331A467B88F4F7D9F8DC
:103B90000346002B01D001236FE0FB681B68DA6845
:103BA000FB681B6842F48052DA6002E00123FB7577
:103BB00000BFFB7D002B5FD1FB681B680122B96849
:103BC000184604F0F5F8FB681B68314A934204D0AC
:103BD000FB681B682F4A934201D1012300E00023B8
:103BE000002B07D0FB681B685A6CFB681B6842F40B
:103BF00000425A64FB681B68254A934222D0FB6846
:103C00001B68B3F1804F1DD0FB681B68224A9342AA
:103C100018D0FB681B68214A934213D0FB681B68CD
:103C20001F4A93420ED0FB681B681A4A934209D080
:103C3000FB681B681B4A934204D0FB681B681A4A46
:103C4000934211D1FB681B689B6803F007033B613B
:103C50003B69062B10D0FB681B681A68FB681B6861
:103C600042F001021A6007E0FB681B681A68FB68F3
:103C70001B6842F001021A60FB7D18461837BD46EA
:103C800080BD00BF957102083D72020803710208F1
:103C90000000014000040140000400400008004012
:103CA000000C0040004001400018004080B584B086
:103CB00000AF786039600023FB733B680C2B55D84C
:103CC00001A252F823F000BFFD3C02086D3D02083E
:103CD0006D3D02086D3D0208193D02086D3D020868
:103CE0006D3D02086D3D0208353D02086D3D02083C
:103CF0006D3D02086D3D0208513D02087B681B685E
:103D0000DA687B681B6822F40072DA607B685B6AA1
:103D10001846F4F7DEF82CE07B681B68DA687B68ED
:103D20001B6822F48062DA607B689B6A1846F4F7AD
:103D3000D0F81EE07B681B68DA687B681B6822F499
:103D40000062DA607B68DB6A1846F4F7C2F810E0BC
:103D50007B681B68DA687B681B6822F48052DA6033
:103D60007B681B6B1846F4F7B4F802E00123FB7381
:103D700000BFFB7B002B61D17B681B680022396888
:103D8000184604F015F87B681B682F4A934204D04C
:103D90007B681B682D4A934201D1012300E0002378
:103DA000002B17D07B681B681A6A41F2111313406D
:103DB000002B0FD17B681B681A6A40F24443134002
:103DC000002B07D17B681B685A6C7B681B6822F448
:103DD00000425A647B681B681A6A41F2111313404F
:103DE000002B0FD17B681B681A6A40F244431340D2
:103DF000002B07D17B681B681A687B681B6822F060
:103E000001021A603B68002B04D17B68012283F811
:103E10003E2013E03B68042B04D17B68012283F829
:103E20003F200BE03B68082B04D17B68012283F81C
:103E3000402003E07B68012283F84120FB7B184689
:103E40001037BD4680BD00BF0000014000040140A6
:103E500080B582B000AF78607B68002B01D1012370
:103E600041E07B6893F83D30DBB2002B06D17B68E4
:103E7000002283F83C20786800F08DF87B680222ED
:103E800083F83D207B681A687B6804331946104626
:103E900003F0EAFA7B68012283F846207B6801225E
:103EA00083F83E207B68012283F83F207B68012253
:103EB00083F840207B68012283F841207B6801223F
:103EC00083F842207B68012283F843207B6801222B
:103ED00083F844207B68012283F845207B68012217
:103EE00083F83D20002318460837BD4680BD80B5C5
:103EF00082B000AF78607B68022283F83D207B6847
:103F00001B681A6A41F211131340002B0FD17B6812
:103F10001B681A6A40F244431340002B07D17B68A8
:103F20001B681A687B681B6822F001021A607868B7
:103F300000F03BF87B68002283F846207B68002273
:103F400083F83E207B68002283F83F207B680022B4
:103F500083F840207B68002283F841207B680022A0
:103F600083F842207B68002283F843207B6800228C
:103F700083F844207B68002283F845207B68002278
:103F800083F83D207B68002283F83C2000231846FC
:103F90000837BD4680BD80B483B000AF786000BFF5
:103FA0000C37BD465DF8047B704780B483B000AF2A
:103FB000786000BF0C37BD465DF8047B704780B564
:103FC00084B000AF786039603B68002B04D17B6817
:103FD00093F83E30DBB213E03B68042B04D17B68DE
:103FE00093F83F30DBB20BE03B68082B04D17B68D1
:103FF00093F84030DBB203E07B6893F84130DBB2EA
:10400000FB733B68002B04D17B6893F84230DBB232
:1040100013E03B68042B04D17B6893F84330DBB298
:104020000BE03B68082B04D17B6893F84430DBB28B
:1040300003E07B6893F84530DBB2BB73FB7B012B5D
:1040400002D1BB7B012B01D0012381E03B68002B17
:1040500004D17B68022283F83E2013E03B68042BE6
:1040600004D17B68022283F83F200BE03B68082BD9
:1040700004D17B68022283F8402003E07B6802229F
:1040800083F841203B68002B04D17B68022283F82F
:10409000422013E03B68042B04D17B68022283F8A2
:1040A00043200BE03B68082B04D17B68022283F895
:1040B000442003E07B68022283F845207B681B686C
:1040C00001223968184603F073FE7B681B68224A98
:1040D000934222D07B681B68B3F1804F1DD07B6870
:1040E0001B681E4A934218D07B681B681C4A934287
:1040F00013D07B681B681B4A93420ED07B681B68F9
:10410000194A934209D07B681B68184A934204D02D
:104110007B681B68164A934211D17B681B689B68B9
:1041200003F00703BB60BB68062B10D07B681B68DD
:104130001A687B681B6842F001021A6007E07B681E
:104140001B681A687B681B6842F001021A60002332
:1041500018461037BD4680BD0000014000040040F5
:1041600000080040000C00400004014000400140F5
:104170000018004080B582B000AF786039607B687D
:104180001B6800223968184603F012FE7B681B6822
:104190001A6A41F211131340002B0FD17B681B6880
:1041A0001A6A40F244431340002B07D17B681B6816
:1041B0001A687B681B6822F001021A603B68002BBA
:1041C00004D17B68012283F83E2013E03B68042B76
:1041D00004D17B68012283F83F200BE03B68082B69
:1041E00004D17B68012283F8402003E07B68012230
:1041F00083F841203B68002B04D17B68012283F8BF
:10420000422013E03B68042B04D17B68012283F831
:1042100043200BE03B68082B04D17B68012283F824
:10422000442003E07B68012283F8452000231846E0
:104230000837BD4680BD80B584B000AF7860396076
:104240000023FB733B68002B04D17B6893F83E305E
:10425000DBB213E03B68042B04D17B6893F83F305A
:10426000DBB20BE03B68082B04D17B6893F840304D
:10427000DBB203E07B6893F84130DBB2BB733B6891
:10428000002B04D17B6893F84230DBB213E03B682B
:10429000042B04D17B6893F84330DBB20BE03B681E
:1042A000082B04D17B6893F84430DBB203E07B68D1
:1042B00093F84530DBB27B73BB7B012B02D17B7B58
:1042C000012B01D00123CBE03B68002B04D17B689C
:1042D000022283F83E2013E03B68042B04D17B6864
:1042E000022283F83F200BE03B68082B04D17B6857
:1042F000022283F8402003E07B68022283F84120F9
:104300003B68002B04D17B68022283F8422013E033
:104310003B68042B04D17B68022283F843200BE026
:104320003B68082B04D17B68022283F8442003E019
:104330007B68022283F845203B680C2B40D801A201
:1043400052F823F079430208C1430208C14302082E
:10435000C14302088B430208C1430208C14302085B
:10436000C14302089D430208C1430208C143020839
:10437000C1430208AF4302087B681B68DA687B68A8
:104380001B6842F00202DA601DE07B681B68DA6895
:104390007B681B6842F00402DA6014E07B681B68EB
:1043A000DA687B681B6842F00802DA600BE07B6821
:1043B0001B68DA687B681B6842F01002DA6002E072
:1043C0000123FB7300BFFB7B002B48D17B681B687C
:1043D00001223968184603F0EBFC7B681B68224A0F
:1043E000934222D07B681B68B3F1804F1DD07B685D
:1043F0001B681E4A934218D07B681B681C4A934274
:1044000013D07B681B681B4A93420ED07B681B68E5
:10441000194A934209D07B681B68184A934204D01A
:104420007B681B68164A934211D17B681B689B68A6
:1044300003F00703BB60BB68062B10D07B681B68CA
:104440001A687B681B6842F001021A6007E07B680B
:104450001B681A687B681B6842F001021A60FB7BCC
:1044600018461037BD4680BD0000014000040040E2
:1044700000080040000C00400004014000400140E2
:104480000018004080B584B000AF78603960002328
:10449000FB733B680C2B41D801A252F823F000BFFC
:1044A000D54402081D4502081D4502081D450208A5
:1044B000E74402081D4502081D4502081D45020883
:1044C000F94402081D4502081D4502081D45020861
:1044D0000B4502087B681B68DA687B681B6822F062
:1044E0000202DA601DE07B681B68DA687B681B6883
:1044F00022F00402DA6014E07B681B68DA687B68EB
:104500001B6822F00802DA600BE07B681B68DA683F
:104510007B681B6822F01002DA6002E00123FB7363
:1045200000BFFB7B002B56D17B681B6800223968DB
:10453000184603F03DFC7B681B681A6A41F21113B0
:104540001340002B0FD17B681B681A6A40F244436A
:104550001340002B07D17B681B681A687B681B68B7
:1045600022F001021A603B68002B04D17B68012213
:1045700083F83E2013E03B68042B04D17B680122C2
:1045800083F83F200BE03B68082B04D17B680122B5
:1045900083F8402003E07B68012283F841203B68D8
:1045A000002B04D17B68012283F8422013E03B6892
:1045B000042B04D17B68012283F843200BE03B6885
:1045C000082B04D17B68012283F8442003E07B6838
:1045D000012283F84520FB7B18461037BD4680BD7D
:1045E00080B586B000AFF860B9607A607B80002348
:1045F000FB75BB68002B04D1FB6893F83E30DBB23F
:1046000013E0BB68042B04D1FB6893F83F30DBB2A6
:104610000BE0BB68082B04D1FB6893F84030DBB299
:1046200003E0FB6893F84130DBB2BB75BB68002B3D
:1046300004D1FB6893F84230DBB213E0BB68042B73
:1046400004D1FB6893F84330DBB20BE0BB68082B66
:1046500004D1FB6893F84430DBB203E0FB6893F8C5
:104660004530DBB27B75BB7D022B02D07B7D022BFC
:1046700001D1022346E1BB7D012B43D17B7D012B80
:1046800040D17B68002B04D17B88002B01D0012313
:1046900038E1BB68002B04D1FB68022283F83E207E
:1046A00013E0BB68042B04D1FB68022283F83F208F
:1046B0000BE0BB68082B04D1FB68022283F8402082
:1046C00003E0FB68022283F84120BB68002B04D181
:1046D000FB68022283F8422016E0BB68042B04D159
:1046E000FB68022283F843200EE0BB68082B04D14C
:1046F000FB68022283F8442006E0FB68022283F86C
:10470000452001E00123FDE0FB681B680122B96838
:10471000184603F04DFBBB680C2B00F2AD8001A2E4
:1047200052F823F0594702087948020879480208EC
:1047300079480208A1470208794802087948020826
:1047400079480208E94702087948020879480208CE
:104750007948020831480208FB685B6A6B4ADA63F1
:10476000FB685B6A6A4A1A64FB685B6A694ADA64D6
:10477000FB68586AFB681B68343319467A687B8883
:10478000F3F7DFFA0346002B01D00123BAE0FB6800
:104790001B68DA68FB681B6842F40072DA606EE03E
:1047A000FB689B6A594ADA63FB689B6A584A1A6439
:1047B000FB689B6A574ADA64FB68986AFB681B6867
:1047C000383319467A687B88F3F7BBFA0346002B27
:1047D00001D0012396E0FB681B68DA68FB681B6860
:1047E00042F48062DA604AE0FB68DB6A474ADA63D7
:1047F000FB68DB6A464A1A64FB68DB6A454ADA648E
:10480000FB68D86AFB681B683C3319467A687B886A
:10481000F3F797FA0346002B01D0012372E0FB68FF
:104820001B68DA68FB681B6842F40062DA6026E005
:10483000FB681B6B354ADA63FB681B6B344A1A64EE
:10484000FB681B6B334ADA64FB68186BFB681B68F8
:10485000403319467A687B88F3F773FA0346002BD6
:1048600001D001234EE0FB681B68DA68FB681B6817
:1048700042F48052DA6002E00123FB7500BFFB685E
:104880001B68254A934222D0FB681B68B3F1804F16
:104890001DD0FB681B68214A934218D0FB681B6837
:1048A0001F4A934213D0FB681B681E4A93420ED0E6
:1048B000FB681B681C4A934209D0FB681B681B4AB3
:1048C000934204D0FB681B68194A934211D1FB68DC
:1048D0001B689B6803F007033B613B69062B10D004
:1048E000FB681B681A68FB681B6842F001021A60CB
:1048F00007E0FB681B681A68FB681B6842F001024E
:104900001A60FB7D18461837BD4680BDA5720208A7
:104910006D730208037102080000014000040040AA
:1049200000080040000C004000040140004001402D
:104930000018004080B584B000AF78603960002373
:10494000FB737B681B6800223968184603F030FA55
:104950003B680C2B54D801A252F823F0914902086D
:10496000014A0208014A0208014A0208AD49020848
:10497000014A0208014A0208014A0208C94902081C
:10498000014A0208014A0208014A0208E5490208F0
:104990007B681B68DA687B681B6822F40072DA6047
:1049A0007B685B6A1846F3F794FA2CE07B681B6817
:1049B000DA687B681B6822F48062DA607B689B6A35
:1049C0001846F3F786FA1EE07B681B68DA687B6896
:1049D0001B6822F40062DA607B68DB6A1846F3F732
:1049E00078FA10E07B681B68DA687B681B6822F441
:1049F0008052DA607B681B6B1846F3F76AFA02E0B4
:104A00000123FB7300BFFB7B002B4FD17B681B682E
:104A10001A6A41F211131340002B0FD17B681B68F7
:104A20001A6A40F244431340002B07D17B681B688D
:104A30001A687B681B6822F001021A603B68002B31
:104A400004D17B68012283F83E2013E03B68042BED
:104A500004D17B68012283F83F200BE03B68082BE0
:104A600004D17B68012283F8402003E07B680122A7
:104A700083F841203B68002B04D17B68012283F836
:104A8000422013E03B68042B04D17B68012283F8A9
:104A900043200BE03B68082B04D17B68012283F89C
:104AA000442003E07B68012283F84520FB7B184605
:104AB0001037BD4680BD80B582B000AF78603960E8
:104AC0007B68002B01D1012341E07B6893F83D30E6
:104AD000DBB2002B06D17B68002283F83C2078688B
:104AE00000F07DF87B68022283F83D207B681A681D
:104AF0007B6804331946104602F0B6FC7B681B68DD
:104B00001A687B681B6822F008021A607B681B68C1
:104B100019687B681B683A680A431A607B6801223F
:104B200083F846207B68012283F83E207B680122BF
:104B300083F83F207B68012283F842207B680122B2
:104B400083F843207B68012283F83D200023184628
:104B50000837BD4680BD80B582B000AF78607B6805
:104B6000022283F83D207B681B681A6A41F2111308
:104B70001340002B0FD17B681B681A6A40F2444334
:104B80001340002B07D17B681B681A687B681B6881
:104B900022F001021A60786800F02BF87B6800228E
:104BA00083F846207B68002283F83E207B68002241
:104BB00083F83F207B68002283F842207B68002234
:104BC00083F843207B68002283F83D207B68002225
:104BD00083F83C20002318460837BD4680BD80B4CA
:104BE00083B000AF786000BF0C37BD465DF8047B32
:104BF000704780B483B000AF786000BF0C37BD460B
:104C00005DF8047B704780B584B000AF7860396090
:104C10007B6893F83E30FB737B6893F83F30BB733F
:104C20007B6893F842307B737B6893F843303B7327
:104C3000FB7B012B08D1BB7B012B05D17B7B012B9F
:104C400002D13B7B012B01D0012335E07B6802229E
:104C500083F83E207B68022283F83F207B68022293
:104C600083F842207B68022283F843207B681B681C
:104C700001220021184603F09BF87B681B68012283
:104C80000421184603F094F87B681B680C4A934291
:104C900004D07B681B680B4A934201D1012300E0DA
:104CA0000023002B07D07B681B685A6C7B681B684D
:104CB00042F400425A64002318461037BD4680BDB6
:104CC000000001400004014080B582B000AF786070
:104CD00039607B681B6800220021184603F068F8E1
:104CE0007B681B6800220421184603F061F87B688A
:104CF0001B68294A934204D07B681B68274A934269
:104D000001D1012300E00023002B17D07B681B6832
:104D10001A6A41F211131340002B0FD17B681B68F4
:104D20001A6A40F244431340002B07D17B681B688A
:104D30005A6C7B681B6822F400425A647B681B68CB
:104D40001A6A41F211131340002B0FD17B681B68C4
:104D50001A6A40F244431340002B07D17B681B685A
:104D60001A687B681B6822F001021A607B680122C6
:104D700083F83E207B68012283F83F207B68012274
:104D800083F842207B68012283F8432000231846E1
:104D90000837BD4680BD00BF00000140000401404F
:104DA00080B584B000AF786039607B6893F83E309E
:104DB000FB737B6893F83F30BB737B6893F842309A
:104DC0007B737B6893F843303B73FB7B012B08D1EB
:104DD000BB7B012B05D17B7B012B02D13B7B012BC4
:104DE00001D0012345E07B68022283F83E207B68E6
:104DF000022283F83F207B68022283F842207B68EE
:104E0000022283F843207B681B68DA687B681B6892
:104E100042F00202DA607B681B68DA687B681B6814
:104E200042F00402DA607B681B6801220021184608
:104E300002F0BEFF7B681B6801220421184602F0C5
:104E4000B7FF7B681B680D4A934204D07B681B68E0
:104E50000B4A934201D1012300E00023002B07D02D
:104E60007B681B685A6C7B681B6842F400425A647A
:104E7000002318461037BD4680BD00BF000001402A
:104E80000004014080B582B000AF786039607B6873
:104E90001B68DA687B681B6822F00202DA607B68B4
:104EA0001B68DA687B681B6822F00402DA607B68A2
:104EB0001B6800220021184602F07AFF7B681B68FD
:104EC00000220421184602F073FF7B681B68294A00
:104ED000934204D07B681B68274A934201D1012387
:104EE00000E00023002B17D07B681B681A6A41F290
:104EF00011131340002B0FD17B681B681A6A40F214
:104F000044431340002B07D17B681B685A6C7B68B5
:104F10001B6822F400425A647B681B681A6A41F2DB
:104F200011131340002B0FD17B681B681A6A40F2E3
:104F300044431340002B07D17B681B681A687B68C9
:104F40001B6822F001021A607B68012283F83E2070
:104F50007B68012283F83F207B68012283F842208E
:104F60007B68012283F84320002318460837BD469A
:104F700080BD00BF000001400004014080B586B044
:104F800000AF786039607B68002B01D1012397E086
:104F90007B6893F83D30DBB2002B06D17B680022A2
:104FA00083F83C20786800F0D3F87B68022283F80D
:104FB0003D207B681B689B687A68126823F48043F5
:104FC00023F0070393607B681A687B6804331946F3
:104FD000104602F049FA7B681B689B687B617B681E
:104FE0001B689B693B617B681B681B6AFB603B68B5
:104FF0001B687A6913437B613B6923F4407323F098
:1050000003033B613B689A683B689B691B0213433F
:105010003A6913433B613B6923F4406323F00C037B
:105020003B613B6923F4704323F0F0033B613B6831
:10503000DA683B68DB691B0213433A6913433B613F
:105040003B681B691A013B681B6A1B0313433A69DF
:1050500013433B61FB6823F02203FB60FB6823F0F2
:105060008803FB603B685A683B685B691B0113431C
:10507000FA681343FB607B681B687A699A607B68F7
:105080001B683A699A617B681B68FA681A627B68D8
:10509000012283F846207B68012283F83E207B684A
:1050A000012283F83F207B68012283F842207B683D
:1050B000012283F843207B68012283F83D200023EE
:1050C00018461837BD4680BD80B582B000AF786005
:1050D0007B68022283F83D207B681B681A6A41F2D4
:1050E00011131340002B0FD17B681B681A6A40F222
:1050F00044431340002B07D17B681B681A687B6808
:105100001B6822F001021A60786800F02BF87B68B7
:10511000002283F846207B68002283F83E207B68CB
:10512000002283F83F207B68002283F842207B68BE
:10513000002283F843207B68002283F83D207B68AF
:10514000002283F83C20002318460837BD4680BD66
:1051500080B483B000AF786000BF0C37BD465DF807
:10516000047B704780B483B000AF786000BF0C3719
:10517000BD465DF8047B704780B584B000AF7860B1
:1051800039607B6893F83E30FB737B6893F83F305F
:10519000BB737B6893F842307B737B6893F8433032
:1051A0003B733B68002B10D1FB7B012B02D17B7B37
:1051B000012B01D0012369E07B68022283F83E20A5
:1051C0007B68022283F8422031E03B68042B10D137
:1051D000BB7B012B02D13B7B012B01D0012355E08E
:1051E0007B68022283F83F207B68022283F84320F9
:1051F0001DE0FB7B012B08D1BB7B012B05D17B7B09
:10520000012B02D13B7B012B01D001233EE07B68C7
:10521000022283F83E207B68022283F83F207B68CD
:10522000022283F842207B68022283F843203B68F5
:10523000002B03D03B68042B08D00FE07B681B6871
:1052400001220021184602F0B3FD16E07B681B68BE
:1052500001220421184602F0ABFD0EE07B681B68BA
:1052600001220021184602F0A3FD7B681B68012281
:105270000421184602F09CFD00BF7B681B681A6879
:105280007B681B6842F001021A6000231846103741
:10529000BD4680BD80B582B000AF786039603B68A4
:1052A000002B03D03B68042B08D00FE07B681B6801
:1052B00000220021184602F07BFD16E07B681B6887
:1052C00000220421184602F073FD0EE07B681B6883
:1052D00000220021184602F06BFD7B681B6800224B
:1052E0000421184602F064FD00BF7B681B681A6A3F
:1052F00041F211131340002B0FD17B681B681A6A0F
:1053000040F244431340002B07D17B681B681A68A6
:105310007B681B6822F001021A603B68002B02D0F8
:105320003B68042B38D13B68002B04D17B680122F9
:1053300083F83E2013E03B68042B04D17B680122F4
:1053400083F83F200BE03B68082B04D17B680122E7
:1053500083F8402003E07B68012283F841203B680A
:10536000002B04D17B68012283F8422024E03B68B3
:10537000042B04D17B68012283F843201CE03B68A6
:10538000082B04D17B68012283F8442014E07B6859
:10539000012283F845200FE07B68012283F83E203C
:1053A0007B68012283F83F207B68012283F842203A
:1053B0007B68012283F84320002318460837BD4646
:1053C00080BD80B584B000AF786039607B6893F8A9
:1053D0003E30FB737B6893F83F30BB737B6893F878
:1053E00042307B737B6893F843303B733B68002B00
:1053F00010D1FB7B012B02D17B7B012B01D0012340
:1054000089E07B68022283F83E207B68022283F8D1
:10541000422031E03B68042B10D1BB7B012B02D131
:105420003B7B012B01D0012375E07B68022283F8CE
:105430003F207B68022283F843201DE0FB7B012B89
:1054400008D1BB7B012B05D17B7B012B02D13B7BA0
:10545000012B01D001235EE07B68022283F83E200D
:105460007B68022283F83F207B68022283F8422077
:105470007B68022283F843203B68002B03D03B6803
:10548000042B10D01FE07B681B6801220021184606
:1054900002F08EFC7B681B68DA687B681B6842F050
:1054A0000202DA602EE07B681B68012204211846A4
:1054B00002F07EFC7B681B68DA687B681B6842F040
:1054C0000402DA601EE07B681B6801220021184696
:1054D00002F06EFC7B681B6801220421184602F072
:1054E00067FC7B681B68DA687B681B6842F0020215
:1054F000DA607B681B68DA687B681B6842F004022C
:10550000DA6000BF7B681B681A687B681B6842F022
:1055100001021A60002318461037BD4680BD80B5D1
:1055200082B000AF786039603B68002B0FD17B6898
:105530001B6800220021184602F03AFC7B681B68B9
:10554000DA687B681B6822F00202DA6030E03B68B0
:10555000042B0FD17B681B6800220421184602F03F
:1055600027FC7B681B68DA687B681B6822F00402F2
:10557000DA601DE07B681B6800220021184602F0FB
:1055800017FC7B681B6800220421184602F010FCFF
:105590007B681B68DA687B681B6822F00202DA60AD
:1055A0007B681B68DA687B681B6822F00402DA609B
:1055B0007B681B681A6A41F211131340002B0FD14C
:1055C0007B681B681A6A40F244431340002B07D1E2
:1055D0007B681B681A687B681B6822F001021A60EE
:1055E0003B68002B02D03B68042B38D13B68002B72
:1055F00004D17B68012283F83E2013E03B68042B32
:1056000004D17B68012283F83F200BE03B68082B24
:1056100004D17B68012283F8402003E07B680122EB
:1056200083F841203B68002B04D17B68012283F87A
:10563000422024E03B68042B04D17B68012283F8DC
:1056400043201CE03B68082B04D17B68012283F8CF
:10565000442014E07B68012283F845200FE07B683A
:10566000012283F83E207B68012283F83F207B687B
:10567000012283F842207B68012283F84320002323
:1056800018460837BD4680BD80B586B000AFF860CB
:10569000B9607A603B60FB6893F83E30FB75FB684D
:1056A00093F83F30BB75FB6893F842307B75FB681D
:1056B00093F843303B75BB68002B20D1FB7D022B58
:1056C00002D07B7D022B01D102233FE1FB7D012B28
:1056D00013D17B7D012B10D17B68002B04D13B8C37
:1056E000002B01D0012331E1FB68022283F83E2028
:1056F000FB68022283F842205DE0012326E1BB68BB
:10570000042B20D1BB7D022B02D03B7D022B01D18B
:1057100002231BE1BB7D012B13D13B7D012B10D15B
:105720003B68002B04D13B8C002B01D001230DE101
:10573000FB68022283F83F20FB68022283F84320A3
:1057400039E0012302E1FB7D022B08D0BB7D022B57
:1057500005D07B7D022B02D03B7D022B01D10223A1
:10576000F4E0FB7D012B24D1BB7D012B21D17B7D7E
:10577000012B1ED13B7D012B1BD17B68002B02D05E
:105780003B68002B04D13B8C002B01D00123DDE0D2
:10579000FB68022283F83E20FB68022283F83F2048
:1057A000FB68022283F84220FB68022283F8432030
:1057B00001E00123CAE0BB68002B03D0BB68042BC7
:1057C00033D065E0FB685B6A624ADA63FB685B6A58
:1057D000614A1A64FB685B6A604ADA64FB68586A6B
:1057E000FB681B68343319467A683B8CF2F7A9FAD8
:1057F0000346002B01D00123A8E0FB681B68DA6890
:10580000FB681B6842F40072DA60FB681B680122C7
:105810000021184602F0CCFAFB681B681A68FB6886
:105820001B6842F001021A608FE0FB689B6A494ADC
:10583000DA63FB689B6A484A1A64FB689B6A474ABA
:10584000DA64FB68986AFB681B68383319463A6863
:105850003B8CF2F776FA0346002B01D0012375E06A
:10586000FB681B68DA68FB681B6842F48062DA60D8
:10587000FB681B6801220421184602F099FAFB68B4
:105880001B681A68FB681B6842F001021A605CE042
:10589000FB685B6A2F4ADA63FB685B6A2E4A1A640C
:1058A000FB685B6A2D4ADA64FB68586AFB681B6810
:1058B000343319467A683B8CF2F743FA0346002BDF
:1058C00001D0012342E0FB689B6A224ADA63FB684D
:1058D0009B6A214A1A64FB689B6A204ADA64FB6867
:1058E000986AFB681B68383319463A683B8CF2F7B4
:1058F00028FA0346002B01D0012327E0FB681B6830
:10590000DA68FB681B6842F40072DA60FB681B68A7
:10591000DA68FB681B6842F48062DA60FB681B6827
:1059200001220021184602F043FAFB681B6801229D
:105930000421184602F03CFAFB681B681A68FB68F1
:105940001B6842F001021A6000BF00231846183796
:10595000BD4680BDA57202086D730208037102087E
:1059600080B582B000AF786039603B68002B14D1FD
:105970007B681B6800220021184602F019FA7B6838
:105980001B68DA687B681B6822F40072DA607B6847
:105990005B6A1846F2F79DFA3FE03B68042B14D18E
:1059A0007B681B6800220421184602F001FA7B681C
:1059B0001B68DA687B681B6822F48062DA607B68A7
:1059C0009B6A1846F2F785FA27E07B681B6800227D
:1059D0000021184602F0ECF97B681B6800220421C4
:1059E000184602F0E5F97B681B68DA687B681B687B
:1059F00022F40072DA607B681B68DA687B681B68D7
:105A000022F48062DA607B685B6A1846F2F761FA1A
:105A10007B689B6A1846F2F75CFA7B681B681A6A17
:105A200041F211131340002B0FD17B681B681A6AD7
:105A300040F244431340002B07D17B681B681A686F
:105A40007B681B6822F001021A603B68002B02D0C1
:105A50003B68042B38D13B68002B04D17B680122C2
:105A600083F83E2013E03B68042B04D17B680122BD
:105A700083F83F200BE03B68082B04D17B680122B0
:105A800083F8402003E07B68012283F841203B68D3
:105A9000002B04D17B68012283F8422024E03B687C
:105AA000042B04D17B68012283F843201CE03B686F
:105AB000082B04D17B68012283F8442014E07B6822
:105AC000012283F845200FE07B68012283F83E2005
:105AD0007B68012283F83F207B68012283F8422003
:105AE0007B68012283F84320002318460837BD460F
:105AF00080BD80B582B000AF78607B681B681B6991
:105B000003F00203022B22D17B681B68DB6803F0E1
:105B10000203022B1BD17B681B686FF002021A6123
:105B20007B6801221A777B681B689B6903F003037B
:105B3000002B03D0786801F007FA05E0786801F0DF
:105B4000F9F9786801F014FA7B6800221A777B680B
:105B50001B681B6903F00403042B22D17B681B68BC
:105B6000DB6803F00403042B1BD17B681B686FF018
:105B700004021A617B6802221A777B681B689B69A2
:105B800003F44073002B03D0786801F0DDF905E0E1
:105B9000786801F0CFF9786801F0EAF97B680022B3
:105BA0001A777B681B681B6903F00803082B22D156
:105BB0007B681B68DB6803F00803082B1BD17B683C
:105BC0001B686FF008021A617B6804221A777B68F1
:105BD0001B68DB6903F00303002B03D0786801F036
:105BE000B3F905E0786801F0A5F9786801F0C0F92B
:105BF0007B6800221A777B681B681B6903F010031F
:105C0000102B22D17B681B68DB6803F01003102B7C
:105C10001BD17B681B686FF010021A617B68082239
:105C20001A777B681B68DB6903F44073002B03D091
:105C3000786801F089F905E0786801F07BF9786807
:105C400001F096F97B6800221A777B681B681B6954
:105C500003F00103012B0ED17B681B68DB6803F0A6
:105C60000103012B07D17B681B686FF001021A61E9
:105C7000786801F04BF97B681B681B6903F08003AF
:105C8000802B0ED17B681B68DB6803F08003802BC0
:105C900007D17B681B686FF080021A617868EFF7A4
:105CA000AAFD7B681B681B6903F04003402B0ED1E3
:105CB0007B681B68DB6803F04003402B07D17B68DF
:105CC0001B686FF040021A61786801F065F97B6823
:105CD0001B681B6903F02003202B0ED17B681B6817
:105CE000DB6803F02003202B07D17B681B686FF073
:105CF00020021A617868EFF76AFD00BF0837BD46D9
:105D000080BD80B586B000AFF860B9607A600023CE
:105D1000FB75FB6893F83C30012B01D1022347E06F
:105D2000FB68012283F83C207B680C2B38D801A249
:105D300052F823F0695D0208A15D0208A15D020826
:105D4000A15D0208775D0208A15D0208A15D02085D
:105D5000A15D0208855D0208A15D0208A15D02083F
:105D6000A15D0208935D0208FB681B68B9681846CC
:105D700001F01AFC17E0FB681B68B968184601F0CF
:105D800083FC10E0FB681B68B968184601F0F2FC60
:105D900009E0FB681B68B968184601F05FFD02E086
:105DA0000123FB7500BFFB68002283F83C20FB7DCC
:105DB00018461837BD4680BD80B586B000AFF86084
:105DC000B9607A600023FB75FB6893F83C30012BC7
:105DD00001D1022388E0FB68012283F83C207B6824
:105DE000002B1BD1FB681868BB681968BB685A6830
:105DF000BB68DB6801F019FEFB681B689A69FB68E9
:105E00001B6822F00C029A61FB681B689969BB68E9
:105E10009A68FB681B680A439A6160E07B68042B00
:105E20001CD1FB681868BB681968BB685A68BB68F6
:105E3000DB6801F09CFEFB681B689A69FB681B68C5
:105E400022F440629A61FB681B689969BB689B6891
:105E50001A02FB681B680A439A6140E07B68082BC2
:105E60001BD1FB681868BB681968BB685A68BB68B7
:105E7000DB6801F0E9FEFB681B68DA69FB681B68F8
:105E800022F00C02DA61FB681B68D969BB689A686A
:105E9000FB681B680A43DA6121E07B680C2B1CD18C
:105EA000FB681868BB681968BB685A68BB68DB6820
:105EB00001F006FFFB681B68DA69FB681B6822F4C7
:105EC0004062DA61FB681B68D969BB689B681A028B
:105ED000FB681B680A43DA6101E00123FB75FB687C
:105EE000002283F83C20FB7D18461837BD4680BD54
:105EF00080B586B000AFF860B9607A600023FB75AA
:105F0000FB6893F83C30012B01D10223AEE0FB6823
:105F1000012283F83C207B680C2B00F29F8001A2B9
:105F200052F823F0595F02085D6002085D600208C4
:105F30005D600208995F02085D6002085D6002080A
:105F40005D600208DB5F02085D6002085D600208B8
:105F50005D6002081B600208FB681B68B968184690
:105F600001F022FBFB681B689A69FB681B6842F022
:105F700008029A61FB681B689A69FB681B6822F03B
:105F800004029A61FB681B689969BB681A69FB681F
:105F90001B680A439A6164E0FB681B68B96818468D
:105FA00001F072FBFB681B689A69FB681B6842F48E
:105FB00000629A61FB681B689A69FB681B6822F49F
:105FC00080629A61FB681B689969BB681B691A0249
:105FD000FB681B680A439A6143E0FB681B68B96869
:105FE000184601F0C7FBFB681B68DA69FB681B6891
:105FF00042F00802DA61FB681B68DA69FB681B681B
:1060000022F00402DA61FB681B68D969BB681A696F
:10601000FB681B680A43DA6123E0FB681B68B96808
:10602000184601F01BFCFB681B68DA69FB681B68FB
:1060300042F40062DA61FB681B68DA69FB681B687E
:1060400022F48062DA61FB681B68D969BB681B694E
:106050001A02FB681B680A43DA6102E00123FB7540
:1060600000BFFB68002283F83C20FB7D18461837F0
:10607000BD4680BD80B58CB000AFF860B9607A6075
:106080003B60002387F82F307A683B689A4200F023
:10609000BF80FB6893F83C30012B01D10223B8E0AC
:1060A000FB68012283F83C20FB68022283F83D2034
:1060B000BB681B683B61BB685B687B61BB689B68B6
:1060C000BB61BB68DB68FB61BB681B697B62BB684B
:1060D0005B69BB627B68002B03D07B68042B09D013
:1060E00011E0FB681B6807F110021146184601F029
:1060F0005BFA0CE0FB681B6807F1100211461846BA
:1061000001F0C2FA03E0012387F82F3000BF97F8AF
:106110002F30002B70D13B68002B03D03B68042B41
:1061200033D065E0FB681868BB689969BB68DA69B9
:10613000BB681B6A01F079FCFB681B689A69FB6805
:106140001B6822F00C029A61FB681B689A68FB6866
:106150001B6822F070029A60FB681B689A68FB68F3
:106160001B6842F050029A60FB681B689A68FB68E3
:106170001B6822F007029A60FB681B689A68FB683C
:106180001B6842F006029A6037E0FB681868BB683B
:106190009969BB68DA69BB681B6A01F0E8FCFB68B7
:1061A0001B689A69FB681B6822F440629A61FB686D
:1061B0001B689A68FB681B6822F070029A60FB6893
:1061C0001B689A68FB681B6842F060029A60FB6873
:1061D0001B689A68FB681B6822F007029A60FB68DC
:1061E0001B689A68FB681B6842F006029A6004E02C
:1061F000012387F82F3000E000BFFB68012283F8FD
:106200003D20FB68002283F83C2097F82F3000E007
:10621000012318463037BD4680BD80B588B002AF37
:10622000F860B9607A603B600023FB75FB7D002B52
:106230000DD13B6A1B0A013301933B6A00933B6813
:106240007A68B968F86800F007F80346FB75FB7DCB
:1062500018461837BD4680BD80B586B000AFF860DF
:10626000B9607A603B600023FB75FB6893F84630A9
:10627000DBB2022B01D102232BE1FB6893F84630FD
:10628000DBB2012B0BD13B68002B04D13B6A002B06
:1062900001D001231DE1FB68022283F846207B68C0
:1062A000B3F5804F00F0D8807B68B3F5804F00F2E3
:1062B000EE807B68B3F5005F00F0B3807B68B3F5D8
:1062C000005F00F2E4807B68B3F5805F00F08E80B1
:1062D0007B68B3F5805F00F2DA807B68B3F5006F0E
:1062E00069D07B68B3F5006F00F2D1807B68B3F5AD
:1062F000806F45D07B68B3F5806F00F2C8807B6803
:10630000B3F5807F04D07B68B3F5007F1CD0BEE07E
:10631000FB681B6A714ADA63FB681B6A704A1A647D
:10632000FB681B6A6F4ADA64FB68186A3968FB68A5
:106330001B684C331A467B6AF1F703FD0346002BBA
:1063400000F0A8800123C4E0FB685B6A664ADA6358
:10635000FB685B6A654A1A64FB685B6A614ADA64D7
:10636000FB68586A3968FB681B684C331A467B6ABD
:10637000F1F7E7FC0346002B00F08E800123A8E034
:10638000FB689B6A584ADA63FB689B6A574A1A643F
:10639000FB689B6A534ADA64FB68986A3968FB6851
:1063A0001B684C331A467B6AF1F7CBFC0346002B83
:1063B00074D001238DE0FB68DB6A4B4ADA63FB682B
:1063C000DB6A4A4A1A64FB68DB6A464ADA64FB689D
:1063D000D86A3968FB681B684C331A467B6AF1F748
:1063E000B0FC0346002B5BD0012372E0FB681B6B03
:1063F0003D4ADA63FB681B6B3C4A1A64FB681B6B03
:10640000384ADA64FB68186B3968FB681B684C33E0
:106410001A467B6AF1F795FC0346002B42D0012314
:1064200057E0FB685B6B324ADA63FB685B6B314AAF
:106430001A64FB685B6B2B4ADA64FB68586B39683B
:10644000FB681B684C331A467B6AF1F77AFC0346FB
:10645000002B29D001233CE0FB689B6B264ADA63C2
:10646000FB689B6B254A1A64FB689B6B1D4ADA64C8
:10647000FB68986B3968FB681B684C331A467B6A6B
:10648000F1F75FFC0346002B10D0012321E001232C
:10649000FB750CE000BF0AE000BF08E000BF06E0AB
:1064A00000BF04E000BF02E000BF00E000BFFB7DD2
:1064B000002B0DD1FB681B68B9683A6A0A439A64DD
:1064C000FB681B68D968FB681B687A680A43DA6056
:1064D000FB7D18461837BD4680BD00BFD573020846
:1064E0000374020803710208957102083D720208E4
:1064F000795801089D5801081F7402084D7402085C
:1065000080B584B000AF786039600023FB733B68CE
:10651000B3F5804F50D03B68B3F5804F52D83B68FD
:10652000B3F5005F42D03B68B3F5005F4AD83B68E3
:10653000B3F5805F34D03B68B3F5805F42D83B68E9
:10654000B3F5006F26D03B68B3F5006F3AD83B68CF
:10655000B3F5806F18D03B68B3F5806F32D83B68D5
:10656000B3F5807F04D03B68B3F5007F06D029E007
:106570007B681B6A1846F1F7ACFC26E07B685B6A17
:106580001846F1F7A6FC20E07B689B6A1846F1F7F5
:10659000A0FC1AE07B68DB6A1846F1F79AFC14E06D
:1065A0007B681B6B1846F1F794FC0EE07B685B6B15
:1065B0001846F1F78EFC08E07B689B6B1846F1F7F4
:1065C00088FC02E00123FB7300BFFB7B002B0CD196
:1065D0007B681B68D9683B68DA437B681B680A40A4
:1065E000DA607B68012283F84620FB7B184610376F
:1065F000BD4680BD80B588B002AFF860B9607A60F2
:106600003B600023FB75FB7D002B0DD13B6A1B0A11
:10661000013301933B6A00933B687A68B968F86874
:1066200000F007F80346FB75FB7D18461837BD469A
:1066300080BD80B586B000AFF860B9607A603B601D
:106640000023FB75FB6893F84630DBB2022B01D1C7
:1066500002232BE1FB6893F84630DBB2012B0BD110
:106660003B68002B04D13B6A002B01D001231DE1C4
:10667000FB68022283F846207B68B3F5804F00F068
:10668000D8807B68B3F5804F00F2EE807B68B3F56D
:10669000005F00F0B3807B68B3F5005F00F2E48038
:1066A0007B68B3F5805F00F08E807B68B3F5805F18
:1066B00000F2DA807B68B3F5006F69D07B68B3F5D0
:1066C000006F00F2D1807B68B3F5806F45D07B68A6
:1066D000B3F5806F00F2C8807B68B3F5807F04D08B
:1066E0007B68B3F5007F1CD0BEE0FB681B6A714A73
:1066F000DA63FB681B6A704A1A64FB681B6A6F4A9C
:10670000DA64FB68186AFB681B684C3319463A6800
:106710007B6AF1F716FB0346002B00F0A8800123EB
:10672000C4E0FB685B6A664ADA63FB685B6A654AD9
:106730001A64FB685B6A614ADA64FB68586AFB6842
:106740001B684C3319463A687B6AF1F7FAFA03463C
:10675000002B00F08E800123A8E0FB689B6A584A5A
:10676000DA63FB689B6A574A1A64FB689B6A534A60
:10677000DA64FB68986AFB681B684C3319463A6810
:106780007B6AF1F7DEFA0346002B74D001238DE01B
:10679000FB68DB6A4A4ADA63FB68DB6A494A1A64C7
:1067A000FB68DB6A454ADA64FB68D86AFB681B68E9
:1067B0004C3319463A687B6AF1F7C3FA0346002B5B
:1067C0005BD0012372E0FB681B6B3D4ADA63FB6818
:1067D0001B6B3C4A1A64FB681B6B384ADA64FB6823
:1067E000186BFB681B684C3319463A687B6AF1F7F3
:1067F000A8FA0346002B42D0012357E0FB685B6BED
:10680000314ADA63FB685B6B304A1A64FB685B6B86
:106810002A4ADA64FB68586BFB681B684C331946DC
:106820003A687B6AF1F78DFA0346002B29D00123E1
:106830003CE0FB689B6B264ADA63FB689B6B254A4E
:106840001A64FB689B6B1D4ADA64FB68986BFB68F3
:106850001B684C3319463A687B6AF1F772FA0346B3
:10686000002B10D0012321E00123FB750CE000BFB9
:106870000AE000BF08E000BF06E000BF04E000BF80
:1068800002E000BF00E000BFFB7D002B0DD1FB68E4
:106890001B68B9683A6A0A439A64FB681B68D9683E
:1068A000FB681B687A680A43DA60FB7D1846183774
:1068B000BD4680BDD5730208037402080371020847
:1068C000A57202086D730208795801089D580108E5
:1068D0001F7402084D74020880B584B000AF786060
:1068E00039600023FB733B68B3F5804F50D03B68A1
:1068F000B3F5804F52D83B68B3F5005F42D03B6898
:10690000B3F5005F4AD83B68B3F5805F34D03B688D
:10691000B3F5805F42D83B68B3F5006F26D03B6883
:10692000B3F5006F3AD83B68B3F5806F18D03B6879
:10693000B3F5806F32D83B68B3F5807F04D03B68F5
:10694000B3F5007F06D029E07B681B6A1846F1F793
:10695000C0FA26E07B685B6A1846F1F7BAFA20E0D5
:106960007B689B6A1846F1F7B4FA1AE07B68DB6A29
:106970001846F1F7AEFA14E07B681B6B1846F1F786
:10698000A8FA0EE07B685B6B1846F1F7A2FA08E004
:106990007B689B6B1846F1F79CFA02E00123FB73BE
:1069A00000BFFB7B002B0CD17B681B68D9683B6860
:1069B000DA437B681B680A40DA607B68012283F84F
:1069C0004620FB7B18461037BD4680BD80B483B09F
:1069D00000AF786039607B6893F83C30012B01D1BF
:1069E000022314E07B68012283F83C207B680222AA
:1069F00083F83D207B681B683A685A617B680122F6
:106A000083F83D207B68002283F83C200023184651
:106A10000C37BD465DF8047B704780B586B000AF8B
:106A2000F860B9607A600023FB75FB6893F83C302E
:106A3000012B01D10223BBE0FB68012283F83C203B
:106A4000FB68022283F83D20BB685B68002B02D004
:106A5000012B09D021E0FB681B689A68FB681B6862
:106A600022F47F429A601BE0BB68DB68002B09D0F0
:106A7000FB68012283F83D20FB68002283F83C205C
:106A8000012395E0FB681868BB68D968BB689A6801
:106A9000BB681B6901F06CF902E00123FB7500BFC4
:106AA000FB7D002B78D17B680C2B77D801A252F8A4
:106AB00023F000BFE96A02089D6B02089D6B020883
:106AC0009D6B0208156B02089D6B02089D6B020806
:106AD0009D6B0208416B02089D6B02089D6B0208CA
:106AE0009D6B02086D6B0208BB681B68002B08D009
:106AF000FB681B689A69FB681B6842F080029A6118
:106B00004DE0FB681B689A69FB681B6822F08002F5
:106B10009A6144E0BB681B68002B08D0FB681B68C7
:106B20009A69FB681B6842F400429A6137E0FB688F
:106B30001B689A69FB681B6822F400429A612EE088
:106B4000BB681B68002B08D0FB681B68DA69FB6810
:106B50001B6842F08002DA6121E0FB681B68DA6999
:106B6000FB681B6822F08002DA6118E0BB681B68D2
:106B7000002B08D0FB681B68DA69FB681B6842F4CD
:106B80000042DA610BE0FB681B68DA69FB681B688E
:106B900022F40042DA6102E000BF00E000BFFB68BF
:106BA000012283F83D20FB68002283F83C20FB7D16
:106BB00018461837BD4680BD80B584B000AF7860F8
:106BC00039600023FB737B6893F83C30012B01D1C3
:106BD0000223B4E07B68012283F83C207B68022218
:106BE00083F83D207B681B689B68BB60BB6823F013
:106BF0007703BB60BB6823F47F43BB607B681B6883
:106C0000BA689A603B681B68B3F5005F3ED0B3F585
:106C1000005F00F28780B3F5805F00F08680B3F5F7
:106C2000805F7FD8702B1AD0702B7BD8602B50D010
:106C3000602B77D8502B3CD0502B73D8402B58D09A
:106C4000402B6FD8302B64D0302B6BD8202B60D0EA
:106C5000202B67D8002B5CD0102B5AD062E07B68C9
:106C600018683B6899683B685A683B68DB6801F0C4
:106C70007FF87B681B689B68BB60BB6843F0770349
:106C8000BB607B681B68BA689A604FE07B681868D5
:106C90003B6899683B685A683B68DB6801F068F8B4
:106CA0007B681B689A687B681B6842F480429A6024
:106CB0003CE07B6818683B6859683B68DB681A46AB
:106CC00000F026FF7B681B685021184601F035F85C
:106CD0002CE07B6818683B6859683B68DB681A469B
:106CE00000F082FF7B681B686021184601F025F8E0
:106CF0001CE07B6818683B6859683B68DB681A468B
:106D000000F006FF7B681B684021184601F015F86B
:106D10000CE07B681A683B681B681946104601F056
:106D20000CF803E00123FB7300E000BF7B68012245
:106D300083F83D207B68002283F83C20FB7B1846CB
:106D40001037BD4680BD80B485B000AF7860396033
:106D50007B681B685B68FB60FB6823F08003FB605B
:106D6000FA683B681343FB607B681B68FA685A60EB
:106D7000002318461437BD465DF8047B704780B584
:106D800082B000AF786039607B6893F83C30012BAB
:106D900001D1022331E07B68012283F83C207B682B
:106DA000022283F83D203968786800F0ADFD034683
:106DB000002B09D07B68012283F83D207B680022EC
:106DC00083F83C20012318E07B681B68DA687B6845
:106DD0001B6822F04002DA607B681B68DA687B6817
:106DE0001B6822F48042DA607B68012283F83D2030
:106DF0007B68002283F83C20002318460837BD46F4
:106E000080BD80B582B000AF786039607B6893F850
:106E10003C30012B01D1022331E07B68012283F851
:106E20003C207B68022283F83D203968786800F0B6
:106E30006BFD0346002B09D07B68012283F83D20BF
:106E40007B68002283F83C20012318E07B681B68E4
:106E5000DA687B681B6842F04002DA607B681B6876
:106E6000DA687B681B6822F48042DA607B68012262
:106E700083F83D207B68002283F83C2000231846DD
:106E80000837BD4680BD80B485B000AF78603960FA
:106E90000023FB603B680C2B30D801A252F823F092
:106EA000D56E0208FD6E0208FD6E0208FD6E020836
:106EB000DF6E0208FD6E0208FD6E0208FD6E02081C
:106EC000E96E0208FD6E0208FD6E0208FD6E020802
:106ED000F36E02087B681B685B6BFB600FE07B68EE
:106EE0001B689B6BFB600AE07B681B68DB6BFB60CD
:106EF00005E07B681B681B6CFB6000E000BFFB6863
:106F000018461437BD465DF8047B704780B483B0E3
:106F100000AF786000BF0C37BD465DF8047B70475A
:106F200080B483B000AF786000BF0C37BD465DF819
:106F3000047B704780B483B000AF786000BF0C372B
:106F4000BD465DF8047B704780B483B000AF7860C5
:106F500000BF0C37BD465DF8047B704780B483B03A
:106F600000AF786000BF0C37BD465DF8047B70470A
:106F700080B483B000AF786000BF0C37BD465DF8C9
:106F8000047B704780B483B000AF786000BF0C37DB
:106F9000BD465DF8047B704780B483B000AF786075
:106FA00000BF0C37BD465DF8047B704780B483B0EA
:106FB00000AF786000BF0C37BD465DF8047B7047BA
:106FC00080B483B000AF786000BF0C37BD465DF879
:106FD000047B704780B483B000AF78607B6893F81F
:106FE0003D30DBB218460C37BD465DF8047B704778
:106FF00080B483B000AF78607B6893F83D30DBB23B
:1070000018460C37BD465DF8047B704780B483B0EA
:1070100000AF78607B6893F83D30DBB218460C37E0
:10702000BD465DF8047B704780B483B000AF7860E4
:107030007B6893F83D30DBB218460C37BD465DF8EF
:10704000047B704780B483B000AF78607B6893F8AE
:107050003D30DBB218460C37BD465DF8047B704707
:1070600080B483B000AF78607B6893F83D30DBB2CA
:1070700018460C37BD465DF8047B704780B483B07A
:1070800000AF78607B681B7F18460C37BD465DF803
:10709000047B704780B485B000AF786039603B688E
:1070A000002B04D17B6893F83E30DBB213E03B68E1
:1070B000042B04D17B6893F83F30DBB20BE03B68D4
:1070C000082B04D17B6893F84030DBB203E07B6887
:1070D00093F84130DBB2FB73FB7B18461437BD4697
:1070E0005DF8047B704780B483B000AF78607B6844
:1070F00093F84630DBB218460C37BD465DF8047B8A
:10710000704780B584B000AF78607B689B6BFB6094
:10711000FB685B6A7A689A4207D1FB6801221A779A
:10712000FB68012283F83E202AE0FB689B6A7A68AC
:107130009A4207D1FB6802221A77FB68012283F882
:107140003F201DE0FB68DB6A7A689A4207D1FB6842
:1071500004221A77FB68012283F8402010E0FB68C4
:107160001B6B7A689A4207D1FB6808221A77FB6882
:10717000012283F8412003E0FB68012283F83D20CF
:10718000F868FFF71DFFFB6800221A7700BF103771
:10719000BD4680BD80B584B000AF78607B689B6BD6
:1071A000FB60FB685B6A7A689A420BD1FB6801223C
:1071B0001A777B68DB69002B36D1FB68012283F8E4
:1071C0003E2031E0FB689B6A7A689A420BD1FB68EB
:1071D00002221A777B68DB69002B25D1FB6801222C
:1071E00083F83F2020E0FB68DB6A7A689A420BD183
:1071F000FB6804221A777B68DB69002B14D1FB68DB
:10720000012283F840200FE0FB681B6B7A689A42EA
:107210000AD1FB6808221A777B68DB69002B03D14F
:10722000FB68012283F84120F868FFF7A1FEFB68A4
:1072300000221A7700BF1037BD4680BD80B584B0EC
:1072400000AF78607B689B6BFB60FB685B6A7A6869
:107250009A4203D1FB6801221A7719E0FB689B6A06
:107260007A689A4203D1FB6802221A7710E0FB6821
:10727000DB6A7A689A4203D1FB6804221A7707E036
:10728000FB681B6B7A689A4202D1FB6808221A7766
:10729000F868FFF777FEFB6800221A7700BF103707
:1072A000BD4680BD80B584B000AF78607B689B6BC5
:1072B000FB60FB685B6A7A689A420FD1FB68012227
:1072C0001A777B68DB69002B46D1FB68012283F8C3
:1072D0003E20FB68012283F842203DE0FB689B6A68
:1072E0007A689A420FD1FB6802221A777B68DB69C1
:1072F000002B31D1FB68012283F83F20FB6801227B
:1073000083F8432028E0FB68DB6A7A689A420FD151
:10731000FB6804221A777B68DB69002B1CD1FB68B1
:10732000012283F84020FB68012283F8442013E007
:10733000FB681B6B7A689A420ED1FB6808221A77A9
:107340007B68DB69002B07D1FB68012283F84120B1
:10735000FB68012283F84520F868FFF7F5FDFB681C
:1073600000221A7700BF1037BD4680BD80B584B0BB
:1073700000AF78607B689B6BFB60FB685B6A7A6838
:107380009A4203D1FB6801221A7719E0FB689B6AD5
:107390007A689A4203D1FB6802221A7710E0FB68F0
:1073A000DB6A7A689A4203D1FB6804221A7707E005
:1073B000FB681B6B7A689A4202D1FB6808221A7735
:1073C000F868FFF7CBFDFB6800221A7700BF103783
:1073D000BD4680BD80B584B000AF78607B689B6B94
:1073E000FB60FB681B6ADB69002B03D1FB68012291
:1073F00083F83D20F868FFF789FD00BF1037BD46D0
:1074000080BD80B584B000AF78607B689B6BFB600B
:10741000F868FFF785FD00BF1037BD4680BD80B519
:1074200084B000AF78607B689B6BFB60FB689B6BF4
:10743000DB69002B03D1FB68012283F83D20F8684B
:10744000FFF7AAFD00BF1037BD4680BD80B584B0F0
:1074500000AF78607B689B6BFB60F868FFF7A6FD68
:1074600000BF1037BD4680BD80B485B000AF7860E6
:1074700039607B681B68FB607B68404A934213D08D
:107480007B68B3F1804F0FD07B683D4A93420BD0AD
:107490007B683C4A934207D07B683B4A934203D0C7
:1074A0007B683A4A934208D1FB6823F07003FB6083
:1074B0003B685B68FA681343FB607B682F4A934222
:1074C0002BD07B68B3F1804F27D07B682C4A934246
:1074D00023D07B682B4A93421FD07B682A4A934271
:1074E0001BD07B68294A934217D07B68284A934275
:1074F00013D07B68274A93420FD07B68264A934279
:107500000BD07B68254A934207D07B68244A93427C
:1075100003D07B68234A934208D1FB6823F440736D
:10752000FB603B68DB68FA681343FB60FB6823F091
:1075300080023B685B691343FB607B68FA681A60F2
:107540003B689A687B68DA623B681A687B689A6273
:107550007B680A4A934203D07B680C4A934203D16A
:107560003B681A697B681A637B6801225A6100BF15
:107570001437BD465DF8047B704700BF0000014032
:107580000004004000080040000C004000040140DE
:107590000040014000440140004801400018004004
:1075A000001C00400020004080B487B000AF78602D
:1075B00039607B681B6A23F001027B681A627B6872
:1075C0001B6A7B617B685B683B617B689B69FB60D6
:1075D000FB6823F07003FB60FB6823F00303FB6090
:1075E0003B681B68FA681343FB607B6923F0020366
:1075F0007B613B689B687A6913437B617B68204AA7
:10760000934203D07B681F4A93420CD17B6923F0DD
:1076100008037B613B68DB687A6913437B617B69A4
:1076200023F004037B617B68154A934203D07B6897
:10763000144A934211D13B6923F480733B613B6947
:1076400023F400733B613B685B693A6913433B6118
:107650003B689B693A6913433B617B683A695A60AE
:107660007B68FA689A613B685A687B685A637B68F2
:107670007A691A6200BF1C37BD465DF8047B70470B
:10768000000001400004014080B487B000AF786082
:1076900039607B681B6A23F010027B681A627B6882
:1076A0001B6A7B617B685B683B617B689B69FB60F5
:1076B000FB6823F4E043FB60FB6823F44073FB604A
:1076C0003B681B681B02FA681343FB607B6923F06D
:1076D00020037B613B689B681B017A6913437B61D4
:1076E0007B68224A934203D07B68214A93420DD1A2
:1076F0007B6923F080037B613B68DB681B017A694F
:1077000013437B617B6923F040037B617B68174AED
:10771000934203D07B68164A934213D13B6923F40A
:1077200080633B613B6923F400633B613B685B69B9
:107730009B003A6913433B613B689B699B003A6934
:1077400013433B617B683A695A607B68FA689A61C7
:107750003B685A687B689A637B687A691A6200BFE3
:107760001C37BD465DF8047B704700BF0000014038
:107770000004014080B487B000AF786039607B6856
:107780001B6A23F480727B681A627B681B6A7B61C8
:107790007B685B683B617B68DB69FB60FB6823F0AF
:1077A0007003FB60FB6823F00303FB603B681B680E
:1077B000FA681343FB607B6923F400737B613B68C9
:1077C0009B681B027A6913437B617B68214A934261
:1077D00003D07B68204A93420DD17B6923F4006378
:1077E0007B613B68DB681B027A6913437B617B69C1
:1077F00023F480637B617B68164A934203D07B68E5
:10780000154A934213D13B6923F480533B613B6992
:1078100023F400533B613B685B691B013A691343E6
:107820003B613B689B691B013A6913433B617B6881
:107830003A695A607B68FA68DA613B685A687B6823
:10784000DA637B687A691A6200BF1C37BD465DF84F
:10785000047B7047000001400004014080B487B001
:1078600000AF786039607B681B6A23F480527B68C4
:107870001A627B681B6A3B617B685B687B617B6823
:10788000DB69FB60FB6823F4E043FB60FB6823F4E7
:107890004073FB603B681B681B02FA681343FB6084
:1078A0003B6923F400533B613B689B681B033A69C7
:1078B00013433B617B68124A934203D07B68114AB1
:1078C000934209D17B6923F480437B613B685B6908
:1078D0009B017A6913437B617B687A695A607B6894
:1078E000FA68DA613B685A687B681A647B683A69AF
:1078F0001A6200BF1C37BD465DF8047B704700BFAD
:10790000000001400004014080B586B000AF7860FF
:1079100039600023FB757B681B689B683B613B6992
:1079200023F070033B613B685B683A6913433B613A
:107930003B6923F007033B613B681B683A691343CB
:107940003B617B681B683A699A603B685B68702B97
:107950001AD0702B60D8602B54D0602B5CD8502B81
:1079600046D0502B58D8402B19D0402B54D8302B10
:1079700055D0302B50D8202B51D0202B4CD8002B59
:107980004DD0102B4BD047E07B6818683B68D96816
:107990003B689A683B681B6900F0EAF940E03B6885
:1079A0001B68052B01D101233BE07B681B681B6A28
:1079B000FB607B681B681A6A7B681B6822F0010207
:1079C0001A627B681B689B69BB60BB6823F0F0038D
:1079D000BB603B681B691B01BA681343BB607B68D3
:1079E0001B68BA689A617B681B68FA681A6217E0BC
:1079F0007B6818683B6899683B681B691A4600F009
:107A000087F80DE07B6818683B6899683B681B69DC
:107A10001A4600F0E9F803E00123FB7500E000BF1F
:107A2000FB7D18461837BD4680BD80B487B000AFD7
:107A3000F860B9607A603B60FB681B6A23F0010262
:107A4000FB681A62FB689B697B61FB681B6A3B6190
:107A5000FB68284A93421BD0FB68B3F1804F17D0D4
:107A6000FB68254A934213D0FB68244A93420FD007
:107A7000FB68234A93420BD0FB68224A934207D00B
:107A8000FB68214A934203D0FB68204A934201D10C
:107A9000012300E00023002B08D07B6923F00303BF
:107AA0007B617A697B6813437B6103E07B6943F008
:107AB00001037B617B6923F0F0037B613B681B0161
:107AC000DBB27A6913437B613B6923F00A033B61B4
:107AD000BB6803F00A033A6913433B61FB687A69A8
:107AE0009A61FB683A691A6200BF1C37BD465DF8AF
:107AF000047B704700000140000400400008004083
:107B0000000C00400004014000400140001800400B
:107B100080B487B000AFF860B9607A60FB681B6A18
:107B20007B61FB681B6A23F00102FB681A62FB6839
:107B30009B693B613B6923F0F0033B617B681B0160
:107B40003A6913433B617B6923F00A037B617A69DD
:107B5000BB6813437B61FB683A699A61FB687A6989
:107B60001A6200BF1C37BD465DF8047B704780B4C5
:107B700087B000AFF860B9607A603B60FB681B6A51
:107B800023F01002FB681A62FB689B697B61FB684B
:107B90001B6A3B617B6923F440737B617B681B023A
:107BA0007A6913437B617B6923F470437B613B6893
:107BB0001B039BB27A6913437B613B6923F0A003EB
:107BC0003B61BB681B0103F0A0033A6913433B61AF
:107BD000FB687A699A61FB683A691A6200BF1C37D0
:107BE000BD465DF8047B704780B487B000AFF86095
:107BF000B9607A60FB681B6A23F01002FB681A62A6
:107C0000FB689B697B61FB681B6A3B617B6923F4B2
:107C100070437B617B681B037A6913437B613B691B
:107C200023F0A0033B61BB681B013A6913433B612E
:107C3000FB687A699A61FB683A691A6200BF1C376F
:107C4000BD465DF8047B704780B487B000AFF86034
:107C5000B9607A603B60FB681B6A23F48072FB6842
:107C60001A62FB68DB697B61FB681B6A3B617B69AD
:107C700023F003037B617A697B6813437B617B6933
:107C800023F0F0037B613B681B01DBB27A6913438D
:107C90007B613B6923F420633B61BB681B0203F4F7
:107CA00020633A6913433B61FB687A69DA61FB68D8
:107CB0003A691A6200BF1C37BD465DF8047B704705
:107CC00080B487B000AFF860B9607A603B60FB6851
:107CD0001B6A23F48052FB681A62FB68DB697B61D4
:107CE000FB681B6A3B617B6923F440737B617B68A3
:107CF0001B027A6913437B617B6923F470437B61C8
:107D00003B681B039BB27A6913437B613B6923F495
:107D100020433B61BB681B0303F420433A691343D0
:107D20003B61FB687A69DA61FB683A691A6200BFF5
:107D30001C37BD465DF8047B704780B485B000AF4A
:107D4000786039607B689B68FB60FB6823F0700398
:107D5000FB603A68FB68134343F00703FB607B68F2
:107D6000FA689A6000BF1437BD465DF8047B70471F
:107D700080B487B000AFF860B9607A603B60FB68A0
:107D80009B687B617B6923F47F437B613B681A02BC
:107D90007B681A43BB6813437A6913437B61FB68B2
:107DA0007A699A6000BF1C37BD465DF8047B704756
:107DB00080B487B000AFF860B9607A60BB6803F048
:107DC0001F03012202FA03F37B61FB681A6A7B69D5
:107DD000DB431A40FB681A62FB681A6ABB6803F04F
:107DE0001F03796801FA03F31A43FB681A6200BFA4
:107DF0001C37BD465DF8047B704700BF80B584B07A
:107E000000AFF860B9607A60FB68002B01D10123F4
:107E100034E0FB6893F84930DBB2002B06D1FB68F5
:107E2000002283F84820F86800F049F8FB681A68D7
:107E3000FB68083319461046E1F71EFFFB68186817
:107E4000FB689B681A46B968E1F7AEFFFB685868A3
:107E5000FB689A68FB681B6B7968E1F7F8FFFB68C1
:107E60001B68FA68926853F82210FB681B68FA686E
:107E7000926841F0010143F82210002318461037A0
:107E8000BD4680BD80B582B000AF7860786800F0F4
:107E900020F87B6818687B6859687B689B681A467D
:107EA000E1F74EFF7B68002283F849207B680022BF
:107EB00083F84820002318460837BD4680BD80B4AB
:107EC00083B000AF786000BF0C37BD465DF8047B1F
:107ED000704780B483B000AF786000BF0C37BD46F8
:107EE0005DF8047B704780B483B000AF786000BF5A
:107EF0000C37BD465DF8047B704780B483B000AF9B
:107F0000786000BF0C37BD465DF8047B704780B4D5
:107F100087B000AFF860B9607A603B60BB687B6196
:107F2000FB6893F84830012B01D1022322E0FB6863
:107F3000012283F84820FB68022283F849200DE0E3
:107F40007B691B78DAB27B681A707B6801337B60CF
:107F50007B6901337B613B68013B3B603B68002BE5
:107F6000EED1FB68012283F84920FB68002283F8E8
:107F70004820002318461C37BD465DF8047B704737
:107F800080B487B000AFF860B9607A603B60BB68CE
:107F90007B61FB6893F84930DBB2042B01D10123EC
:107FA00028E0FB6893F84830012B01D1022321E03F
:107FB000FB68012283F84820FB68022283F84920ED
:107FC0000CE07B681A787B691A707B6801337B60F0
:107FD0007B6901337B613B68013B3B603B68002B65
:107FE000EFD1FB68012283F84920FB68002283F867
:107FF0004820002318461C37BD465DF8047B7047B7
:1080000080B487B000AFF860B9607A603B60BB684D
:108010007B61FB6893F84830012B01D1022322E0F9
:10802000FB68012283F84820FB68022283F849207C
:108030000DE07B691B889AB27B681A807B680233EB
:108040007B607B6902337B613B68013B3B603B6843
:10805000002BEED1FB68012283F84920FB68002247
:1080600083F84820002318461C37BD465DF8047B82
:10807000704780B487B000AFF860B9607A603B6049
:10808000BB687B61FB6893F84930DBB2042B01D1FC
:10809000012328E0FB6893F84830012B01D102232B
:1080A00021E0FB68012283F84820FB68022283F864
:1080B00049200CE07B681A887B691A807B68023350
:1080C0007B607B6902337B613B68013B3B603B68C3
:1080D000002BEFD1FB68012283F84920FB680022C6
:1080E00083F84820002318461C37BD465DF8047B02
:1080F000704780B485B000AFF860B9607A603B60CB
:10810000FB6893F84830012B01D1022321E0FB6882
:10811000012283F84820FB68022283F849200CE002
:10812000BB681A687B681A607B6804337B60BB6835
:108130000433BB603B68013B3B603B68002BEFD1E5
:10814000FB68012283F84920FB68002283F848205D
:10815000002318461437BD465DF8047B704780B491
:1081600085B000AFF860B9607A603B60FB6893F857
:108170004930DBB2042B01D1012328E0FB6893F8DE
:108180004830012B01D1022321E0FB68012283F852
:108190004820FB68022283F849200CE07B681A68BB
:1081A000BB681A607B6804337B60BB680433BB60C8
:1081B0003B68013B3B603B68002BEFD1FB68012231
:1081C00083F84920FB68002283F8482000231846E2
:1081D0001437BD465DF8047B704780B584B000AFAE
:1081E000F860B9607A603B60FB6893F84830012B17
:1081F00001D102231FE0FB68012283F84820FB68BD
:10820000022283F84920FB68DB6C0D4ADA63FB68C5
:10821000DB6C0C4ADA64FB68D86CB9687A683B6836
:10822000EFF78FFDFB68012283F84920FB680022ED
:1082300083F84820002318461037BD4680BD00BF94
:10824000E77E0208FB7E020880B584B000AFF860CC
:10825000B9607A603B60FB6893F84930DBB2042B6D
:1082600001D1012326E0FB6893F84830012B01D1AE
:1082700002231FE0FB68012283F84820FB680222EA
:1082800083F84920FB68DB6C0C4ADA63FB68DB6C23
:108290000B4ADA64FB68D86C7968BA683B68EFF718
:1082A00050FDFB68012283F84920FB68002283F817
:1082B0004820002318461037BD4680BDE77E0208DF
:1082C000FB7E020880B582B000AF78607B6893F8CF
:1082D0004830012B01D1022314E07B68012283F88E
:1082E00048207B681A687B689B6819461046E1F74E
:1082F000EDFD7B68012283F849207B68002283F82A
:108300004820002318460837BD4680BD80B582B09E
:1083100000AF78607B6893F84830012B01D10223CD
:1083200018E07B68012283F848207B68022283F8EA
:1083300049207B681A687B689B6819461046E1F7FC
:10834000DBFD7B68042283F849207B68002283F8E8
:108350004820002318460837BD4680BD80B483B04E
:1083600000AF78607B6893F84930DBB218460C3771
:10837000BD465DF8047B704780B582B000AF786081
:108380007B68002B01D1012333E07B6893F83D30FB
:10839000DBB2002B06D17B68002283F83C20786892
:1083A00000F053F87B68022283F83D20786801F0E2
:1083B00034FC7B681B681A697B681B6822F4804266
:1083C0001A617B681B685A697B681B6822F02A0265
:1083D0005A617B681B68DA687B681B6842F400524C
:1083E000DA607B6800221A647B68012283F83D20F2
:1083F000002318460837BD4680BD80B582B000AF67
:1084000078607B68002B01D101231AE07B6802228F
:1084100083F83D207B681B68DA687B681B6822F460
:108420000052DA60786800F01AF87B6800221A645B
:108430007B68002283F83D207B68002283F83C2083
:10844000002318460837BD4680BD80B483B000AF16
:10845000786000BF0C37BD465DF8047B704780B480
:1084600083B000AF786000BF0C37BD465DF8047B79
:10847000704780B58AB002AFF860B9603B601346C0
:10848000FB80FB6893F83D30DBB2012B7CD1BB68ED
:10849000002B02D0FB88002B01D1012375E0FB6883
:1084A00093F83C30012B01D102236EE0FB680122DE
:1084B00083F83C20FB6800221A64FB68122283F8D0
:1084C0003D20F8F74FFA7861FB68FA881A85FB6857
:1084D000FA885A85FB689B68B3F5805F08D1FB6812
:1084E0001B69002B04D10023FB61BB68BB6103E067
:1084F000BB68FB610023BB612AE03B6800937B699A
:1085000000228021F86801F0CEF80346002B01D04C
:1085100003233AE0FB69002B0BD1BB691B881A4689
:10852000FB681B68C2F308025A60BB690233BB6177
:1085300007E0FB691A78FB681B685A60FB69013326
:10854000FB61FB685B8D9BB2013B9AB2FB685A856D
:10855000FB685B8D9BB2002BCFD13B6800937B699E
:1085600000224021F86801F09EF80346002B01D05C
:1085700003230AE0FB68012283F83D20FB68002208
:1085800083F83C20002300E0022318462037BD4634
:1085900080BD80B58AB002AFF860B9603B60134619
:1085A000FB80FB6893F83D30DBB2012B40F09A80F2
:1085B000BB68002B02D0FB88002B01D1012392E085
:1085C000FB6893F83C30012B01D102238BE0FB6860
:1085D000012283F83C20FB6800221A64FB682222F7
:1085E00083F83D20F8F7BEF97861FB68FA881A86AF
:1085F000FB68FA885A86FB689B68B3F5805F08D1F0
:10860000FB681B69002B04D10023FB61BB68BB61C5
:1086100003E0BB68FB610023BB6154E03B6800934F
:108620007B6900228021F86801F03DF80346002BA9
:1086300001D0032357E0FB681B68FF225A603B68A8
:1086400000937B6900222021F86801F02CF8034692
:10865000002B01D0032346E0FB69002B0CD1FB6803
:108660001B685B689BB2C3F308039AB2BB691A80AC
:10867000BB690233BB611FE0FB689B68B3F5805F99
:1086800007D0FB689B68002B0AD1FB681B69002B95
:1086900006D1FB681B685B68DAB2FB691A7008E0F8
:1086A000FB681B685B68DBB203F07F03DAB2FB692F
:1086B0001A70FB690133FB61FB685B8E9BB2013B67
:1086C0009AB2FB685A86FB685B8E9BB2002BA5D1E1
:1086D000FB68012283F83D20FB68002283F83C20E0
:1086E000002300E0022318462037BD4680BD80B538
:1086F0008CB002AFF860B9607A607B80FB6893F859
:108700003D30DBB2012B40F0EF80BB68002B05D081
:108710007B68002B02D07B88002B01D10123E4E091
:10872000FB689B68B3F5805F0FD1FB681B69002B6A
:108730000BD1BB6803F00103002B04D17B6803F06D
:108740000103002B01D00123CFE0FB6893F83C30FC
:10875000012B01D10223C8E0FB68012283F83C20F1
:10876000FB6800221A64FB68222283F83D20F8F798
:10877000F9F83861FB687A881A86FB687A881A8566
:10878000FB687A885A85FB687A885A86FB689B68FA
:10879000B3F5805F0CD1FB681B69002B08D1002367
:1087A0007B620023FB61BB68BB617B683B6207E0C7
:1087B0007B687B62BB68FB610023BB6100233B627B
:1087C000FB685B8EFB827BE0FB685B8D9BB2002BC2
:1087D0002AD03B6B00933B6900228021F86800F0AF
:1087E00062FF0346002B01D003237EE0FB69002BD0
:1087F0000BD1BB691B881A46FB681B68C2F30802D1
:108800005A60BB690233BB6107E0FB691A78FB68F9
:108810001B685A60FB690133FB61FB685B8D9BB28F
:10882000013B9AB2FB685A85FB685B8E9BB2002BBA
:1088300043D03B6B00933B6900222021F86800F095
:1088400032FF0346002B01D003234EE07B6A002B4E
:108850000CD1FB681B685B689BB2C3F308039AB238
:108860003B6A1A803B6A02333B621FE0FB689B68ED
:10887000B3F5805F07D0FB689B68002B0AD1FB68CB
:108880001B69002B06D1FB681B685B68DAB27B6A48
:108890001A7008E0FB681B685B68DBB203F07F03BB
:1088A000DAB27B6A1A707B6A01337B62FB685B8E8B
:1088B0009BB2013B9AB2FB685A86FB685B8EFB82D7
:1088C000FB685B8D9BB2002B7FF47EAFFB8A002B95
:1088D0007FF47AAFFB68012283F83D20FB68002219
:1088E00083F83C20002300E0022318462837BD46C9
:1088F00080BD80B485B000AFF860B9601346FB80DE
:10890000FB6893F83D30DBB2012B30D1BB68002B04
:1089100002D0FB88002B01D1012329E0FB6893F8EA
:108920003C30012B01D1022322E0FB68012283F8B5
:108930003C20FB68BA685A62FB68FA881A85FB68B3
:10894000FA885A85FB6800221A64FB68122283F8B1
:108950003D20FB68002283F83C20FB681B68DA6836
:10896000FB681B6842F08002DA60002300E002230B
:1089700018461437BD465DF8047B704780B485B057
:1089800000AFF860B9601346FB80FB6893F83D3098
:10899000DBB2012B3DD1BB68002B02D0FB88002B42
:1089A00001D1012336E0FB6893F83C30012B01D163
:1089B00002232FE0FB68012283F83C20FB68BA68A1
:1089C000DA62FB68FA881A86FB68FA885A86FB68BE
:1089D00000221A64FB68222283F83D20FB680022F3
:1089E00083F83C20FB681B68DA68FB681B6842F46C
:1089F0009072DA60FB681B685A69FB681B6842F07A
:108A000001025A61FB681B6840F2FF125A600023A2
:108A100000E0022318461437BD465DF8047B70471A
:108A200080B485B000AFF860B9607A607B80FB6885
:108A300093F83D30DBB2012B54D1BB68002B05D03D
:108A40007B68002B02D07B88002B01D101234AE0F8
:108A5000FB6893F83C30012B01D1022343E0FB6813
:108A6000012283F83C20FB687A68DA62FB687A8826
:108A70001A86FB687A885A86FB68BA685A62FB686D
:108A80007A881A85FB687A885A85FB6800221A64FE
:108A9000FB68322283F83D20FB68002283F83C20EB
:108AA000FB681B68DA68FB681B6842F02002DA602A
:108AB000FB681B68DA68FB681B6842F48072DA6046
:108AC000FB681B685A69FB681B6842F001025A6127
:108AD000FB681B68DA68FB681B6842F08002DA609A
:108AE000002300E0022318461437BD465DF8047BDE
:108AF000704780B586B000AFF860B9601346FB8060
:108B0000FB6893F83D30DBB2012B53D1BB68002BDF
:108B100002D0FB88002B01D101234CE0FB6893F8C5
:108B20003C30012B01D1022345E0FB68012283F890
:108B30003C20BA68FB685A62FB68FA881A85FB68B1
:108B4000FA885A85FB6800221A64FB68122283F8AF
:108B50003D20FB685B6B1A4ADA63FB685B6B194A62
:108B60001A64FB685B6B184ADA64FB685B6B002273
:108B70001A6507F108037B61FB68586B7B6919680C
:108B8000FB681B6804331A46FB88EFF7DAF8FB68CA
:108B90001B686FF040021A60FB68002283F83C20DB
:108BA000FB681B685A69FB681B6842F080025A61C7
:108BB000002300E0022318461837BD4680BD00BFE1
:108BC000C19402082B9502080B96020880B586B066
:108BD00000AFF860B9601346FB80FB6893F83D3046
:108BE000DBB2012B40F09080BB68002B02D0FB88E9
:108BF000002B01D1012388E0FB6893F83C30012B66
:108C000001D1022381E0FB68012283F83C20BA688D
:108C1000FB68DA62FB68FA881A86BA68FB685A62EF
:108C2000FB68FA881A85FB6800221A64FB68222216
:108C300083F83D20FB689B6B364ADA63FB689B6BCD
:108C4000354A1A64FB689B6B344ADA64FB689B6B99
:108C500000221A65FB685B6B00221A64FB685B6B81
:108C60000022DA63FB685B6B2C4ADA64FB685B6B9F
:108C700000221A6507F108037B61FB68986BFB68AB
:108C80001B68043319467B691A68FB88EFF759F8AB
:108C9000FB68586B7B691968FB681B6804331A46CC
:108CA000FB88EFF74EF800233B61FB681B681B68ED
:108CB0003B61FB681B685B683B613B69FB680022AA
:108CC00083F83C20FB681B68DA68FB681B6842F489
:108CD0008072DA60FB681B685A69FB681B6842F0A7
:108CE00001025A61FB681B685A69FB681B6842F005
:108CF00040025A61FB681B685A69FB681B6842F0B6
:108D000080025A61002300E0022318461837BD464E
:108D100080BD00BF47950208EF9502080B96020838
:108D200080B586B000AFF860B9607A607B80FB6880
:108D300093F83D30DBB2012B40F09680BB68002BEE
:108D400005D07B68002B02D07B88002B01D101234A
:108D50008BE0FB6893F83C30012B01D1022384E0C7
:108D6000FB68012283F83C207A68FB68DA62FB68C2
:108D70007A881A86BA68FB685A62FB687A881A850C
:108D8000FB6800221A64FB68322283F83D20FB68EE
:108D90009B6B384ADA63FB689B6B374A1A64FB6843
:108DA0005B6B364ADA63FB685B6B354A1A64FB68B7
:108DB0005B6B344ADA64FB689B6B324ADA64FB68AB
:108DC0009B6B00221A653B1D7B61FB68986BFB68FF
:108DD0001B68043319467B691A687B88EEF7B1FF7C
:108DE00007F108037B61FB68586B7B691968FB68B6
:108DF0001B6804331A467B88EEF7A3FFFB681B68E9
:108E00006FF040021A6000233B61FB681B681B681F
:108E10003B61FB681B685B683B613B69FB68002248
:108E200083F83C20FB681B68DA68FB681B6842F427
:108E30008072DA60FB681B685A69FB681B6842F045
:108E400001025A61FB681B685A69FB681B6842F0A3
:108E500040025A61FB681B685A69FB681B6842F054
:108E600080025A61002300E0022318461837BD46ED
:108E700080BD00BF47950208EF950208C194020823
:108E80002B9502080B96020880B483B000AF78607F
:108E90007B6893F83C30012B01D1022310E07B6802
:108EA000012283F83C207B681B685A697B681B6839
:108EB00022F080025A617B68002283F83C20002364
:108EC00018460C37BD465DF8047B704780B483B00C
:108ED00000AF78607B6893F83C30012B01D102230E
:108EE00010E07B68012283F83C207B681B685A698C
:108EF0007B681B6842F080025A617B68002283F81D
:108F00003C20002318460C37BD465DF8047B7047B3
:108F100080B584B000AF78600023FB607B681B687D
:108F20005B6903F08003802B0CBF01230023DBB2BD
:108F3000FB607B6893F83D30DBB2122B16D1FB68E7
:108F4000002B13D0786800F004FC7B685B6B002B6F
:108F500004D07B685B6B1846EEF74BFF7B681B68A1
:108F60005A697B681B6822F080025A617B681B6823
:108F70005B6903F04003402B0CBF01230023DBB2ED
:108F8000FB607B6893F83D30DBB2222B16D1FB6887
:108F9000002B13D0786800F0F2FB7B689B6B002BF2
:108FA00004D07B689B6B1846EEF723FF7B681B6839
:108FB0005A697B681B6822F040025A6100231846F8
:108FC0001037BD4680BD80B582B000AF78607B6849
:108FD0001B68DA687B681B6822F4F072DA607B68D1
:108FE0001B685A697B681B6822F001025A617B6822
:108FF0001B685B6903F08003802B14D17B681B68BE
:109000005A697B681B6822F080025A617B685B6B3F
:10901000002B08D07B685B6B00221A657B685B6B5A
:109020001846EEF7E6FE7B681B685B6903F04003B9
:10903000402B14D17B681B685A697B681B6822F03F
:1090400040025A617B689B6B002B08D07B689B6B4E
:1090500000221A657B689B6B1846EEF7CAFE7B6898
:1090600000225A857B6800225A867B68012283F899
:109070003D207B6800221A64002318460837BD464D
:1090800080BD80B584B000AF78600123FB607B6851
:109090001B68DA687B681B6822F4F072DA607B6810
:1090A0001B685A697B681B6822F001025A617B6861
:1090B0005B6B002B0FD07B681B685B6903F0800340
:1090C000802B04D17B685B6B3C4A1A6503E07B68AC
:1090D0005B6B00221A657B689B6B002B0FD07B6853
:1090E0001B685B6903F04003402B04D17B689B6BDA
:1090F000334A1A6503E07B689B6B00221A657B6824
:109100001B685B6903F08003802B1AD17B681B68A6
:109110005A697B681B6822F080025A617B685B6B2E
:10912000002B0ED07B685B6B1846EEF7D2FE034631
:10913000002B04D07B685B6B00221A6501E00023E2
:10914000FB607B681B685B6903F04003402B1CD10C
:109150007B681B685A697B681B6822F040025A6171
:109160007B689B6B002B10D07B689B6B1846EEF7DF
:10917000B0FE0346002B06D07B689B6B00221A656D
:109180000123FB6001E00023FB60FB68012B0FD192
:109190007B6800225A857B6800225A867B68002201
:1091A0001A647B68012283F83D20786800F064F936
:1091B000002318461037BD4680BD00BFE397020864
:1091C0003598020880B588B000AF78607B681B686E
:1091D0001B68FB617B681B68DB68BB617B681B6885
:1091E0005B697B6100233B610023FB60FB6903F04B
:1091F0000F033B613B69002B17D1FB6903F0200390
:10920000002B12D0BB6903F02003002B0DD07B682C
:1092100093F83D30DBB2222B03D1786800F0A3FB3A
:10922000E9E0786800F025FCE5E03B69002B00F000
:10923000BB807B6903F00103002B05D1BB6903F4FC
:109240009073002B00F0B080FB6903F00103002B4A
:109250000AD0BB6903F48073002B05D07B681B6CBC
:1092600043F001027B681A64FB6903F00403002BDE
:109270000AD07B6903F00103002B05D07B681B6CCF
:1092800043F002027B681A64FB6903F00203002BBF
:109290000AD07B6903F00103002B05D07B681B6CAF
:1092A00043F004027B681A64FB6903F00803002B97
:1092B0000FD0BB6903F02003002B04D17B6903F0BE
:1092C0000103002B05D07B681B6C43F008027B6810
:1092D0001A647B681B6C002B00F08C80FB6903F028
:1092E0002003002B11D0BB6903F02003002B0CD00E
:1092F0007B6893F83D30DBB2222B03D1786800F015
:1093000032FB02E0786800F0B4FB7B681B685B69A5
:1093100003F04003402B0CBF01230023DBB2FB60B2
:109320007B681B6C03F00803002B02D1FB68002B49
:1093300031D0786800F023FA7B681B685B6903F022
:109340004003402B23D17B681B685A697B681B68EC
:1093500022F040025A617B689B6B002B13D07B6824
:109360009B6B264A1A657B689B6B1846EEF7B1FD2E
:109370000346002B16D07B689B6B1B6D7A68926B43
:10938000104698470EE0786800F06CF80AE07868BC
:1093900000F068F806E0786800F064F87B68002266
:1093A0001A6427E000BF25E0FB6903F08003002B6F
:1093B00012D0BB6903F08003002B0DD07B6893F8BB
:1093C0003D30DBB2122B03D1786800F05CFA12E07A
:1093D000786800F04EFB0EE0FB6903F04003002BC1
:1093E00009D0BB6903F04003002B04D0786800F07B
:1093F0009AFA00E000BF2037BD4680BDBB97020847
:1094000080B483B000AF786000BF0C37BD465DF814
:10941000047B704780B483B000AF786000BF0C3726
:10942000BD465DF8047B704780B483B000AF7860C0
:1094300000BF0C37BD465DF8047B704780B483B035
:1094400000AF786000BF0C37BD465DF8047B704705
:1094500080B483B000AF786000BF0C37BD465DF8C4
:10946000047B704780B483B000AF786000BF0C37D6
:10947000BD465DF8047B704780B483B000AF786070
:1094800000BF0C37BD465DF8047B704780B483B0E5
:1094900000AF78607B6893F83D30DBB218460C373C
:1094A000BD465DF8047B704780B483B000AF786040
:1094B0007B681B6C18460C37BD465DF8047B704713
:1094C00080B584B000AF78607B689B6BFB607B6885
:1094D0001B681B6803F48073002B19D1FB68002202
:1094E0005A85FB6893F83D30DBB2122B19D1FB682B
:1094F0001B685A69FB681B6822F080025A61FB688E
:109500001B68DA68FB681B6842F04002DA6008E01A
:10951000FB6893F83D30DBB2122B02D1F868FFF7FD
:109520006FFF00BF1037BD4680BD80B584B000AF6F
:1095300078607B689B6BFB60F868FFF76BFF00BF90
:109540001037BD4680BD80B584B000AF78607B68C1
:109550009B6BFB607B681B681B6803F48073002BAC
:1095600034D1FB6800225A86FB681B68DA68FB6806
:109570001B6822F48072DA60FB681B685A69FB681A
:109580001B6822F001025A61FB681B685A69FB687C
:109590001B6822F040025A61FB681B685A69FB682D
:1095A0001B6822F080025A61FB6893F83D30DBB201
:1095B000222B03D1F868FFF737FF02E0F868FFF7C6
:1095C00047FFFB68012283F83D200CE0FB6893F81D
:1095D0003D30DBB2222B03D1F868FFF725FF02E014
:1095E000F868FFF735FF00BF1037BD4680BD80B576
:1095F00084B000AF78607B689B6BFB60F868FFF716
:109600001DFF00BF1037BD4680BD80B584B000AFE0
:1096100078600023FB607B689B6BBB60BB680022AB
:109620005A86BB6800225A85BB681B685B6903F0D9
:109630008003802B0CBF01230023DBB2FB60BB68DF
:1096400093F83D30DBB2122B05D1FB68002B02D022
:10965000B86800F07EF8BB681B685B6903F04003E4
:10966000402B0CBF01230023DBB2FB60BB6893F8E7
:109670003D30DBB2222B05D1FB68002B02D0B8684D
:1096800000F07DF8BB681B6C43F01002BB681A64E5
:10969000BB68012283F83D20B868FFF7E3FE00BFF6
:1096A0001037BD4680BD80B584B000AFF860B960AA
:1096B0003B601346FB7138E0BB69B3F1FF3F34D028
:1096C000BB69002B07D0F7F74DF902463B68D31A68
:1096D000BA699A4229D2FB681B68DA68FB681B6882
:1096E00022F08002DA60FB681B68DA68FB681B689E
:1096F00022F02002DA60FB681B68DA68FB681B68EE
:1097000022F48072DA60FB681B685A69FB681B6888
:1097100022F001025A61FB68012283F83D20FB68B8
:10972000002283F83C2003230FE0FB681B681A68C3
:10973000BB681340BA689A420CBF01230023DBB216
:109740001A46FB799A42B7D0002318461037BD4617
:1097500080BD80B483B000AF78607B681B68DA6836
:109760007B681B6822F0C002DA607B68012283F804
:109770003D2000BF0C37BD465DF8047B704780B4C8
:1097800083B000AF78607B681B68DA687B681B6811
:1097900022F49072DA607B681B685A697B681B68E8
:1097A00022F001025A617B68012283F83D2000BF4C
:1097B0000C37BD465DF8047B704780B584B000AFC0
:1097C00078607B689B6BFB60FB6800225A86FB68B5
:1097D00000225A85F868FFF745FE00BF1037BD46E6
:1097E00080BD80B584B000AF78607B689B6BFB6008
:1097F000FB685B6B00221A65FB689B6B002B04D037
:10980000FB689B6B1B6D002B10D1FB6800225A85F7
:10981000FB6800225A86FB6800221A64FB6801225A
:1098200083F83D20F868FFF727FE00E000BF1037FF
:10983000BD4680BD80B584B000AF78607B689B6B0F
:10984000FB60FB689B6B00221A65FB685B6B002B5F
:1098500004D0FB685B6B1B6D002B10D1FB680022F2
:109860005A85FB6800225A86FB6800221A64FB684E
:10987000012283F83D20F868FFF7FEFD00E000BFFD
:109880001037BD4680BD80B485B000AF78607B687E
:1098900093F83D30DBB2122B3ED17B689B68B3F569
:1098A000805F14D17B681B69002B10D17B685B6AD9
:1098B000FB60FB681B881A467B681B68C2F30802C2
:1098C0005A607B685B6A9A1C7B685A6208E07B6816
:1098D0005B6A591C7A6851621A787B681B685A6007
:1098E0007B685B8D9BB2013B9BB27A6819465185C0
:1098F000002B0FD17B681B68DA687B681B6822F03D
:109900008002DA607B681B68DA687B681B6842F05B
:109910004002DA60002300E0022318461437BD46F7
:109920005DF8047B704780B582B000AF78607B68DB
:109930001B68DA687B681B6822F04002DA607B688B
:109940001B685A697B681B6822F001025A617B68B8
:10995000012283F83D207868FFF752FD0023184666
:109960000837BD4680BD80B584B000AF78607B68A5
:1099700093F83D30DBB2222B76D17B689B68B3F540
:10998000805F17D17B681B69002B13D10023FB601C
:109990007B68DB6ABB607B681B685B689BB2C3F358
:1099A00008039AB2BB681A807B68DB6A9A1C7B68E2
:1099B000DA6226E07B68DB6AFB600023BB607B68C1
:1099C0009B68B3F5805F07D07B689B68002B0AD14A
:1099D0007B681B69002B06D17B681B685B68DAB269
:1099E000FB681A7008E07B681B685B68DBB203F0F9
:1099F0007F03DAB2FB681A707B68DB6A5A1C7B68EB
:109A0000DA627B685B8E9BB2013B9AB27B685A86B6
:109A10007B685B8E9BB2002B20D17B681B68DA6869
:109A20007B681B6822F02002DA607B681B68DA68BA
:109A30007B681B6822F48072DA607B681B685A6955
:109A40007B681B6822F001025A617B68012283F85F
:109A50003D207868FFF7E8FC002306E07B681B6880
:109A6000FF225A60002300E0022318461037BD464B
:109A700080BD80B584B000AF78607B6893F83D30DE
:109A8000DBB2322B40F0C4807B685B8D9BB2002B35
:109A90003FD07B681B681B6803F08003802B38D1A4
:109AA0007B689B68B3F5805F16D17B681B69002BD0
:109AB00012D10023FB607B685B6ABB60BB681B88BC
:109AC0001A467B681B68C2F308025A607B685B6AAF
:109AD0009A1C7B685A6208E07B685B6A591C7A684A
:109AE00051621A787B681B685A607B685B8D9BB2F9
:109AF000013B9AB27B685A857B685B8D9BB2002BD9
:109B000007D17B681B68DA687B681B6822F08002DB
:109B1000DA607B685B8E9BB2002B51D07B681B6840
:109B20001B6803F02003202B4AD17B689B68B3F5A8
:109B3000805F17D17B681B69002B13D10023FB606A
:109B40007B68DB6ABB607B681B685B689BB2C3F3A6
:109B500008039AB2BB681A807B68DB6A9A1C7B6830
:109B6000DA6226E07B68DB6AFB600023BB607B680F
:109B70009B68B3F5805F07D07B689B68002B0AD198
:109B80007B681B69002B06D17B681B685B68DAB2B7
:109B9000FB681A7008E07B681B685B68DBB203F047
:109BA0007F03DAB2FB681A707B68DB6A5A1C7B6839
:109BB000DA627B685B8E9BB2013B9AB27B685A8605
:109BC0007B685B8E9BB2002B20D17B681B68DA68B8
:109BD0007B681B6822F02002DA607B681B68DA6809
:109BE0007B681B6822F48072DA607B681B685A69A4
:109BF0007B681B6822F001025A617B68012283F8AE
:109C00003D207868FFF724FC002302E0002300E0F9
:109C1000022318461037BD4680BD2DE9F04FA5B090
:109C200000AFC7F884000023C7F88C30D7F8843021
:109C30001B68D968D7F884301A6821F00C03D36008
:109C4000D7F884301B681B69C7F88C30D7F88C3084
:109C500023F47C53C7F88C30D7F884309A69D7F84E
:109C60008430DB691A43D7F884301B6A1A43D7F86B
:109C70008430DB681A43D7F88C30134343F4006315
:109C8000C7F88C30D7F884301A68D7F88C30136155
:109C9000D7F884301B68DB68C7F88C30D7F88C3075
:109CA00023F4164323F00C03C7F88C30D7F8843024
:109CB0009A68D7F884301B691A43D7F884305B69F7
:109CC0001A43D7F88C30134343F40043C7F88C3061
:109CD000D7F884301A68D7F88C30D360D7F884303E
:109CE0001B685969D7F884301A6821F440735361AE
:109CF000D7F884301A68C84B9A4206D0D7F8843017
:109D00001A68C64B9A4240F0C180F6F719FCC7F8B2
:109D10008800D7F888301C464FF0000522462B46B5
:109D20009118B9655B41FB65D7E91623121945EB1C
:109D300003034FF000004FF00001D90041EA5271D7
:109D4000D00002460B4612EB040A43EB050BD7F892
:109D500084305B681A464FF00003911839655B4107
:109D60007B65D7E91423504659460DF0C3FD0246E2
:109D70000B46AB4BA3FB02235B091E01D7F88830CF
:109D80001C464FF0000522462B469118B9645B41F2
:109D9000FB64D7E91223121945EB03034FF00000CF
:109DA0004FF00001D90041EA5271D00002460B4643
:109DB0001119B9676B41FB67D7F884305B681A46A5
:109DC0004FF00003911839645B417B64D7E910239D
:109DD000D7E91E010DF08EFD02460B46904BA3FB0A
:109DE00002135B09642101FB03F3D31ADB00323356
:109DF0008B4AA2FB03235B095B0003F4F8731E4448
:109E0000D7F8883018464FF0000102460B469418E8
:109E1000BC635B41FB63D7E90E23121841EB0303DC
:109E20004FF000044FF00005DD0045EA5275D40004
:109E300022462B4614183C674B417B67D7F8843089
:109E40005B681A464FF00003911839635B417B63EE
:109E5000D7E90C23D7E91C010DF04CFD02460B4657
:109E60006F4BA3FB02135B09642101FB03F3D31ABD
:109E7000DB0032336A4AA2FB03235B0903F00702CB
:109E8000D7F884301B6832449A60C0E0F6F744FB90
:109E9000C7F88800D7F888301C464FF000052246E6
:109EA0002B469118B9625B41FB62D7E90A2312196C
:109EB00045EB03034FF000004FF00001D90041EAE9
:109EC0005271D00002460B4612EB040843EB050921
:109ED000D7F884305B681A464FF000039118396256
:109EE0005B417B62D7E90823404649460DF002FDFD
:109EF00002460B464A4BA3FB02235B091E01D7F81F
:109F000088301C464FF0000522462B469118B96157
:109F10005B41FB61D7E90623121945EB03034FF0C0
:109F200000004FF00001D90041EA5271D000024612
:109F30000B461119B9666B41FB66D7F884305B6834
:109F40001A464FF00003911839615B417B61D7E9F4
:109F50000423D7E91A010DF0CDFC02460B46304B25
:109F6000A3FB02135B09642101FB03F3D31ADB009B
:109F700032332B4AA2FB03235B095B0003F4F87323
:109F80001E44D7F8883018464FF0000102460B46B1
:109F90009418BC605B41FB60D7E90223121841EBC7
:109FA00003034FF000044FF00005DD0045EA527551
:109FB000D40022462B4614183C664B417B66D7F8EA
:109FC00084305B681A464FF00003911839605B419A
:109FD0007B60D7E90023D7E918010DF08BFC02461E
:109FE0000B460F4BA3FB02135B09642101FB03F338
:109FF000D31ADB0032330A4AA2FB03235B0903F0C6
:10A000000702D7F884301B6832449A6000BF00BF53
:10A010009437BD46BDE8F08F0010014000140140A8
:10A020001F85EB5180B584B000AF786039600123A3
:10A03000FB730023BB60324B1B7E012B01D102233B
:10A040005AE02F4B01221A764CF25030EFF7AAFD5E
:10A050000346FB73FB7B002B4AD13B684FF0FF327A
:10A060001A607B681B68012B17D17B681B69DAB209
:10A070007B685B681946104600F0C8F94CF2503016
:10A08000EFF790FD0346FB731E4B1B691D4A23F43B
:10A09000004323F00403136128E07B689B68BB60E6
:10A0A0001CE07B681B69DBB21946B86800F0E8F970
:10A0B0004CF25030EFF776FD0346FB73114B1B69F2
:10A0C000104A23F0FA031361FB7B002B03D03B689B
:10A0D000BA681A600AE0BB680133BB607B68DA6863
:10A0E0007B689B681344BA689A42DAD300F05CFC40
:10A0F000034B00221A76FB7B18461037BD4680BD05
:10A10000ECE90020003C024080B584B000AF7860EC
:10A110000023FB73254B1B7E012B01D1022340E062
:10A12000224B01221A76224B1B69214A43F080738D
:10A1300013611F4B1B691E4A43F0007313611C4BD4
:10A14000F322DA607B681B68012B10D1174B0222C7
:10A150001A707B685B68154A13617B681B69DAB209
:10A160007B685B681946104600F050F918E00F4B09
:10A1700001221A707B68DB680C4A53607B689B681D
:10A180000A4AD3607B681B69DAB2084B1A727B6893
:10A190009A687B681B69DBB21946104600F070F9BB
:10A1A000FB7B18461037BD4680BD00BFECE90020A0
:10A1B000003C024080B584B000AF78600123FB739F
:10A1C000324B1B7E012B01D102235BE02F4B01227E
:10A1D0001A767B681B6803F00103002B18D07B689C
:10A1E0005B68012B0AD17B689A687B68DB6819463B
:10A1F000104600F093F90346FB7309E07B689A6808
:10A200007B68DB681946104600F0F6F90346FB73DD
:10A210007B681B6803F00203002B07D07B681B6977
:10A22000DBB2184600F00CFB0346FB737B681B682F
:10A2300003F00403002B13D07B681B7E03F0200384
:10A24000D8B27B681B7E03F04003D9B27B681B7ECB
:10A2500023F07F03DBB21A4600F00CFB0346FB73CE
:10A260007B681B6803F00803002B07D07B685B69E1
:10A27000DBB2184600F02EFB0346FB73034B0022B3
:10A280001A76FB7B18461037BD4680BDECE90020EE
:10A2900080B582B000AF78607B680F221A6000F052
:10A2A00047FB03461A467B689A6000F04DFB034665
:10A2B0001A467B681A6100F02BFB03461A467B683E
:10A2C0001A7600F061FB03461A467B685A6100BFAC
:10A2D0000837BD4680BD80B584B000AF78600123EB
:10A2E000FB737B681B6803F00103002B1ED07B68A7
:10A2F0005B68012B0DD17B689B8918467B68DB89E5
:10A3000019467B689B681A4600F004FA0346FB7303
:10A310000CE07B689B8918467B68DB8919467B6863
:10A320009B681A4600F03EFA0346FB737B681B6885
:10A3300003F00203002B06D07B681B7C184600F05C
:10A34000C1F90346FB73FB7B18461037BD4680BD41
:10A3500080B483B000AF78600A4B1B889AB27B68E8
:10A360009A81094B1B889AB27B68DA81074B1B786C
:10A37000DAB27B681A7400BF0C37BD465DF8047B07
:10A38000704700BF163C02401A3C0240143C024099
:10A3900080B483B000AFFF23FB71094B1B78DBB2A5
:10A3A00003F07F03FB71064AFB7963F07F03DBB2A6
:10A3B0001370002318460C37BD465DF8047B7047C8
:10A3C000173C024080B483B000AFFF23FB71084B01
:10A3D0001B78DBB203F07F03FB71054AFB79137036
:10A3E000002318460C37BD465DF8047B704700BF5C
:10A3F000173C024080B400AF034B1B889BB2184649
:10A40000BD465DF8047B70471A3C024080B483B0BF
:10A4100000AF03463960FB71184B1B69174A23F4E0
:10A42000407313613B68032B08D1144B1B69134A1B
:10A4300043F4004343F0040313610FE03B68012B36
:10A4400006D10E4B1B690D4A43F00403136105E06E
:10A450000A4B1B69094A43F400431361074B1A690D
:10A46000FB791B021343054A43F48033136100BF99
:10A470000C37BD465DF8047B704700BF003C0240CE
:10A4800080B485B000AF78600B46FB700023FB60A2
:10A49000FB78002B02D10023FB6010E0FB78012B3E
:10A4A00003D14FF48073FB6009E0FB78022B03D1EA
:10A4B0004FF40073FB6002E04FF44073FB607B6875
:10A4C0000B2B02D97B6804337B60134B1B69124A48
:10A4D00023F440731361104B1A690F49FB6813434F
:10A4E0000B610D4B1B690C4A23F0F80313610A4BF7
:10A4F0001A697B68DB001343074A43F002031361C8
:10A50000054B1B69044A43F48033136100BF1437C1
:10A51000BD465DF8047B7047003C024080B584B0C6
:10A5200000AF786039600023FB734CF25030EFF7D6
:10A5300039FB0346FB73FB7B002B52D17B682B4A14
:10A54000934205D13B68012B06D03B68032B03D017
:10A550007B68B3F5805F1CD27B68244A93420CD1A0
:10A56000234B1B889AB27B681B0B9BB2DB439BB2CD
:10A570001F4913409BB20B8017E01D4B1B889AB2FA
:10A580007B689BB2DB439BB2194913409BB20B80A3
:10A590000BE0184B1B889AB27B681B0B9BB2DB430A
:10A5A0009BB2144913409BB20B807B680F4A9342C5
:10A5B00017D13B68032B14D14CF25030EFF7F2FA6D
:10A5C0000346FB73FB7B002B0BD10A4B1B889AB213
:10A5D0007B681B0B9BB2DB439BB2064913409BB2CB
:10A5E0000B80FB7B18461037BD4680BD00F0FF0096
:10A5F000163C02401A3C024080B584B000AF78603F
:10A6000039600023FB734CF25030EFF7CBFA03466E
:10A61000FB73FB7B002B4AD17B68274A934205D111
:10A620003B68012B06D03B68032B03D07B68B3F556
:10A63000805F18D27B68204A93420AD11F4B1B8847
:10A640009AB27B681B0B9BB21C4913439BB20B80D5
:10A6500013E01A4B1B889AB27B689BB217491343CD
:10A660009BB20B8009E0164B1B889AB27B681B0BD0
:10A670009BB2134913439BB20B807B680E4A9342F3
:10A6800015D13B68032B12D14CF25030EFF78AFA08
:10A690000346FB73FB7B002B09D1094B1B889AB245
:10A6A0007B681B0B9BB2064913439BB20B80FB7B61
:10A6B00018461037BD4680BD00F0FF00163C024032
:10A6C0001A3C024080B584B000AF0346FB71002302
:10A6D000FB734CF25030EFF765FA0346FB73FB7BDC
:10A6E000002B0FD10A4B1B78DBB2094A23F0100371
:10A6F000DBB21370064B1B78DAB20549FB791343C2
:10A70000DBB20B70FB7B18461037BD4680BD00BF27
:10A71000143C024080B586B000AFF860B9607A6042
:10A720000023FB754CF25030EFF73CFA0346FB7503
:10A73000FB7D002B2DD17B68012B02D07B68032B86
:10A7400009D1164B1B889AB2FB689BB2134913437D
:10A750009BB20B8008E0124B1B889AB2BB689BB27D
:10A760000F4913439BB20B807B68032B11D14CF232
:10A770005030EFF717FA0346FB75FB7D002B08D12D
:10A78000074B1B889AB2BB689BB2054913439BB227
:10A790000B80FB7D18461837BD4680BD163C024035
:10A7A0001A3C024080B586B000AFF860B9607A60AC
:10A7B0000023FB754CF25030EFF7F4F90346FB75BC
:10A7C000FB7D002B33D17B68012B02D07B68032BF0
:10A7D0000BD1194B1B889AB2FB689BB2DB439BB22F
:10A7E000154913409BB20B800AE0144B1B889AB2A8
:10A7F000BB689BB2DB439BB2104913409BB20B80FA
:10A800007B68032B13D14CF25030EFF7CBF90346A2
:10A81000FB75FB7D002B0AD1084B1B889AB2BB68E5
:10A820009BB2DB439BB2054913409BB20B80FB7D7F
:10A8300018461837BD4680BD163C02401A3C0240FF
:10A8400080B584B000AF0346FB710023FB734CF26C
:10A850005030EFF7A7F90346FB73FB7B002B02D1C7
:10A86000034AFB791370FB7B18461037BD4680BD49
:10A87000153C024080B584B000AF0346FB710B4627
:10A88000BB7113467B71FF23FB730023BB734CF238
:10A890005030EFF787F90346BB73BB7B002B11D118
:10A8A0000B4B1B78DBB203F01F03FB73BA79FB7B06
:10A8B0001343DAB27B791343DAB20549FB791343C8
:10A8C000DBB20B70BB7B18461037BD4680BD00BFA6
:10A8D000143C024080B483B000AF0346FB710B4BC5
:10A8E0001B78DBB2094A23F00C03DBB21370074B71
:10A8F0001B78DAB20549FB791343DBB20B700023F6
:10A9000018460C37BD465DF8047B7047143C024086
:10A9100080B400AF054B5B69DBB223F01F03DBB2F1
:10A920001846BD465DF8047B704700BF003C0240FE
:10A9300080B400AF034B1B889BB21846BD465DF840
:10A94000047B7047163C024080B483B000AFAA235A
:10A95000FB710C4B1B78DBB2CC2B02D1CC23FB71EF
:10A9600009E0084B1B78DBB2AA2B02D1AA23FB71AA
:10A9700001E05523FB71FB7918460C37BD465DF8A5
:10A98000047B7047153C024080B400AF054B1B7838
:10A99000DBB203F00C03DBB21846BD465DF8047B66
:10A9A000704700BF143C024080B400AF204B1B68CE
:10A9B00003F40073002B17D01D4B1B681C4A23F4B3
:10A9C000007313601A4B1B68194A43F40063136049
:10A9D000174B1B68164A23F400631360144B1B6863
:10A9E000134A43F400731360114B1B6803F4806334
:10A9F000002B17D00E4B1B680D4A23F480631360A5
:10AA00000B4B1B680A4A43F480531360084B1B68C6
:10AA1000074A23F480531360054B1B68044A43F430
:10AA20008063136000BFBD465DF8047B704700BFC4
:10AA3000003C024080B582B000AF78607B68002B9C
:10AA400001D101233FE07B6893F83D30DBB2002B5E
:10AA500006D17B68002283F83C20786800F091F9E9
:10AA60007B68242283F83D207B681B68DA687B685A
:10AA70001B6822F40052DA60786802F09CFC7B6864
:10AA80001B681A697B681B6822F490421A617B6814
:10AA90001B685A697B681B6822F02A025A617B682E
:10AAA0001B68DA687B681B6842F40052DA607B68D6
:10AAB00000221A647B68202283F83D207B682022D4
:10AAC00083F83E20002318460837BD4680BD80B578
:10AAD00082B000AF78607B68002B01D1012347E092
:10AAE0007B6893F83D30DBB2002B06D17B680022F7
:10AAF00083F83C20786800F044F97B68242283F8CE
:10AB00003D207B681B68DA687B681B6822F4005272
:10AB1000DA60786802F04FFC7B681B681A697B6812
:10AB20001B6822F490421A617B681B685A697B6833
:10AB30001B6822F022025A617B681B685A697B6895
:10AB40001B6842F008025A617B681B68DA687B6800
:10AB50001B6842F40052DA607B6800221A647B684A
:10AB6000202283F83D207B68202283F83E200023AA
:10AB700018460837BD4680BD80B582B000AF78600A
:10AB800039607B68002B01D1012357E07B6893F883
:10AB90003D30DBB2002B06D17B68002283F83C20DD
:10ABA000786800F0EEF87B68242283F83D207B680B
:10ABB0001B68DA687B681B6822F40052DA607868E8
:10ABC00002F0F9FB7B681B681A697B681B6822F43A
:10ABD00000621A617B681B685A697B681B6822F0F7
:10ABE0002A025A617B681B681A697B681B6842F4F9
:10ABF00080421A617B681B681A697B681B6822F0B7
:10AC000020021A617B681B6819697B681B683A68B7
:10AC10000A431A617B681B68DA687B681B6842F428
:10AC20000052DA607B6800221A647B68202283F875
:10AC30003D207B68202283F83E20002318460837F9
:10AC4000BD4680BD80B584B000AFF8600B467A6029
:10AC5000FB72FB68002B01D101235FE0FB6893F8D6
:10AC60003D30DBB2002B06D1FB68002283F83C208C
:10AC7000F86800F086F8FB68242283F83D20FB6822
:10AC80001B68DA68FB681B6822F40052DA60F86817
:10AC900002F091FBFB681B681A69FB681B6822F4D1
:10ACA00090421A61FB681B685A69FB681B6822F0B6
:10ACB0002A025A61FB681B681A69FB681B6822F04C
:10ACC0000F021A61FB681B681969FA7AFB681B6836
:10ACD0000A431A61FB681B68DA68FB681B6822F488
:10ACE0000062DA60FB681B68D968FB681B687A68D9
:10ACF0000A43DA60FB681B68DA68FB681B6842F489
:10AD00000052DA60FB6800221A64FB68202283F894
:10AD10003D20FB68202283F83E2000231846103790
:10AD2000BD4680BD80B582B000AF78607B68002BE7
:10AD300001D1012321E07B68242283F83D207B6838
:10AD40001B68DA687B681B6822F40052DA60786856
:10AD500000F021F87B6800221A647B68002283F8E7
:10AD60003D207B68002283F83E207B6800221A6326
:10AD70007B68002283F83C20002318460837BD4634
:10AD800080BD80B483B000AF786000BF0C37BD4693
:10AD90005DF8047B704780B483B000AF786000BF7B
:10ADA0000C37BD465DF8047B704780B58AB002AFB2
:10ADB000F860B9603B601346FB8000237B61FB6851
:10ADC00093F83D30DBB2202B7CD1BB68002B02D046
:10ADD000FB88002B01D1012375E0FB6893F83C3020
:10ADE000012B01D102236EE0FB68012283F83C2095
:10ADF000FB6800221A64FB68212283F83D20F5F7E6
:10AE0000B1FD7861FB68FA889A84FB68FA88DA8475
:10AE1000FB689B68B3F5805F08D1FB681B69002B5A
:10AE200004D10023FB61BB68BB6103E0BB68FB612D
:10AE30000023BB61FB68002283F83C202AE03B68CA
:10AE400000937B6900228021F86801F023FF03460C
:10AE5000002B01D0032336E0FB69002B0BD1BB692B
:10AE60001B881A46FB681B68C2F308025A60BB695C
:10AE70000233BB6107E0FB691A78FB681B685A6004
:10AE8000FB690133FB61FB68DB8C9BB2013B9AB22F
:10AE9000FB68DA84FB68DB8C9BB2002BCFD13B686C
:10AEA00000937B6900224021F86801F0F3FE03461D
:10AEB000002B01D0032306E0FB68202283F83D200D
:10AEC000002300E0022318462037BD4680BD80B530
:10AED0008AB002AFF860B9603B601346FB80002384
:10AEE0007B61FB6893F83E30DBB2202B40F08C8016
:10AEF000BB68002B02D0FB88002B01D1012384E02A
:10AF0000FB6893F83C30012B01D102237DE0FB6804
:10AF1000012283F83C20FB6800221A64FB6822228D
:10AF200083F83E20FB6800221A63F5F71BFD786169
:10AF3000FB68FA889A85FB68FA88DA85FB689B6863
:10AF4000B3F5805F08D1FB681B69002B04D1002397
:10AF5000FB61BB68BB6103E0BB68FB610023BB61B5
:10AF6000FB68002283F83C2043E03B6800937B6948
:10AF700000222021F86801F08DFE0346002B01D04D
:10AF8000032342E0FB69002B0CD1FB681B685B6864
:10AF90009BB2C3F308039AB2BB691A80BB69023340
:10AFA000BB611FE0FB689B68B3F5805F07D0FB685F
:10AFB0009B68002B0AD1FB681B69002B06D1FB683C
:10AFC0001B685B68DAB2FB691A7008E0FB681B68F3
:10AFD0005B68DBB203F07F03DAB2FB691A70FB69CE
:10AFE0000133FB61FB68DB8D9BB2013B9AB2FB68CE
:10AFF000DA85FB68DB8D9BB2002BB6D1FB68202283
:10B0000083F83E20002300E0022318462037BD4687
:10B0100080BD80B485B000AFF860B9601346FB8096
:10B02000FB6893F83D30DBB2202B30D1BB68002B9E
:10B0300002D0FB88002B01D1012329E0FB6893F8A3
:10B040003C30012B01D1022322E0FB68012283F86E
:10B050003C20FB68BA681A62FB68FA889A84FB682D
:10B06000FA88DA84FB6800221A64FB68212283F8DC
:10B070003D20FB68002283F83C20FB681B68DA68EF
:10B08000FB681B6842F08002DA60002300E00223C4
:10B0900018461437BD465DF8047B704780B584B010
:10B0A00000AFF860B9601346FB80FB6893F83E3050
:10B0B000DBB2202B1DD1BB68002B02D0FB88002BFC
:10B0C00001D1012316E0FB6893F83C30012B01D13C
:10B0D00002230FE0FB68012283F83C20FB6800227A
:10B0E0001A63FB881A46B968F86801F041FE034606
:10B0F00000E0022318461037BD4680BD80B58CB0F5
:10B1000000AFF860B9601346FB80FB6893F83D30F0
:10B11000DBB2202B65D1BB68002B02D0FB88002B53
:10B1200001D101235EE0FB6893F83C30012B01D193
:10B13000022357E0FB68012283F83C20BA68FB68D1
:10B140001A62FB68FA889A84FB68FA88DA84FB68DA
:10B1500000221A64FB68212283F83D20FB685B6BA8
:10B16000224ADA63FB685B6B214A1A64FB685B6BFB
:10B17000204ADA64FB685B6B00221A6507F108035A
:10B18000FB62FB68586BFB6A1968FB681B68043339
:10B190001A46FB88ECF7D5FDFB681B686FF0400290
:10B1A0001A60FB68002283F83C20FB681B6814339C
:10B1B000BB61BB6953E8003F7B617B6943F080035F
:10B1C000BB62FB681B681433BA6A7A623B62396AF5
:10B1D0007A6A41E80023FB61FB69002BE5D100237B
:10B1E00000E0022318463037BD4680BDEFC9020893
:10B1F00089CA020801CC020880B584B000AFF860AB
:10B20000B9601346FB80FB6893F83E30DBB2202B1D
:10B210001DD1BB68002B02D0FB88002B01D101237C
:10B2200016E0FB6893F83C30012B01D102230FE0BC
:10B23000FB68012283F83C20FB6800221A63FB882C
:10B240001A46B968F86801F0CDFD034600E0022314
:10B2500018461037BD4680BD80B49DB000AF786001
:10B260000023FB667B6893F83C30012B01D102235D
:10B2700098E07B68012283F83C207B681B685B694F
:10B2800003F08003802B0CBF01230023DBB2FB669D
:10B290007B6893F83D30DBB2212B1CD1FB6E002B79
:10B2A00019D07B681B681433FB64FB6C53E8003FC8
:10B2B000BB64BB6C23F08003BB667B681B681433E4
:10B2C000BA6EBA657B65796DBA6D41E800233B655E
:10B2D0003B6D002BE5D17B681B685B6903F0400385
:10B2E000402B0CBF01230023DBB2FB667B6893F885
:10B2F0003E30DBB2222B50D1FB6E002B4DD07B6851
:10B300001B680C33BB63BB6B53E8003F7B637B6BF9
:10B3100023F480737B667B681B680C337A6E7A64D7
:10B320003B64396C7A6C41E80023FB63FB6B002BB8
:10B33000E5D17B681B6814337B627B6A53E8003F6E
:10B340003B623B6A23F001033B667B681B68143356
:10B350003A6E3A63FB62F96A3A6B41E80023BB62DA
:10B36000BB6A002BE5D17B681B6814333B613B69EA
:10B3700053E8003FFB60FB6823F04003FB657B68FC
:10B380001B681433FA6DFA61BB61B969FA6941E867
:10B3900000237B617B69002BE5D17B68002283F869
:10B3A0003C20002318467437BD465DF8047B704787
:10B3B00080B49DB000AF78607B6893F83C30012B7F
:10B3C00001D1022387E07B68012283F83C207B685F
:10B3D00093F83D30DBB2212B19D17B681B68143305
:10B3E0003B653B6D53E8003FFB64FB6C43F080031F
:10B3F000FB667B681B681433FA6EFA65BB65B96D32
:10B40000FA6D41E800237B657B6D002BE5D17B68FD
:10B4100093F83E30DBB2222B58D10023FB607B68CF
:10B420001B681B68FB607B681B685B68FB60FB68D4
:10B430007B681B680C33FB63FB6B53E8003FBB630B
:10B44000BB6B43F48073BB667B681B680C33BA6EBE
:10B45000BA647B64796CBA6C41E800233B643B6C52
:10B46000002BE5D17B681B681433BB62BB6A53E8D1
:10B47000003F7B627B6A43F001037B667B681B684D
:10B4800014337A6E7A633B63396B7A6B41E800233D
:10B49000FB62FB6A002BE5D17B681B6814337B6180
:10B4A0007B6953E8003F3B613B6943F040033B66E7
:10B4B0007B681B6814333A6E3A62FB61F9693A6A39
:10B4C00041E80023BB61BB69002BE5D17B6800220A
:10B4D00083F83C20002318467437BD465DF8047B92
:10B4E000704780B590B000AF78600023FB637B6845
:10B4F0001B685B6903F08003802B0CBF01230023D2
:10B50000DBB2FB637B6893F83D30DBB2212B28D1A3
:10B51000FB6B002B25D07B681B6814337B627B6A36
:10B5200053E8003F3B623B6A23F08003BB637B68C8
:10B530001B681433BA6B3A63FB62F96A3A6B41E8F1
:10B540000023BB62BB6A002BE5D17B685B6B002BE1
:10B5500004D07B685B6B1846ECF74BFC786801F015
:10B56000DBFC7B681B685B6903F04003402B0CBF6E
:10B5700001230023DBB2FB637B6893F83E30DBB230
:10B58000222B28D1FB6B002B25D07B681B68143342
:10B590003B613B6953E8003FFB60FB6823F04003DD
:10B5A0007B637B681B6814337A6BFA61BB61B96992
:10B5B000FA6941E800237B617B69002BE5D17B6858
:10B5C0009B6B002B04D07B689B6B1846ECF711FC3F
:10B5D000786801F0C9FC002318464037BD4680BD9D
:10B5E00080B588B000AFF860B9603B601346FB805F
:10B5F000FB6893F83E30DBB2202B40F0C980BB687B
:10B60000002B02D0FB88002B01D10123C1E0FB6895
:10B6100093F83C30012B01D10223BAE0FB680122F0
:10B6200083F83C20FB6800221A64FB68222283F81E
:10B630003E20FB6801221A63F5F794F97861FB68F4
:10B64000FA889A85FB68FA88DA85FB689B68B3F507
:10B65000805F08D1FB681B69002B04D10023FB61CC
:10B66000BB68BB6103E0BB68FB610023BB61FB6897
:10B67000002283F83C203B6800221A8074E0FB68BB
:10B680001B681B6803F01003102B14D100233B61CF
:10B69000FB681B681B683B61FB681B685B683B6160
:10B6A0003B693B681B88002B05D0FB68202283F890
:10B6B0003E2000236DE0FB681B681B6803F020033D
:10B6C000202B3CD1FB69002B0CD1FB681B685B680D
:10B6D0009BB2C3F308039AB2BB691A80BB690233F9
:10B6E000BB611FE0FB689B68B3F5805F07D0FB6818
:10B6F0009B68002B0AD1FB681B69002B06D1FB68F5
:10B700001B685B68DAB2FB691A7008E0FB681B68AB
:10B710005B68DBB203F07F03DAB2FB691A70FB6986
:10B720000133FB613B681B8801339AB23B681A8086
:10B73000FB68DB8D9BB2013B9AB2FB68DA85BB6A82
:10B74000B3F1FF3F10D0F5F70DF902467B69D31A2C
:10B75000BA6A9A4202D3BB6A002B05D1FB68202249
:10B7600083F83E20032314E0FB68DB8D9BB2002BA3
:10B7700085D1FB689A8DFB68DB8D9BB2D31A9AB298
:10B780003B681A80FB68202283F83E20002300E0FB
:10B79000022318462037BD4680BD80B58CB000AF6F
:10B7A000F860B9601346FB80FB6893F83E30DBB26B
:10B7B000202B52D1BB68002B02D0FB88002B01D17B
:10B7C00001234BE0FB6893F83C30012B01D10223AD
:10B7D00044E0FB68012283F83C20FB6801221A63E5
:10B7E000FB881A46B968F86801F0C2FA034687F880
:10B7F0002F3097F82F30002B2CD1FB681B6B012BBF
:10B8000025D100233B61FB681B681B683B61FB681B
:10B810001B685B683B613B69FB681B680C33BB6161
:10B82000BB6953E8003F7B617B6943F01003BB6257
:10B83000FB681B680C33BA6A7A623B62396A7A6ABF
:10B8400041E80023FB61FB69002BE5D102E0012305
:10B8500087F82F3097F82F3000E002231846303752
:10B86000BD4680BD80B58CB000AFF860B9601346AE
:10B87000FB80FB6893F83E30DBB2202B52D1BB68D3
:10B88000002B02D0FB88002B01D101234BE0FB6889
:10B8900093F83C30012B01D1022344E0FB680122E4
:10B8A00083F83C20FB6801221A63FB881A46B968BA
:10B8B000F86801F097FA034687F82F3097F82F3091
:10B8C000002B2CD1FB681B6B012B25D100233B6186
:10B8D000FB681B681B683B61FB681B685B683B611E
:10B8E0003B69FB681B680C33BB61BB6953E8003FD5
:10B8F0007B617B6943F01003BB62FB681B680C3300
:10B90000BA6A7A623B62396A7A6A41E80023FB616B
:10B91000FB69002BE5D102E0012387F82F3097F86F
:10B920002F3000E0022318463037BD4680BD80B579
:10B93000A0B000AF78607B681B680C33FB65FB6DC3
:10B9400053E8003FBB65BB6D23F4F073FB677B6876
:10B950001B680C33FA6FBA667B66796EBA6E41E883
:10B9600000233B663B6E002BE5D17B681B681433DC
:10B97000BB64BB6C53E8003F7B647B6C23F001032A
:10B98000BB677B681B681433BA6F7A653B65396D9A
:10B990007A6D41E80023FB64FB6C002BE5D17B68EA
:10B9A0001B6B012B19D17B681B680C337B637B6B92
:10B9B00053E8003F3B633B6B23F010037B677B68DE
:10B9C0001B680C337A6F3A64FB63F96B3A6C41E89D
:10B9D0000023BB63BB6B002BE5D17B681B685B69F5
:10B9E00003F08003802B36D17B681B6814333B62E5
:10B9F0003B6A53E8003FFB61FB6923F080033B6730
:10BA00007B681B6814333A6FFA62BB62B96AFA6AE0
:10BA100041E800237B627B6A002BE5D17B685B6B8E
:10BA2000002B18D07B685B6B00221A657B685B6B10
:10BA30001846ECF7DEF90346002B0CD07B685B6BF5
:10BA40001846ECF79AFD0346202B04D17B681022A0
:10BA50001A64032352E07B681B685B6903F04003B0
:10BA6000402B36D17B681B681433FB60FB6853E8BE
:10BA7000003FBB60BB6823F04003FB667B681B682C
:10BA80001433FA6EBA617B617969BA6941E80023BF
:10BA90003B613B69002BE5D17B689B6B002B18D089
:10BAA0007B689B6B00221A657B689B6B1846ECF7E2
:10BAB000A0F90346002B0CD07B689B6B1846ECF773
:10BAC0005CFD0346202B04D17B6810221A640323FB
:10BAD00014E07B680022DA847B680022DA857B68C8
:10BAE00000221A647B68202283F83E207B68202293
:10BAF00083F83D207B6800221A63002318468037B4
:10BB0000BD4680BD80B58EB000AF78607B681B6895
:10BB10000C333B623B6A53E8003FFB61FB6923F057
:10BB2000C0037B637B681B680C337A6BFA62BB6271
:10BB3000B96AFA6A41E800237B627B6A002BE5D18F
:10BB40007B681B685B6903F08003802B36D17B68C0
:10BB50001B681433FB60FB6853E8003FBB60BB68A5
:10BB600023F080033B637B681B6814333A6BBA6134
:10BB70007B617969BA6941E800233B613B69002B2D
:10BB8000E5D17B685B6B002B18D07B685B6B002278
:10BB90001A657B685B6B1846ECF72BF90346002BA4
:10BBA0000CD07B685B6B1846ECF7E7FC0346202B58
:10BBB00004D17B6810221A64032307E07B6800220B
:10BBC000DA847B68202283F83D200023184638372A
:10BBD000BD4680BD80B59AB000AF78607B681B68B9
:10BBE0000C33BB64BB6C53E8003F7B647B6C23F479
:10BBF00090737B667B681B680C337A6E7A653B6555
:10BC0000396D7A6D41E80023FB64FB6C002BE5D1B4
:10BC10007B681B6814337B637B6B53E8003F3B639B
:10BC20003B6B23F001033B667B681B6814333A6E61
:10BC30003A64FB63F96B3A6C41E80023BB63BB6B6E
:10BC4000002BE5D17B681B6B012B19D17B681B682E
:10BC50000C333B623B6A53E8003FFB61FB6923F016
:10BC60001003FB657B681B680C33FA6DFA62BB62DC
:10BC7000B96AFA6A41E800237B627B6A002BE5D14E
:10BC80007B681B685B6903F04003402B36D17B68FF
:10BC90001B681433FB60FB6853E8003FBB60BB6864
:10BCA00023F04003BB657B681B681433BA6DBA612F
:10BCB0007B617969BA6941E800233B613B69002BEC
:10BCC000E5D17B689B6B002B18D07B689B6B0022B7
:10BCD0001A657B689B6B1846ECF78BF80346002BC4
:10BCE0000CD07B689B6B1846ECF747FC0346202B77
:10BCF00004D17B6810221A6403230AE07B680022C7
:10BD0000DA857B68202283F83E207B6800221A6354
:10BD1000002318466837BD4680BD80B5A2B000AF8D
:10BD200078600123C7F884307B681B680C333B665E
:10BD30003B6E53E8003FFB65FB6D23F4F073C7F8DF
:10BD400080307B681B680C33D7F88020FA66BB66AE
:10BD5000B96EFA6E41E800237B667B6E002BE3D15F
:10BD60007B681B681433FB64FB6C53E8003FBB64C7
:10BD7000BB6C23F00103FB677B681B681433FA6F0D
:10BD8000BA657B65796DBA6D41E800233B653B6D13
:10BD9000002BE5D17B681B6B012B19D17B681B68DD
:10BDA0000C33BB63BB6B53E8003F7B637B6B23F0BF
:10BDB0001003BB677B681B680C33BA6F7A643B6403
:10BDC000396C7A6C41E80023FB63FB6B002BE5D1F7
:10BDD0007B685B6B002B0FD07B681B685B6903F093
:10BDE0008003802B04D17B685B6B544A1A6503E0A7
:10BDF0007B685B6B00221A657B689B6B002B0FD006
:10BE00007B681B685B6903F04003402B04D17B68AF
:10BE10009B6B4B4A1A6503E07B689B6B00221A659B
:10BE20007B681B685B6903F08003802B2DD17B68E6
:10BE30001B6814337B627B6A53E8003F3B623B6ABA
:10BE400023F080037B677B681B6814337A6F3A6347
:10BE5000FB62F96A3A6B41E80023BB62BB6A002BC4
:10BE6000E5D17B685B6B002B0FD07B685B6B184662
:10BE7000ECF72FF80346002B04D07B685B6B0022A5
:10BE80001A6502E00023C7F884307B681B685B6991
:10BE900003F04003402B30D17B681B6814333B61B7
:10BEA0003B6953E8003FFB60FB6823F040033B67BE
:10BEB0007B681B6814333A6FFA61BB61B969FA6930
:10BEC00041E800237B617B69002BE5D17B689B6B9C
:10BED000002B12D07B689B6B1846EBF7FAFF0346EA
:10BEE000002B07D07B689B6B00221A650123C7F8E3
:10BEF000843002E00023C7F88430D7F88430012B67
:10BF000016D17B680022DA847B680022DA857B68A0
:10BF100000221A647B68202283F83D207B6820225F
:10BF200083F83E207B6800221A63786800F0EFFBFC
:10BF3000002318468837BD4680BD00BF57D0020891
:10BF4000B7D0020880B58EB000AF78607B681B6800
:10BF50000C333B623B6A53E8003FFB61FB6923F013
:10BF6000C0037B637B681B680C337A6BFA62BB622D
:10BF7000B96AFA6A41E800237B627B6A002BE5D14B
:10BF80007B681B685B6903F08003802B3CD17B6876
:10BF90001B681433FB60FB6853E8003FBB60BB6861
:10BFA00023F080033B637B681B6814333A6BBA61F0
:10BFB0007B617969BA6941E800233B613B69002BE9
:10BFC000E5D17B685B6B002B13D07B685B6B164AFB
:10BFD0001A657B685B6B1846EBF77BFF0346002B0B
:10BFE0001CD07B685B6B1B6D7A68526B1046984760
:10BFF00014E07B680022DA847B68202283F83D20ED
:10C00000786800F08EFB09E07B680022DA847B68A8
:10C01000202283F83D20786800F083FB0023184637
:10C020003837BD4680BD00BF17D1020880B59AB031
:10C0300000AF78607B681B680C33BB64BB6C53E853
:10C04000003F7B647B6C23F490737B667B681B688A
:10C050000C337A6E7A653B65396D7A6D41E8002361
:10C06000FB64FB6C002BE5D17B681B6814337B639E
:10C070007B6B53E8003F3B633B6B23F001033B6664
:10C080007B681B6814333A6E3A64FB63F96B3A6C55
:10C0900041E80023BB63BB6B002BE5D17B681B6BC6
:10C0A000012B19D17B681B680C333B623B6A53E858
:10C0B000003FFB61FB6923F01003FB657B681B6895
:10C0C0000C33FA6DFA62BB62B96AFA6A41E800237E
:10C0D0007B627B6A002BE5D17B681B685B6903F0A0
:10C0E0004003402B3FD17B681B681433FB60FB6827
:10C0F00053E8003FBB60BB6823F04003BB657B682F
:10C100001B681433BA6DBA617B617969BA6941E819
:10C1100000233B613B69002BE5D17B689B6B002BC7
:10C1200013D07B689B6B194A1A657B689B6B18461A
:10C13000EBF7CFFE0346002B22D07B689B6B1B6D79
:10C140007A68926B104698471AE07B680022DA857D
:10C150007B68202283F83E207B6800221A6378687F
:10C1600000F0E9FA0CE07B680022DA857B68202287
:10C1700083F83E207B6800221A63786800F0DBFABF
:10C18000002318466837BD4680BD00BF41D1020874
:10C1900080B5BAB000AF78607B681B681B68C7F8D1
:10C1A000E4307B681B68DB68C7F8E0307B681B689D
:10C1B0005B69C7F8DC300023C7F8D8300023C7F824
:10C1C000D430D7F8E43003F00F03C7F8D830D7F8ED
:10C1D000D830002B0FD1D7F8E43003F02003002B28
:10C1E00009D0D7F8E03003F02003002B03D07868A3
:10C1F00001F026F856E2D7F8D830002B00F0DE80A8
:10C20000D7F8DC3003F00103002B06D1D7F8E0307B
:10C2100003F49073002B00F0D180D7F8E43003F0E2
:10C220000103002B0BD0D7F8E03003F48073002B10
:10C2300005D07B681B6C43F001027B681A64D7F859
:10C24000E43003F00403002B0BD0D7F8DC3003F00C
:10C250000103002B05D07B681B6C43F002027B6856
:10C260001A64D7F8E43003F00203002B0BD0D7F8A0
:10C27000DC3003F00103002B05D07B681B6C43F01E
:10C2800004027B681A64D7F8E43003F00803002B3B
:10C2900011D0D7F8E03003F02003002B05D1D7F8F8
:10C2A000DC3003F00103002B05D07B681B6C43F0EE
:10C2B00008027B681A647B681B6C002B00F0ED8120
:10C2C000D7F8E43003F02003002B08D0D7F8E03093
:10C2D00003F02003002B02D0786800F0B1FF7B68E8
:10C2E0001B685B6903F04003402B0CBF0123002354
:10C2F000DBB2C7F8D4307B681B6C03F00803002B5B
:10C3000003D1D7F8D430002B4FD0786800F02CFE42
:10C310007B681B685B6903F04003402B41D17B685D
:10C320001B681433C7F89C30D7F89C3053E8003FA3
:10C33000C7F89830D7F8983023F04003C7F8D030CA
:10C340007B681B681433D7F8D020C7F8A820C7F83B
:10C35000A430D7F8A410D7F8A82041E80023C7F8E4
:10C36000A030D7F8A030002BD9D17B689B6B002B75
:10C3700013D07B689B6B7D4A1A657B689B6B184664
:10C38000EBF7A7FD0346002B16D07B689B6B1B6D5C
:10C390007A68926B104698470EE0786800F0ADF925
:10C3A0000AE0786800F0A9F906E0786800F0A5F9DD
:10C3B0007B6800221A6470E100BF6EE17B681B6B32
:10C3C000012B40F04A81D7F8E43003F01003002B32
:10C3D00000F04381D7F8E03003F01003002B00F0A9
:10C3E0003C810023BB607B681B681B68BB607B686B
:10C3F0001B685B68BB60BB687B681B685B6903F09C
:10C400004003402B40F0B4807B689B6B1B685B68EB
:10C41000A7F8BE30B7F8BE30002B00F040817B6833
:10C420009B8DB7F8BE209A4280F039817B68B7F8BF
:10C43000BE20DA857B689B6BDB69B3F5807F00F0FB
:10C4400088807B681B680C33C7F88830D7F8883041
:10C4500053E8003FC7F88430D7F8843023F4807362
:10C46000C7F8B8307B681B680C33D7F8B820C7F81A
:10C470009420C7F89030D7F89010D7F8942041E86E
:10C480000023C7F88C30D7F88C30002BD9D17B68CB
:10C490001B6814337B677B6F53E8003F3B673B6F40
:10C4A00023F00103C7F8B4307B681B681433D7F856
:10C4B000B420C7F88020FB67F96FD7F8802041E8E7
:10C4C0000023BB67BB6F002BE1D17B681B68143373
:10C4D0003B663B6E53E8003FFB65FB6D23F040037A
:10C4E000C7F8B0307B681B681433D7F8B020FA6601
:10C4F000BB66B96EFA6E41E800237B667B6E002B4B
:10C50000E3D17B68202283F83E207B6800221A63F7
:10C510007B681B680C33FB64FB6C53E8003FBB6417
:10C52000BB6C23F01003C7F8AC307B681B680C337E
:10C53000D7F8AC20BA657B65796DBA6D41E8002308
:10C540003B653B6D002BE3D17B689B6B1846EBF79B
:10C5500050FC7B689A8D7B68DB8D9BB2D31A9BB2B3
:10C560001946786800F0F1F899E000BF2FD0020872
:10C570007B689A8D7B68DB8D9BB2D31AA7F8CE308F
:10C580007B68DB8D9BB2002B00F08B80B7F8CE3040
:10C59000002B00F086807B681B680C33BB63BB6B91
:10C5A00053E8003F7B637B6B23F49073C7F8C8307C
:10C5B0007B681B680C33D7F8C8207A643B64396CFD
:10C5C0007A6C41E80023FB63FB6B002BE3D17B68B3
:10C5D0001B6814337B627B6A53E8003F3B623B6A13
:10C5E00023F00103C7F8C4307B681B681433D7F805
:10C5F000C4203A63FB62F96A3A6B41E80023BB62EC
:10C60000BB6A002BE3D17B68202283F83E207B6845
:10C6100000221A637B681B680C333B613B6953E85B
:10C62000003FFB60FB6823F01003C7F8C0307B6855
:10C630001B680C33D7F8C020FA61BB61B969FA698D
:10C6400041E800237B617B69002BE3D1B7F8CE3052
:10C650001946786800F079F823E0D7F8E43003F061
:10C660008003002B09D0D7F8E03003F08003002BC3
:10C6700003D0786800F07CFD14E0D7F8E43003F0D4
:10C680004003002B0ED0D7F8E03003F04003002B1E
:10C6900008D0786800F0BCFD04E000BF02E000BFF5
:10C6A00000E000BFE837BD4680BD80B483B000AF76
:10C6B000786000BF0C37BD465DF8047B704780B4DE
:10C6C00083B000AF786000BF0C37BD465DF8047BD7
:10C6D000704780B483B000AF786000BF0C37BD46B0
:10C6E0005DF8047B704780B483B000AF786000BF12
:10C6F0000C37BD465DF8047B704780B483B000AF53
:10C70000786000BF0C37BD465DF8047B704780B48D
:10C7100083B000AF786000BF0C37BD465DF8047B86
:10C72000704780B483B000AF786000BF0C37BD465F
:10C730005DF8047B704780B483B000AF786000BFC1
:10C740000C37BD465DF8047B704780B483B000AF02
:10C7500078600B467B8000BF0C37BD465DF8047BDC
:10C76000704780B489B000AF78607B6893F83C3044
:10C77000012B01D102232AE07B68012283F83C20AF
:10C780007B68242283F83D207B681B680C33FB60A8
:10C79000FB6853E8003FBB60BB6843F00103FB61EB
:10C7A0007B681B680C33FA69BA617B617969BA6985
:10C7B00041E800233B613B69002BE5D17B682022E7
:10C7C00083F83D207B68002283F83C200023184634
:10C7D0002437BD465DF8047B704780B489B000AF54
:10C7E00078607B6893F83C30012B01D102232AE06A
:10C7F0007B68012283F83C207B68242283F83D205B
:10C800007B681B680C33FB60FB6853E8003FBB6030
:10C81000BB6843F00203FB617B681B680C33FA6959
:10C82000BA617B617969BA6941E800233B613B6980
:10C83000002BE5D17B68202283F83D207B68002215
:10C8400083F83C20002318462437BD465DF8047B5E
:10C85000704780B489B000AF78607B6893F83C3053
:10C86000012B01D102232AE07B68012283F83C20BE
:10C870007B68242283F83D207B681B680C33FB60B7
:10C88000FB6853E8003FBB60BB6823F00203FB6119
:10C890007B681B680C33FA69BA617B617969BA6994
:10C8A00041E800233B613B69002BE5D17B682022F6
:10C8B00083F83D207B68002283F83C200023184643
:10C8C0002437BD465DF8047B704780B485B000AF67
:10C8D00078600023FB607B6893F83C30012B01D12A
:10C8E000022320E07B68012283F83C207B6824221D
:10C8F00083F83D207B681B68DB68FB60FB6823F0E6
:10C900000C03FB60FB6843F00803FB607B681B685B
:10C91000FA68DA607B68202283F83D207B68002279
:10C9200083F83C20002318461437BD465DF8047B8D
:10C93000704780B485B000AF78600023FB607B68EF
:10C9400093F83C30012B01D1022320E07B680122C7
:10C9500083F83C207B68242283F83D207B681B6899
:10C96000DB68FB60FB6823F00C03FB60FB6843F0B3
:10C970000403FB607B681B68FA68DA607B6820222E
:10C9800083F83D207B68002283F83C200023184672
:10C990001437BD465DF8047B704780B485B000AFA6
:10C9A00078600023FB600023BB607B6893F83D3018
:10C9B000DBB2FB607B6893F83E30DBB2BB60FB68A8
:10C9C000DAB2BB68DBB21343DBB218461437BD469C
:10C9D0005DF8047B704780B483B000AF78607B68FB
:10C9E0001B6C18460C37BD465DF8047B704780B55C
:10C9F00090B000AF78607B689B6BFB637B681B68C3
:10CA00001B6803F48073002B37D1FB6B0022DA84A0
:10CA1000FB6B1B6814337B627B6A53E8003F3B620D
:10CA20003B6A23F08003BB63FB6B1B681433BA6B58
:10CA30003A63FB62F96A3A6B41E80023BB62BB6A66
:10CA4000002BE5D1FB6B1B680C333B613B6953E862
:10CA5000003FFB60FB6843F040037B63FB6B1B689C
:10CA60000C337A6BFA61BB61B969FA6941E800235A
:10CA70007B617B69002BE5D102E0F86BFFF715FEC7
:10CA800000BF4037BD4680BD80B584B000AF786040
:10CA90007B689B6BFB60F868FFF711FE00BF1037E7
:10CAA000BD4680BD80B59CB000AF78607B689B6B55
:10CAB000FB667B681B681B6803F48073002B72D1D4
:10CAC000FB6E0022DA85FB6E1B680C33FB64FB6C8B
:10CAD00053E8003FBB64BB6C23F48073BB66FB6E02
:10CAE0001B680C33BA6EBA657B65796DBA6D41E827
:10CAF00000233B653B6D002BE5D1FB6E1B681433B7
:10CB0000BB63BB6B53E8003F7B637B6B23F001038C
:10CB10007B66FB6E1B6814337A6E7A643B64396CF7
:10CB20007A6C41E80023FB63FB6B002BE5D1FB6EC5
:10CB30001B6814337B627B6A53E8003F3B623B6AAD
:10CB400023F040033B66FB6E1B6814333A6E3A6376
:10CB5000FB62F96A3A6B41E80023BB62BB6A002BB7
:10CB6000E5D1FB6E202283F83E20FB6E1B6B012B70
:10CB700019D1FB6E1B680C333B613B6953E8003FE6
:10CB8000FB60FB6823F01003FB65FB6E1B680C3336
:10CB9000FA6DFA61BB61B969FA6941E800237B610A
:10CBA0007B69002BE5D1FB6E1B6B012B06D1FB6E65
:10CBB0009B8D1946F86EFFF7C8FD02E0F86EFFF78F
:10CBC00088FD00BF7037BD4680BD80B584B000AF22
:10CBD00078607B689B6BFB60FB681B6B012B08D14B
:10CBE000FB689B8D5B089BB21946F868FFF7ADFDAB
:10CBF00002E0F868FFF777FD00BF1037BD4680BD43
:10CC000080B584B000AF78600023FB607B689B6BCD
:10CC1000BB60BB681B685B6903F08003802B0CBFA3
:10CC200001230023DBB2FB60BB6893F83D30DBB22D
:10CC3000212B08D1FB68002B05D0BB680022DA84C9
:10CC4000B86800F069F9BB681B685B6903F04003D2
:10CC5000402B0CBF01230023DBB2FB60BB6893F8C1
:10CC60003E30DBB2222B08D1FB68002B05D0BB681D
:10CC70000022DA85B86800F077F9BB681B6C43F0D6
:10CC80001002BB681A64B868FFF737FD00BF1037A1
:10CC9000BD4680BD80B590B000AFF860B9603B6024
:10CCA0001346FB7150E0BB6CB3F1FF3F4CD0BB6C43
:10CCB000002B07D0F3F756FE02463B68D31ABA6C36
:10CCC0009A4241D2FB681B680C33BB62BB6A53E8D3
:10CCD000003F7B627B6A23F4D073FB63FB681B68B5
:10CCE0000C33FA6B7A633B63396B7A6B41E8002350
:10CCF000FB62FB6A002BE5D1FB681B6814337B6188
:10CD00007B6953E8003F3B613B6923F00103BB6350
:10CD1000FB681B681433BA6B3A62FB61F9693A6AC3
:10CD200041E80023BB61BB69002BE5D1FB682022F1
:10CD300083F83D20FB68202283F83E20FB68002218
:10CD400083F83C2003230FE0FB681B681A68BB686C
:10CD50001340BA689A420CBF01230023DBB21A4683
:10CD6000FB799A429FD0002318464037BD4680BDCC
:10CD700080B485B000AFF860B9601346FB80FB68F3
:10CD8000BA689A62FB68FA889A85FB68FA88DA853D
:10CD9000FB6800221A64FB68222283F83E20FB68AD
:10CDA000002283F83C20FB681B68DA68FB681B687C
:10CDB00042F48072DA60FB681B685A69FB681B6882
:10CDC00042F001025A61FB681B68DA68FB681B6865
:10CDD00042F02002DA60002318461437BD465DF8A1
:10CDE000047B704780B598B000AFF860B960134617
:10CDF000FB80BA68FB689A62FB68FA889A85FB68D0
:10CE000000221A64FB68222283F83E20FB689B6B99
:10CE10003E4ADA63FB689B6B3D4A1A64FB689B6B76
:10CE20003C4ADA64FB689B6B00221A6507F1080331
:10CE3000FB65FB68986BFB681B6804331946FB6D48
:10CE40001A68FB88EAF77DFF00233B61FB681B68DB
:10CE50001B683B61FB681B685B683B613B69FB6867
:10CE6000002283F83C20FB681B680C333B643B6C5E
:10CE700053E8003FFB63FB6B43F48073BB65FB68C7
:10CE80001B680C33BA6DFA64BB64B96CFA6C41E888
:10CE900000237B647B6C002BE5D1FB681B6814339B
:10CEA000FB62FB6A53E8003FBB62BB6A43F00103CD
:10CEB0007B65FB681B6814337A6DBA637B63796B9F
:10CEC000BA6B41E800233B633B6B002BE5D1FB6869
:10CED0001B681433BB61BB6953E8003F7B617B690E
:10CEE00043F040033B65FB681B6814333A6D7A627C
:10CEF0003B62396A7A6A41E80023FB61FB69002BD7
:10CF0000E5D1002318466037BD4680BDA5CA02089A
:10CF1000CBCB020801CC020880B489B000AF7860A6
:10CF20007B681B680C33FB60FB6853E8003FBB6009
:10CF3000BB6823F0C003FB617B681B680C33FA6994
:10CF4000BA617B617969BA6941E800233B613B6959
:10CF5000002BE5D17B68202283F83D2000BF2437D9
:10CF6000BD465DF8047B704780B495B000AF786033
:10CF70007B681B680C337B637B6B53E8003F3B6330
:10CF80003B6B23F49073FB647B681B680C33FA6C77
:10CF90003A64FB63F96B3A6C41E80023BB63BB6BFB
:10CFA000002BE5D17B681B6814333B623B6A53E876
:10CFB000003FFB61FB6923F00103BB647B681B68D6
:10CFC0001433BA6CFA62BB62B96AFA6A41E80023A8
:10CFD0007B627B6A002BE5D17B681B6B012B19D12F
:10CFE0007B681B680C33FB60FB6853E8003FBB6049
:10CFF000BB6823F010037B647B681B680C337A6C7E
:10D00000BA617B617969BA6941E800233B613B6998
:10D01000002BE5D17B68202283F83E207B6800222C
:10D020001A6300BF5437BD465DF8047B704780B576
:10D0300084B000AF78607B689B6BFB60FB6800226C
:10D04000DA85FB680022DA84F868FFF756FB00BF38
:10D050001037BD4680BD80B584B000AF78607B6876
:10D060009B6BFB60FB685B6B00221A65FB689B6B2C
:10D07000002B04D0FB689B6B1B6D002B17D1FB684A
:10D080000022DA84FB680022DA85FB6800221A6439
:10D09000FB68202283F83D20FB68202283F83E2095
:10D0A000FB6800221A63F868FFF731FB00E000BF5D
:10D0B0001037BD4680BD80B584B000AF78607B6816
:10D0C0009B6BFB60FB689B6B00221A65FB685B6BCC
:10D0D000002B04D0FB685B6B1B6D002B17D1FB682A
:10D0E0000022DA84FB680022DA85FB6800221A64D9
:10D0F000FB68202283F83D20FB68202283F83E2035
:10D10000FB6800221A63F868FFF701FB00E000BF2C
:10D110001037BD4680BD80B584B000AF78607B68B5
:10D120009B6BFB60FB680022DA84FB68202283F89B
:10D130003D20F868FFF7F5FA00BF1037BD4680BD07
:10D1400080B584B000AF78607B689B6BFB60FB6848
:10D150000022DA85FB68202283F83E20FB6800224B
:10D160001A63F868FFF7E7FA00BF1037BD4680BDC5
:10D1700080B485B000AF78607B6893F83D30DBB257
:10D18000212B3ED17B689B68B3F5805F14D17B680F
:10D190001B69002B10D17B681B6AFB60FB681B8836
:10D1A0001A467B681B68C2F308025A607B681B6AD8
:10D1B0009A1C7B681A6208E07B681B6A591C7A68B3
:10D1C00011621A787B681B685A607B68DB8C9BB2A3
:10D1D000013B9BB27A681946D184002B0FD17B6842
:10D1E0001B68DA687B681B6822F08002DA607B6863
:10D1F0001B68DA687B681B6842F04002DA60002333
:10D2000000E0022318461437BD465DF8047B7047E2
:10D2100080B582B000AF78607B681B68DA687B6895
:10D220001B6822F04002DA607B68202283F83D20F0
:10D230007868FFF73AFA002318460837BD4680BDE4
:10D2400080B58CB000AF78607B6893F83E30DBB27D
:10D25000222B40F0AB807B689B68B3F5805F17D1D1
:10D260007B681B69002B13D10023FB627B689B6AE0
:10D27000BB627B681B685B689BB2C3F308039AB20E
:10D28000BB6A1A807B689B6A9A1C7B689A6226E05C
:10D290007B689B6AFB620023BB627B689B68B3F57B
:10D2A000805F07D07B689B68002B0AD17B681B6975
:10D2B000002B06D17B681B685B68DAB2FB6A1A70C8
:10D2C00008E07B681B685B68DBB203F07F03DAB2BF
:10D2D000FB6A1A707B689B6A5A1C7B689A627B683F
:10D2E000DB8D9BB2013B9BB27A681946D185002B3E
:10D2F0005AD17B681B68DA687B681B6822F02002C1
:10D30000DA607B681B68DA687B681B6822F48072CD
:10D31000DA607B681B685A697B681B6822F001022F
:10D320005A617B68202283F83E207B681B6B012BAF
:10D3300035D17B6800221A637B681B680C337B61E4
:10D340007B6953E8003F3B613B6923F010037B623C
:10D350007B681B680C337A6A3A62FB61F9693A6A46
:10D3600041E80023BB61BB69002BE5D17B681B68EA
:10D370001B6803F01003102B0AD10023FB607B68AD
:10D380001B681B68FB607B681B685B68FB60FB6855
:10D390007B689B8D19467868FFF7D7F902E07868BB
:10D3A000FFF797F9002302E0002300E0022318466C
:10D3B0003037BD4680BD2DE9F04F9FB000AFF86615
:10D3C000FB6E1B681B6923F44050FB6ED968FB6E33
:10D3D0001A6840EA01031361FB6E9A68FB6E1B69D1
:10D3E0001A43FB6E5B691A43FB6EDB6913433B67B1
:10D3F000FB6E1B68DB6823F4164121F00C01FB6E09
:10D400001A683B6F0B43D360FB6E1B685B6923F4A8
:10D410004070FB6E9969FB6E1A6840EA0103536124
:10D42000FB6E1A68C44B9A4204D0FB6E1A68C34B59
:10D430009A4203D1F3F784F8786702E0F3F76CF8C7
:10D440007867FB6EDB69B3F5004F40F0B6807B6F09
:10D450001C464FF0000522462B46911839645B416B
:10D460007B64D7E91023121945EB03034FF000004A
:10D470004FF00001D90041EA5271D00002460B463C
:10D48000111939666B417B66FB6E5B681A464FF07B
:10D4900000039118B9635B41FB63D7E90E23D7E919
:10D4A00018010AF027FA02460B46A54BA3FB0223FC
:10D4B0005B091E017B6F1C464FF0000522462B4680
:10D4C000911839635B417B63D7E90C23121945EB53
:10D4D00003034FF000004FF00001D90041EA527100
:10D4E000D00002460B461119B9656B41FB65FB6E16
:10D4F0005B681A464FF000039118B9625B41FB620A
:10D50000D7E90A23D7E916010AF0F4F902460B46D7
:10D510008B4BA3FB02135B09642101FB03F3D31ABA
:10D52000DB003233864AA2FB03235B095B0003F472
:10D53000F8731E447B6F18464FF0000102460B46FD
:10D5400094183C625B417B62D7E90823121841EBD7
:10D5500003034FF000044FF00005DD0045EA52756B
:10D56000D40022462B4614183C654B417B65FB6E6C
:10D570005B681A464FF000039118B9615B41FB618B
:10D58000D7E90623D7E914010AF0B4F902460B469D
:10D590006B4BA3FB02135B09642101FB03F3D31A5A
:10D5A000DB003233664AA2FB03235B0903F0070268
:10D5B000FB6E1B6832449A60B9E07B6F1C464FF0EB
:10D5C000000522462B46911839615B417B61D7E902
:10D5D0000423121945EB03034FF000004FF0000144
:10D5E000D90041EA5271D00002460B4612EB040802
:10D5F00043EB0509FB6E5B6818464FF000014FF0E6
:10D6000000024FF000038B0043EA90738200404613
:10D6100049460AF06FF902460B46494BA3FB022329
:10D620005B091E017B6F18464FF0000102460B4656
:10D630009418BC605B41FB60D7E90223121841EBF0
:10D6400003034FF000044FF00005DD0045EA52757A
:10D65000D40022462B461418BC644B41FB64FB6E7D
:10D660005B6818464FF000014FF000024FF00003D6
:10D670008B0043EA90738200D7E912010AF03AF96D
:10D6800002460B462E4BA3FB02135B09642101FBF0
:10D6900003F3D31A1B013233294AA2FB03235B098C
:10D6A00003F0F0031E447B6F18464FF00001024662
:10D6B0000B4694183C605B417B60D7E9002312184D
:10D6C00041EB03034FF000044FF00005DD0045EA95
:10D6D0005275D40022462B4612EB000A43EB010B95
:10D6E000FB6E5B6818464FF000014FF000024FF0F0
:10D6F00000038B0043EA90738200504659460AF0BB
:10D70000F9F802460B460E4BA3FB02135B0964219A
:10D7100001FB03F3D31A1B013233094AA2FB032393
:10D720005B0903F00F02FB6E1B6832449A6000BF76
:10D730007C37BD46BDE8F08F001001400014014069
:10D740001F85EB5180B582B000AF0346FB71FB79BA
:10D75000184600F008FC00BF0837BD4680BD80B405
:10D7600000AF00BFBD465DF8047B704780B582B056
:10D7700000AF0023FB710A2000F064FC0346FB713C
:10D78000FB7918460837BD4680BD80B400AF00BFA6
:10D79000BD465DF8047B704780B582B000AF78600D
:10D7A0007B68DBB2184600F0DEFB7B681846083762
:10D7B000BD4680BD80B582B000AF0023FB710A205A
:10D7C00000F040FC0346FB71FB7918460837BD4664
:10D7D00080BD0FB480B582B000AF07F114037B6049
:10D7E0007968386902F0C8FD00BF0837BD46BDE85A
:10D7F000804004B07047000080B400AF00BFBD4659
:10D800005DF8047B704780B400AF01231846BD4625
:10D810005DF8047B704780B582B000AF78603960F6
:10D8200000F084FE034616221A604FF0FF331846BC
:10D830000837BD4680BD80B582B000AF78604FF03C
:10D84000FF317868FFF7E7FFFEE780B586B000AFED
:10D85000F860B9607A6000237B610AE0FFF7AAFFF5
:10D860000146BB685A1CBA60CAB21A707B690133A0
:10D870007B617A697B689A42F0DB7B6818461837CF
:10D88000BD4680BD80B586B000AFF860B9607A60F3
:10D8900000237B6109E0BB685A1CBA601B781846FC
:10D8A000FFF77AFF7B6901337B617A697B689A4273
:10D8B000F1DB7B6818461837BD4680BD80B584B063
:10D8C00000AF7860114B1B68002B02D10F4B104A40
:10D8D0001A600E4B1B68FB600C4B1A687B68134484
:10D8E0006A46934207D900F021FE03460C221A60D3
:10D8F0004FF0FF3306E0054B1A687B681344034A78
:10D900001360FB6818461037BD4680BD00E9002053
:10D9100018EA002080B483B000AF78604FF0FF3386
:10D9200018460C37BD465DF8047B704780B483B061
:10D9300000AF786039603B684FF400525A600023B2
:10D9400018460C37BD465DF8047B704780B483B041
:10D9500000AF7860012318460C37BD465DF8047BA4
:10D96000704780B485B000AFF860B9607A6000237A
:10D9700018461437BD465DF8047B70470EB480B47A
:10D9800082B000AF78604FF0FF3318460837BD46CD
:10D990005DF8047B03B0704780B582B000AF78605B
:10D9A00000F0C4FD03460A221A604FF0FF33184608
:10D9B0000837BD4680BD80B582B000AF786000F00A
:10D9C000B5FD034602221A604FF0FF3318460837B0
:10D9D000BD4680BD80B483B000AF78604FF0FF33A8
:10D9E00018460C37BD465DF8047B704780B483B0A1
:10D9F00000AF786039603B684FF400525A600023F2
:10DA000018460C37BD465DF8047B704780B582B080
:10DA100000AF7860396000F089FD03461F221A606C
:10DA20004FF0FF3318460837BD4680BD80B500AFC4
:10DA300000F07CFD03460B221A604FF0FF331846BE
:10DA400080BD80B584B000AFF860B9607A6000F046
:10DA50006DFD03460C221A604FF0FF331846103755
:10DA6000BD4680BD80B500AFF2F7DCFE00F0E4F803
:10DA700000F044FB084BDB68074A43F08073D36037
:10DA8000064B00225A60054B1B68044A43F0010311
:10DA9000136000BF80BD00BFF0ED00E0001000E0AB
:10DAA00080B483B000AF00237B60194B1B6B184A16
:10DAB00043F002031363164B1B6B03F002037B60FE
:10DAC0007B68144B1B68144A1A401249134B1343CA
:10DAD0000B60104B9B68104A1A400E49104B1343C1
:10DAE0008B600C4B5B680B4A23F4814323F00103EA
:10DAF0005360084BDB68084A1A400649074B13433A
:10DB0000CB6000BF0C37BD465DF8047B704700BF9B
:10DB10000038024000040240FC3FFFCF01400010EB
:10DB20000280002080B483B000AF0346FB71FB7914
:10DB300003F00103002B05D0104B9B690F4A43F003
:10DB400001039361FB7903F00203002B05D00B4B1B
:10DB50009B690A4A43F080039361FB7903F0040355
:10DB6000002B05D0054B9B69044A43F48043936125
:10DB700000BF0C37BD465DF8047B704700040240CF
:10DB800080B483B000AF0346FB71FB7903F001035F
:10DB9000002B05D0104B9B690F4A43F480339361EF
:10DBA000FB7903F00203002B05D00B4B9B690A4A5B
:10DBB00043F400039361FB7903F00403002B05D0C9
:10DBC000054B9B69044A43F08043936100BF0C37C7
:10DBD000BD465DF8047B70470004024080B483B00A
:10DBE00000AF0346FB71FB7903F00103002B05D066
:10DBF000104B5B690F4A83F001035361FB7903F01B
:10DC00000203002B05D00B4B5B690A4A83F08003AB
:10DC10005361FB7903F00403002B05D0054B5B69CE
:10DC2000044A83F48043536100BF0C37BD465DF85E
:10DC3000047B7047000402402DE9F04F95B000AF1F
:10DC40000023FB64BF4B1B6CBE4A43F48023136468
:10DC5000BC4B1B6C03F48023FB64FB6C0023BB6494
:10DC6000B84B1B6BB74A43F008031363B54B1B6BF0
:10DC700003F00803BB64BB6CB34B5B6A23F0FF0388
:10DC8000B14A43F077035362AF4B1B6823F4702310
:10DC9000AD4A43F420231360AB4B9B68AA4A43F47C
:10DCA000C0639360A84B5B68A74A43F4407353601A
:10DCB000A54BDB6823F47023A34A43F4A023D3606D
:10DCC00000237B649F4B1B6C9E4A43F480231364A8
:10DCD0009C4B1B6C03F480237B647B6C9B4BDB684D
:10DCE0009A4A23F40053D360984BDB68974A23F495
:10DCF0008053D360954BDB68944A23F40043D36090
:10DD0000924BDB68914A43F00C03D3608F4BDB6886
:10DD10008E4A23F48063D3608C4B1B698B4A23F4B7
:10DD20007C531361F2F7F8FB03461C464FF00005E5
:10DD300022462B4612EB020A43EB030B52465B468C
:10DD4000121945EB03034FF000004FF00001D9001A
:10DD500041EA5271D00002460B4612EB040843EB35
:10DD600005094FF4E1224FF000034046494609F00F
:10DD7000C1FD02460B46764BA3FB02235B094FEA2B
:10DD80000318F2F7C9FB03461C464FF00005224674
:10DD90002B469118B9615B41FB61D7E90623121943
:10DDA00045EB03034FF000004FF00001D90041EABA
:10DDB0005271D00002460B461119B9636B41FB63E7
:10DDC0004FF4E1224FF00003D7E90E0109F092FD74
:10DDD00002460B461646F2F79FFB03461C464FF0E1
:10DDE000000522462B46911839615B417B61D7E9DA
:10DDF0000423121945EB03034FF000004FF000011C
:10DE0000D90041EA5271D00002460B46111939631C
:10DE10006B417B634FF4E1224FF00003D7E90C0123
:10DE200009F068FD02460B46494BA3FB02235B0940
:10DE3000642202FB03F3F31A1B013233444AA2FBB0
:10DE400003235B0903F0F00308EB0306F2F764FB1E
:10DE5000034618464FF0000102460B469418BC607A
:10DE60005B41FB60D7E90223121841EB03034FF03B
:10DE700000044FF00005DD0045EA5275D40022464B
:10DE80002B461418BC624B41FB624FF4E1224FF069
:10DE90000003D7E90A0109F02DFD02460B46904622
:10DEA000F2F73AFB034618464FF0000102460B46D4
:10DEB00094183C605B417B60D7E90023121841EB6A
:10DEC00003034FF000044FF00005DD0045EA5275F2
:10DED000D40022462B4614183C624B417B624FF41F
:10DEE000E1224FF00003D7E9080109F003FD0246E3
:10DEF0000B46174BA3FB02235B09642202FB03F3CF
:10DF0000A8EB03031B013233114AA2FB03235B0975
:10DF100003F00F030D4A334493600C4B5B690B4ACB
:10DF200023F44A7323F002035361084BDB68074A6A
:10DF300043F40053D360074B1B689B6800211846CD
:10DF40000AE000BF00380240000C024000480040D8
:10DF50001F85EB514800002000F026FC00BF54371D
:10DF6000BD46BDE8F08F90B484B000AF0346FB71AE
:10DF7000EFF31083FB60FB681C4672B600BF0A4AD1
:10DF8000FB79536000BF084B1B6803F04003002B74
:10DF9000F9D0BC60BB6883F3108800BF00BF1037A6
:10DFA000BD4690BC704700BF0048004080B584B0BB
:10DFB00000AF78600023FB600FE0FB687A681344D1
:10DFC0001A780C4B5A6000BF0A4B1B6803F04003E1
:10DFD000002BF9D0FB680133FB60786800F0D0FDBE
:10DFE00003461A46FB689342E7DB00BF00BF1037C9
:10DFF000BD4680BD0048004080B485B000AF786069
:10E0000039600023FB600FE0FB687A6813441A78DC
:10E010000B4B5A6000BF0A4B1B6803F04003002BF8
:10E02000F9D0FB680133FB60FA683B689A42EBDB8E
:10E0300000BF00BF1437BD465DF8047B704700BFCA
:10E040000048004080B584B000AF78600023FB73C7
:10E050000023BB607B68002B17D0F2F783FCB8600D
:10E060000AE0124B1B6803F02003002B04D00F4B77
:10E070005B68FB73FB7B14E0F2F774FC0246BB6841
:10E08000D31A7A689A42ECD80AE0084B1B6803F06E
:10E090002003002B04D0054B5B68FB73FB7B00E087
:10E0A000FB7B18461037BD4680BD00BF00480040CE
:10E0B00080B485B000AF78600D4B1B680D4AA2FBA1
:10E0C00003239B0C7A6802FB03F3FB600A4B5B683B
:10E0D000BB60094B5A68BB68D21AFB689A42F8D3F6
:10E0E00000BF00BF1437BD465DF8047B704700BF1A
:10E0F0004400002083DE1B43001000E080B485B0A4
:10E1000000AF0023FB606C4B1B6B6B4A43F040037A
:10E110001363694B1B6B03F04003FB60FB68674BA9
:10E120001B68664A23F040531360644B1B68634AC4
:10E1300043F080531360614B9B68604A23F0405367
:10E1400093605E4B9B685D4A43F0005393605B4B6A
:10E150005B685A4A23F480435360584BDB68574A44
:10E1600023F04053D360554BDB68544A43F080534F
:10E17000D3600023BB60504B1B6B4F4A43F0080336
:10E1800013634D4B1B6B03F00803BB60BB684C4B28
:10E190001B684B4A23F440131360494B1B68484AE1
:10E1A00043F480131360464B9B68454A23F44013A5
:10E1B0009360434B9B68424A43F400139360404B87
:10E1C0005B683F4A23F4806353603D4BDB683C4A05
:10E1D00023F44013D3603A4BDB68394A43F480138D
:10E1E000D36000237B60344B1B6B334A43F0400306
:10E1F0001363314B1B6B03F040037B607B682F4B39
:10E200001B682E4A23F4407313602C4B1B682B4A67
:10E2100043F480731360294B9B68284A23F44073AE
:10E220009360264B9B68254A43F400739360234B0D
:10E230005B68224A23F010035360204BDB681F4ABF
:10E2400023F44073D3601D4BDB681C4A43F4807396
:10E25000D36000233B60184B1B6B174A43F040030D
:10E260001363154B1B6B03F040033B603B68134B80
:10E270001B68124A23F440431360104B9B680F4AFB
:10E2800023F4404393600D4B9B680C4A43F40043D6
:10E2900093600A4BDB68094A23F44043D360074B81
:10E2A000DB68064A43F40043D36000BF1437BD4621
:10E2B0005DF8047B704700BF003802400018024040
:10E2C000000C024080B500AFFFF7EAFB0120FFF72A
:10E2D00029FC0220FFF726FC0420FFF723FCF3E7CC
:10E2E00080B500AFFFF7DCFB0120FFF749FC0220FF
:10E2F000FFF746FC0420FFF715FCF3E780B500AFFD
:10E30000FFF7CEFB0120FFF73BFC0220FFF70AFCE2
:10E310000420FFF707FCF3E780B500AFFFF7C0FB71
:10E320000120FFF7FFFB0220FFF72AFC0420FFF784
:10E33000F9FBF3E780B500AFFFF7B2FB0120FFF771
:10E34000F1FB0220FFF7EEFB0420FFF7EBFBF3E706
:10E3500080B500AFFFF7A4FB0120FFF7E3FB02202D
:10E36000FFF7E0FB0420FFF70BFCF3E780B500AFFD
:10E37000F2F7E4FADCF7EAFCDBF7EDFB00BF80BD67
:10E3800080B400AF00BFBD465DF8047B704700005D
:10E3900080B400AF164BD3F88830154A43F47003AD
:10E3A000C2F88830134B1B68124A43F00103136014
:10E3B000104B00229A600F4B1B680E4A23F08473A7
:10E3C00023F4803313600B4B0B4A5A60094B1B68D4
:10E3D000084A23F480231360064B0022DA60044BC2
:10E3E0004FF000629A6000BFBD465DF8047B704745
:10E3F00000ED00E0003802401030002480B487B007
:10E4000000AF00233B6100237B610223FB600023FC
:10E41000BB6002237B60344B9B6803F00C033B61C1
:10E420003B69082B11D03B69082B44D83B69002B72
:10E4300003D03B69042B04D03DE02C4B2C4A1A60DE
:10E440003DE02A4B2B4A1A6039E0274B5B689B0D55
:10E4500003F00103BB60244B5B6803F03F037B6068
:10E46000BB68002B0CD0234A7B68B2FBF3F31E4A37
:10E4700052689209C2F3080202FB03F37B610BE0CE
:10E480001B4A7B68B2FBF3F3174A52689209C2F346
:10E49000080202FB03F37B61134B5B681B0C03F068
:10E4A000030301335B00FB607A69FB68B2FBF3F3A3
:10E4B0000E4A136003E00D4B0D4A1A6000BF0A4B71
:10E4C0009B681B0903F00F030B4AD35C3B61074BAE
:10E4D0001A683B6922FA03F3044A136000BF1C3731
:10E4E000BD465DF8047B70470038024044000020C0
:10E4F0000024F40000127A0028820308248603080E
:10E5000000000020F4090020F409002014EA002093
:10E51000002301461A46184601F042BF0A22002194
:10E5200000F0D0BC0A23002200F0BEBC014B1868EA
:10E53000704700BF4800002008B50021044601F0E4
:10E5400063FF044B1868C36B03B198472046FFF77D
:10E5500072F900BF4082030838B50A4C0A4D641BAB
:10E56000A4100AD004F18043013B05EB8305013C74
:10E5700055F804399847002CF9D1BDE8384009F026
:10E5800071BB00BF248603082086030870B50D4EBA
:10E590000D4D761BB61006D00024013455F8043B0F
:10E5A0009847A642F9D1094E094D761B09F054FB54
:10E5B000B61006D00024013455F8043B9847A64213
:10E5C000F9D170BD18860308188603082086030851
:10E5D00018860308844641EA000313F003036DD153
:10E5E000403A41D351F8043B40F8043B51F8043B16
:10E5F00040F8043B51F8043B40F8043B51F8043B1D
:10E6000040F8043B51F8043B40F8043B51F8043B0C
:10E6100040F8043B51F8043B40F8043B51F8043BFC
:10E6200040F8043B51F8043B40F8043B51F8043BEC
:10E6300040F8043B51F8043B40F8043B51F8043BDC
:10E6400040F8043B51F8043B40F8043B51F8043BCC
:10E6500040F8043B51F8043B40F8043B51F8043BBC
:10E6600040F8043B403ABDD2303211D351F8043B5C
:10E6700040F8043B51F8043B40F8043B51F8043B9C
:10E6800040F8043B51F8043B40F8043B103AEDD20B
:10E690000C3205D351F8043B40F8043B043AF9D25C
:10E6A000043208D0D2071CBF11F8013B00F8013B2F
:10E6B00001D30B8803806046704700BF082A13D33C
:10E6C0008B078DD010F003038AD0C3F10403D21A54
:10E6D000DB071CBF11F8013B00F8013B80D331F888
:10E6E000023B20F8023B7BE7043AD9D3013A11F808
:10E6F000013B00F8013BF9D20B7803704B78437073
:10E700008B78837060467047F0B4860746D0541EFD
:10E71000002A3CD0CAB2034602E014F1FF3436D3DB
:10E7200003F8012B9D07F8D1032C29D9CDB245EA76
:10E7300005250F2C45EA054533D9A4F11006360905
:10E7400003F1200707EB061703F1100242E9045515
:10E7500042E902551032BA42F8D1721C14F00C0F83
:10E7600003EB021204F00F0613D0331F23F0030350
:10E770000433134442F8045B9342FBD106F00304D4
:10E780002CB1C9B21C4403F8011B9C42FBD1F0BC64
:10E79000704734461346002CF3D1F8E7144603467D
:10E7A000C2E71A462646E0E700290CBF02220022F3
:10E7B0004FF4806300F000B82DE9F043524C256817
:10E7C00083B004460F4690461E4615B1AB6B002B36
:10E7D00065D0B8F1020F06D0B8F1010F00F29180B8
:10E7E000002EC0F28E802146284602F0E3FE216B07
:10E7F00041B104F14003994202D0284603F050F899
:10E8000000232363B4F90C300022A26162601A066F
:10E810004DD423F44A6323F00303B8F1020FA3811C
:10E820004CD001AB6A462146284603F08DF9A389F6
:10E830001843A08116B317B3AB6B63B3009BB4F955
:10E840000C002760B3421CBF40F40060A081B8F107
:10E85000010F08BF40F0010083B208BFA08113F090
:10E860000800C4E904761ED013F0010035D0002062
:10E870007642A661A06003B0BDE8F083009E3046FA
:10E8800003F0DAF9074660B3A38943F08003A3815C
:10E89000AB6B002BD2D1284602F092FFCEE7284680
:10E8A00002F08EFF95E7A06003B0BDE8F083216918
:10E8B000284602F0F5FFB4F90C30AAE7002004F175
:10E8C000430243F0020300250121A381A5602260D9
:10E8D000C4E9042103B0BDE8F083A66003B0BDE83D
:10E8E000F083DDF80090B14506D0484603F0A4F966
:10E8F000074608B14E46C7E7B4F90C304FF0FF3079
:10E90000DDE74FF0FF30CFE74800002008B430B516
:10E91000002A9CB0044635DB4FF402730291069145
:10E92000ADF8143020A918D0013A0B460492079292
:10E9300001911F9A4FF6FF7502A9ADF8165000F02D
:10E94000CFFA421C01DA8B232360029B00221A704B
:10E950001CB0BDE8304001B070470B4604920792EE
:10E9600001914FF6FF751F9AADF8165002A900F0FD
:10E97000B7FA431C01DA8B2323601CB0BDE830409A
:10E9800001B070478B2202604FF0FF30F5E700BF07
:10E990000CB430B5204B00299DB01C6837DB4FF418
:10E9A000027302900690ADF8143021A819D00139F5
:10E9B0000346209A0491079101904FF6FF7502A932
:10E9C0002046ADF8165000F08BFA421C01DA8B237A
:10E9D0002360029B00221A701DB0BDE8304002B0D7
:10E9E000704703460491079101904FF6FF75209AF6
:10E9F000ADF8165002A9204600F072FA431C01DA65
:10EA00008B2323601DB0BDE8304002B070478B23DC
:10EA100023604FF0FF30F5E7480000200CB470B5DC
:10EA20009CB020AC0B4E54F8042B02912346069167
:10EA30006FF0004502A901940795CDE9045600F056
:10EA40004FFA029B00221A701CB0BDE8704002B061
:10EA5000704700BF0802FFFF0EB430B59CB01FAB7B
:10EA60000C4C0D4D53F8042B019301460291069175
:10EA7000206802A96FF000440794CDE9044500F036
:10EA80002FFA029B00221A701CB0BDE8304003B080
:10EA9000704700BF480000200802FFFF80EA010223
:10EAA000844612F0030F4FD111F0030F32D14DF80D
:10EAB000044D11F0040F51F8043B0BD0A3F10132C7
:10EAC0009A4312F0803F04BF4CF8043B51F8043BDA
:10EAD00016D100BF51F8044BA3F101329A4312F052
:10EAE000803FA4F101320BD14CF8043BA24312F059
:10EAF000803F04BF51F8043B4CF8044BEAD0234656
:10EB00000CF8013B13F0FF0F4FEA3323F8D15DF807
:10EB1000044B704711F0010F06D011F8012B0CF8CF
:10EB2000012B002A08BF704711F0020FBFD031F847
:10EB3000022B12F0FF0F16BF2CF8022B8CF80020CE
:10EB400012F47F4FB3D1704711F8012B0CF8012B51
:10EB5000002AF9D1704700BF00000000000000004B
:10EB600000000000000000000000000000000000A5
:10EB70000000000000000000000000000000000095
:10EB800090F800F06DE9024520F007016FF0000CED
:10EB900010F0070491F820F040F049804FF0000495
:10EBA0006FF00700D1E9002391F840F000F1080070
:10EBB00082FA4CF2A4FA8CF283FA4CF3A2FA8CF3A8
:10EBC0004BBBD1E9022382FA4CF200F10800A4FA0F
:10EBD0008CF283FA4CF3A2FA8CF3E3B9D1E9042363
:10EBE00082FA4CF200F10800A4FA8CF283FA4CF39A
:10EBF000A2FA8CF37BB9D1E9062301F1200182FA54
:10EC00004CF200F10800A4FA8CF283FA4CF3A2FA59
:10EC10008CF3002BC6D0002A04BF04301A4612BA67
:10EC2000B2FA82F2FDE8024500EBD2007047D1E96A
:10EC3000002304F00305C4F100004FEAC50514F0F9
:10EC4000040F91F840F00CFA05F562EA05021CBFCA
:10EC500063EA050362464FF00004A9E7002A46D0A4
:10EC600040EA010313F00303F0B425D1032A23D9AA
:10EC700004680D68AC423CD1043A35D0A4F10135AA
:10EC800025EA040414F0803F2ED1071D0D1D0DE070
:10EC900057F8043B0E68A3F10134B34224EA03049D
:10ECA00027D1043A20D014F0803F1DD1032A2946F1
:10ECB000384605F10405EBD803780D789D4202F142
:10ECC000FF360ED186B17BB1044602E082180BD02C
:10ECD00053B114F8013F11F8015FAB42A6EB0402F7
:10ECE000F4D0581BF0BC70470020F0BC70471046B1
:10ECF000704703780D789D4202F1FF36E3D0F0E7CC
:10ED000070B440EA0104A30727D1032A25D90B4692
:10ED10000646194653F8045BA5F1013424EA0504BC
:10ED200014F0803F06D1043A032A46F8045B1946E2
:10ED3000EFD882B133460C7803F8014B551E74B1FD
:10ED400032442E4405E011F8014FF51A03F8014B47
:10ED50002CB19A42F7D170BC70470646E9E7002D06
:10ED6000F9D01D44002203F8012BAB42FBD170BC4B
:10ED7000704700BF012B2DE9F84F41D0242B984656
:10ED80003ED80F46DFF81CC100E02F463D4615F87F
:10ED9000014B1CF8046016F00806F6D12D2C6CD03F
:10EDA0002B2C0ABF95F800B0A346BD1C002B46D003
:10EDB000102B57D0002E14BF4FF000496FF00049C0
:10EDC0000027B9FBF8FEBC4608FB1E9A07E0E645A3
:10EDD00013D32FD00CFB084C012715F801BBABF166
:10EDE0003004092C05D9ABF14104192C0FD8ABF133
:10EDF0003704A34213DD002FE9DA4FF0FF37ECE7C9
:10EE0000FFF794FB162303600020BDE8F88FABF1F9
:10EE10006104192C03D8ABF15704A342EBDC002F9B
:10EE200025DB0EB1CCF1000C0AB177BB1160604656
:10EE3000BDE8F88FA245CDDA4FF0FF37CDE7BBF143
:10EE4000300F03D04FF00A084346B3E72B7803F0A6
:10EE5000DF03582B1BD14FF0100895F801B0434643
:10EE60000235A7E7BBF1300F15D09846A2E7222361
:10EE700003603AB1691ECC46D8E795F800B0012688
:10EE8000BD1C93E7CC466046D2E7E146F2E74FF07F
:10EE9000080843468EE72C7804F0DF04582CDAD0BB
:10EEA000984687E76582030864E700BF10B4044C06
:10EEB00013460A46014620685DF8044B5AE700BF36
:10EEC0004800002010B4044C13460A46014620684E
:10EED0005DF8044B4EE700BF480000200000000032
:10EEE0002DE9F04FBFB00C4607919246CDE90803DB
:10EEF00002F022FE036811931846FFF741FEA38932
:10EF00000F901D0603D52369002B00F02D879FED80
:10EF1000AC7B00238DED0C7B0E93CDE92233109357
:10EF2000129304932EAB219399469AF80030002B4C
:10EF300000F0C180252B00F06586554603E0252BA7
:10EF400000F0AB8025466B786C1C002BF7D1B4EB3E
:10EF50000A0600F0B080DDE9223201333244072B8B
:10EF6000C9F800A0C9F80460CDE9223200F39A8004
:10EF700009F10809049A6B7832440492002B00F0DE
:10EF80009A80002367788DF867301A4619460593F2
:10EF90009B4604F1010A4FF0FF360AF1010AA7F17E
:10EFA0002003582B00F2D482DFE813F0E000D202F5
:10EFB000D202DB00D202D202D202D202D202D202AA
:10EFC000D000CB00D202C600AD00D202A80099004A
:10EFD0009900990099009900990099009900990069
:10EFE000D202D202D202D202D202D202D202D20281
:10EFF000D202D20299025802D2025802D202D2029E
:10F00000D202D2025302D202D2026800D202D2024B
:10F01000D202D202D2025900D202D2023B02D20262
:10F02000D202D202D202D202D202D202D202D20240
:10F03000D202C0019601580258025802910196016D
:10F04000D202D2028401D2026E016A003F013A016B
:10F05000D2021001D2025B00D202D202E8004BF0D1
:10F06000100B1BF0200F00F05E82099C073424F087
:10F070000703F3E8024509930123E6E04BF0100B88
:10F080001BF0200300F04582099C073424F007039D
:10F09000F3E8024509930023D7E0B4EB0A063FF4F6
:10F0A00070AF58E721AADDE9071003F00BFE48B95D
:10F0B0000DF1B8095EE7239B23B10898079921AAAF
:10F0C00003F000FE079B9B8913F0400F049B18BFC1
:10F0D0004FF0FF33049304983FB0BDE8F08FA7F1E1
:10F0E000300300201AF8017B00EB800003EB4000A6
:10F0F000A7F13003092BF5D9059050E74BF0800BB1
:10F100009AF8007049E7504610F8017B2A2F01F069
:10F110001881A7F13003092B82464FF000063FF615
:10F120003EAF1AF8017B06EB860603EB4606A7F115
:10F130003003092BF5D932E79AF800704BF0040B35
:10F140002BE79AF8007001222B2126E7099B9AF8F9
:10F15000007053F8040B05900028C0F2F485099361
:10F160001BE74BF0010B9AF8007016E79AF8007055
:10F1700000297FF412AF012220210EE7002A41F07E
:10F180008680114B10931BF0200F00F05381099CD7
:10F19000073424F00703F3E8024509931BF0010F3D
:10F1A00000F0E78154EA050300F0E38130238DF895
:10F1B00068308DF869704BF0020B022345E000BF08
:10F1C000000000000000000014850308099C54F8AA
:10F1D000043B0A9300258DF86750002B00F09786BA
:10F1E000711C00F0FC85324629460A9802F0E8FFBF
:10F1F000002801F01E800A9BC31A06932E4623EABC
:10F20000E3739DF867800994CDF808B003930B96DB
:10F21000B8F1000F00F09C80039B0133039397E04B
:10F220004BF0200B9AF80070B7E6099C54F8043BA9
:10F23000099447F630021C46C04B1093ADF8682085
:10F240004BF0020B0025022378274FF000088DF8C1
:10F250006780721C00F091812BF08002029254EAC8
:10F26000050240F08881002E40F08D83002B58D19C
:10F270001BF00103069300F0E08430238DF8B730D3
:10F280000DF1B7030A939EE3002A40F0FC87099A28
:10F290001BF0200F52F8043B099240F0D1841BF080
:10F2A000100F40F0A4851BF0400F00F0A085049AD9
:10F2B0001A803AE69AF800706C2F03BF9AF8017032
:10F2C0004BF0200B0AF1010A4BF0100B65E64BF0F6
:10F2D000400B9AF8007060E6002A40F0D0871BF0DF
:10F2E000200F00F00581099C073424F0070319461C
:10F2F000F1E80223099114461D46002A73F1000328
:10F30000C0F27384731C9DF8678000F066832BF055
:10F310008003029354EA050340F05D83002E40F021
:10F32000488700262EAB06960A934CE3099C0023DF
:10F3300054F8042B8DF890208DF86730012224AB0F
:10F340000392099406920A930026CDF808B00B9612
:10F35000029B13F0020302D0039A02320392029A34
:10F36000239C12F0840B05D1059A0399551A002DA0
:10F3700000F375829DF8672072B1229A0132013440
:10F380000DF167000121072ACDE92224C9E9000116
:10F3900000F3A08209F108096BB1229B013302340A
:10F3A0001AA90222072BCDE92234C9E9001200F381
:10F3B0009F8209F10809BBF1800F00F06A81069B6A
:10F3C000F61A002E00F3AC81029BDE0500F10281EB
:10F3D000229B0A9AC9F80020069AC9F80420013332
:10F3E0001444072B2394229300F32D8209F108097A
:10F3F000029B5A0705D5059B039A9D1A002D00F321
:10F400008382DDE9043203998A42ACBF9B185B1802
:10F410000493002C40F0BD81002322930DF1B80924
:10F4200083E5002A40F01087454B10931BF0200F16
:10F430007FF4ADAE099B1BF0100F53F8044B0993FA
:10F4400040F0DD831BF0400F00F0D983A4B200250B
:10F45000A4E64BF0080B9AF800709EE5002A40F0F5
:10F46000F786099C073424F00703B3EC027B55ECC4
:10F47000174B099325F0004315938DED147ADDE9C0
:10F4800014014FF0FF322F4B8DED0C7B08F0F4F997
:10F49000002840F0F1834FF0FF322A4BDDE91401E0
:10F4A00008F0CCF9002840F0E78300220023204632
:10F4B000294608F0B9F9002840F013869DF86780C6
:10F4C000214A224B032100262BF08000472FC8BF82
:10F4D0001A46039102900A9206910B9698E6002A2A
:10F4E00040F0D9864BF0100B1BF0200F7FF4FBAEE1
:10F4F000099B1BF0100F53F8044B099340F06D83E8
:10F500001BF0400F00F0698324B2E51722462B461A
:10F51000F3E6099A52F8044B09921BF0100200F02E
:10F520009E83002591E6099B1BF0100F53F8044BB6
:10F53000099300F08C830025012386E614850308D7
:10F5400000850308FFFFEF7FF0840308F4840308BD
:10F55000002A40F0EF85002F3FF4ADAD00230122DB
:10F560008DF8673024AB03928DF8907006920A9361
:10F57000EAE6022369E6DDF808B0012B00F02D82EF
:10F58000022B00F008822EA900E01146E20842EAB0
:10F590004572E80804F0070305461446303354EA80
:10F5A000050001F8013C01F1FF32EED11BF0010F23
:10F5B0000A9200F0C382302B00F0E5830A9ACDF85E
:10F5C00008B03023023902F8013C2EAB5B1A0693D7
:10F5D0000A91F8E1652F40F3E58000220023DDE980
:10F5E0000C0108F017F9002800F00782229BCA4A94
:10F5F000C9F80020013301340122072BCDE9223460
:10F60000C9F8042000F35D8409F108091B9B0E9AD8
:10F61000239C934203DB029BDD077FF5E9AE229B2F
:10F62000119AC9F800200F9AC9F804200133144434
:10F63000072BCDE9223400F35D8409F108090E9B04
:10F640005D1E002D7FF7D4AE102D229ADFF8D0B2C8
:10F6500040F32D841026DDE9078705E009F108094C
:10F66000103D102D40F3238401321034072ACDE9D8
:10F670002224C9E900B6F1DD21AA4146384603F04B
:10F6800021FB00287FF41EADDDE922240DF1B8092D
:10F69000E6E7059B039A9D1A002D7FF790AE102D8B
:10F6A000229ADFF87CB22BDD58464B462146B14604
:10F6B000BB464FF01008DDE90764074604E0103D43
:10F6C000102D03F1080315DD01321031072ACDE9B1
:10F6D0002221C3E90078F2DD21AA3146204603F059
:10F6E000F1FA00287FF4EEAC103D102DDDE9222167
:10F6F0002EABE9DC4E4699463B460C465F469B46A0
:10F7000001322C44072ACDE92224C9E900B500F3CF
:10F71000E483069BF61A002E09F108097FF754AE20
:10F72000102E229ADFF8F8B127DD59462346BB4652
:10F730001025DDE907480F4604E0103E102E09F1C0
:10F74000080916DD01321033072ACDE92223C9E961
:10F750000075F2DD21AA2146404603F0B3FA0028E5
:10F760007FF4B0AC103E102EDDE922230DF1B80974
:10F77000E8DC1C463B465F469B4601323444072A80
:10F78000CDE92224C9E900B600F31A8209F108097B
:10F790001AE621AADDE9071003F094FA00283FF4E5
:10F7A0003BAE8FE40E9A229B012A04F1010403F17F
:10F7B000010509F1080640F3C78101230A9AC9F837
:10F7C0000020072DCDE92254C9F8043000F31D8232
:10F7D0000F9B119A01351C44072DCDE92254C6E92F
:10F7E000002300F31E8208366B1C1F46B8460E9F8E
:10F7F000069300220023DDE90C0106F10809013F10
:10F8000008F008F8002840F0B3810A9B77600133C4
:10F810003C44B8F1070F33602394CDF8888000F39F
:10F82000F28206F1100305F102084E469946129A3B
:10F83000726014441DABB8F1070F2394CDF8888093
:10F8400033607FF7D5AD21AADDE9071003F03AFA5E
:10F8500000287FF437AC239C0DF1B809C8E5102DC2
:10F86000229A2ADD49462046B1464FF010082E461E
:10F870001393DDE9075404E0103E102E01F1080156
:10F8800016DD0132254B1030072ACDE92220C1E9CF
:10F890000038F1DD21AA2946204603F013FA00289A
:10F8A0007FF410AC103E102EDDE922202EA9E8DCFA
:10F8B000139B354604464E468946013217492C446F
:10F8C000072ACDE92224C9E9001500F3AC8209F129
:10F8D00008094FE521AADDE90710139303F0F2F9B7
:10F8E00000287FF4EFAB239C139B0DF1B80953E57F
:10F8F00021AADDE9071003F0E5F900287FF4E2AB67
:10F90000239C0DF1B80956E5102D229B27DD10260A
:10F91000DDE907870BE000BF308503084482030858
:10F9200054820308103D102D09F1080917DD013339
:10F93000CF4A1034072BCDE92234C9E90026F1DD86
:10F9400021AA4146384603F0BDF900287FF4BAAB3E
:10F95000103D102DDDE922340DF1B809E7DC01334B
:10F96000C34A2C44072BCDE92234C9E900257FF78F
:10F9700048AD21AADDE9071003F0A4F900287FF4BF
:10F98000A1AB239C3DE5012B00F01384022BDDF895
:10F9900008B07FF4F8ADDDF840C02EAA230904F0CA
:10F9A0000F0043EA057329091C460D461CF8003078
:10F9B00002F8013D54EA0503F0D12EAB9B1A0A92DE
:10F9C000CDF808B00693069BB342B8BF3346039305
:10F9D00000230B931CE4DDF808B0002D08BF0A2CAF
:10F9E00080F08A800123303406930DF1B7038DF83F
:10F9F000B740CDF808B00A93E5E71B9B002B40F316
:10FA000021820E9B0B9A9342A8BF1346002B1D46E2
:10FA10000EDD229B0A9AC9F8002001332C44072BE3
:10FA20002394C9F80450229300F3E68309F10809EE
:10FA30000B9B002DA8BF5B1B002B1D4600F3AA816A
:10FA40001B9A0E9B9A4280F28381229B1199C9F8DE
:10FA500000100F99C9F8041001330C44072B2394AC
:10FA6000229300F3588309F108090B990E9B9142E8
:10FA7000A3EB020380F2BF811D46002D10DD229A08
:10FA8000C9F80450DDE90A10013201442C44072A68
:10FA9000C9F80010CDE9222400F3BC8309F108095C
:10FAA000002DACBF5D1B1D46002D7FF7A1AC102DB6
:10FAB000229ADFF8C0B140F3FA811026DDE907870A
:10FAC00005E009F10809103D102D40F3F0810132E5
:10FAD0001034072ACDE92224C9E900B6F1DD21AAB4
:10FAE0004146384603F0EEF800287FF4EBAADDE942
:10FAF00022240DF1B809E6E72EABCDF808A0C246E6
:10FB0000B0461E4601E004460D460A220023204668
:10FB1000294607F0EFFE303206F8012D00230A22B5
:10FB20002046294607F0E6FE002D08BF0A2CEAD23F
:10FB300032460A964646D046DDF808A0CDF808B011
:10FB40002EAB9B1A06933EE7029AD1073FF535AEDE
:10FB500001220A99C9F80010072DCDE92254C9F8ED
:10FB6000042000F3508103F1020809F110095EE658
:10FB7000002F7FF75CAE102FDFF8F8B040F3DF8383
:10FB800023464FF01008DDE90749069D05E00836D9
:10FB9000103F102F40F3008201351033072DCDE9BF
:10FBA0002253C6E900B8F2DD21AA2146484603F0F7
:10FBB00089F800287FF486AADDE922532EAEE7E714
:10FBC00021AADDE9071003F07DF800287FF47AAA66
:10FBD000239C0DF1B809FFF7F7BBE51722462B462A
:10FBE000002A73F10003BFF68DAB4FF02D0864427D
:10FBF00065EB45058DF867800123FFF72ABB0025DB
:10FC0000FFF7CCBA5446FFF7BCB921AADDE90710CB
:10FC100003F058F800287FF455AADDE922542EAEEF
:10FC2000D6E521AADDE9071003F04CF800287FF49F
:10FC300049AADDE922542EAED6E52EAB0A93C2E6E0
:10FC4000049A1046D117C3E90001FFF76EB91BF003
:10FC5000400F18BFA4B200250123FFF7F6BA1BF02E
:10FC600040031CBF1346A4B20025FFF7EEBA00BF45
:10FC70004482030854820308DDE90C0102460B4666
:10FC800007F0FAFD002840F03683741C27F02005A9
:10FC900000F0BE82472D00F0B280DDE90C014BF48C
:10FCA000807200290292C0F222829DED0C7B8DEDC4
:10FCB000167B00231393662F00F08381462F00F0FC
:10FCC0008081452D00F078821FAA1CABCDE900325F
:10FCD00002211BAB32469DED160B089800F076FC16
:10FCE000672F0A90344640F075821BF0010F40F0F8
:10FCF00074821B9A1F9B0B920A9A472DA3EB020357
:10FD00000E9340F0A1810B9BD81CC0F29C819E42B7
:10FD1000C0F299810E9B19460B9B994200F39C827D
:10FD20001BF0010F40F0FA8223EAE372039206937C
:10FD30006727139B002B00F05A822D238DF8673024
:10FD40000026FFF769BA404205900993FFF7F6B91C
:10FD5000029BD8073FF579AE0B990E9B8A42A3EB25
:10FD6000020348DD1D469BE64021089801F074FF20
:10FD7000079B18601861002800F0F182079A402361
:10FD80005361FFF7C4B80A9ACDF808B02EAB9B1A9E
:10FD9000069318E6102B229ADFF8C8B340F3968139
:10FDA0001026DDE9078705E009F10809103D102D4F
:10FDB00040F38C8101321034072ACDE92224C9E9AD
:10FDC00000B6F1DD21AA4146384602F07BFF00284B
:10FDD0007FF478A9DDE922240DF1B809E6E70A9855
:10FDE000FEF7CEFE2E4603460690FFF708BA049AA9
:10FDF0001A60FFF79AB80E9A0B99551A3DE6002E35
:10FE000008BF012649E721AADDE9071002F05AFFE1
:10FE100000287FF457A9DDE922340DF1C00903F170
:10FE200001082EAE03E521AADDE90710139302F0C5
:10FE300049FF00287FF446A9239C139B0DF1B809C4
:10FE4000FFF798BA229AC449C9F800100132013468
:10FE50000121072ACDE92224C9F8041000F34E81BC
:10FE600009F10809002B5DD1029B0E9A03F00103F2
:10FE700013433FF4BDAA229A119BC9F800300F9B8F
:10FE8000C9F8043001321C44072A2394229200F35B
:10FE9000558109F108090E9B0A9901321C44072A71
:10FEA000CDE92224C9E900137FF7A0AACBE40132EF
:10FEB0002C44072ACDE92224C9E900B57FF796AA88
:10FEC000C1E421AADDE9071002F0FCFE00287FF45E
:10FED000F9A80DF1B809FFF799BB21AADDE90710D0
:10FEE00002F0F0FE00287FF4EDA8239C0DF1B80984
:10FEF000FFF765BA21AADDE9071002F0E3FE00284A
:10FF00007FF4E0A8239C0DF1B809FFF798BB062EFB
:10FF1000334628BF062306930393904B09940A9314
:10FF2000FFF712BA229A1199C9F800100F99C9F86F
:10FF3000041001320C44072A2394229200F3FE801D
:10FF400009F10809002BA6DA5D421033DFF814B27C
:10FF500080F2A6815F461026DDF81C80DDF820B017
:10FF600005E009F10809103D102D40F39881013298
:10FF70001034072ACDE92224C9E90076F1DD21AA4F
:10FF80004146584602F09EFE00287FF49BA8DDE91A
:10FF900022240DF1B809E6E71C4605F1010806F137
:10FFA00008023C44B8F1070F2394C6E900B7CDF826
:10FFB00088803FF728AF08F1010802F108091646CA
:10FFC00035E41FAA1CABCDE9003203211BAB32463E
:10FFD0009DED160B089800F0F9FA0A900A9B1B7821
:10FFE000302B00EB060400F071811B9B1C440022A7
:10FFF0000023DDE9160107F00DFC002840F0988091
:020000040803EF
:100000001F9BA34206D230215A1C1F9219701F9BBE
:100010009C42F9D80A9A9B1A0E93472D1B9B0B936F
:100020003FF471AE662F0FD10B9A0BF00103002A3B
:1000300043EA060340F3D480002B40F054810B9B2D
:100040000393069375E6023F0B9B8DF874705A1E5E
:10005000002A1B92B6BFC3F101022B232D23092ACC
:100060008DF8753040F38C800DF1830420463C4DB3
:1000700001E008461A4685FB0231D317C3EBA10302
:1000800003EB8301A2EB41013031632A00F8011C2C
:1000900000F1FF31EDDC3033821EDBB2944201F817
:1000A000013C40F259810DF1760201E011F8013B6B
:1000B00002F8013B8C42F9D10DF185030DF1760276
:1000C0001B1A13441DAA9B1A129361E001322C449F
:1000D000072ACDE92224C9E900B545DC09F1080960
:1000E000AEE44FF02D088DF86780FFF7E9B901F114
:1000F000004317932D2316901393DCE521AADDE925
:10010000071002F0DFFD00287EF4DCAF1B9B239C70
:100110000DF1B809A6E621AADDE9071002F0D2FD2B
:1001200000287EF4CFAF1B9A239C0DF1B8099CE404
:1001300023466FE78DF86710FFF70DBA21AADDE9B6
:10014000071002F0BFFD00287EF4BCAF1B9BDDE969
:1001500022240DF1B809F5E6308503082885030847
:10016000676666665482030821AADDE9071002F07B
:10017000A9FD00287EF4A6AF239C0DF1B8095FE429
:10018000302330328DF8763004238DF877201293A7
:100190000E9A129B012A1344069340F3B980069BE2
:1001A0000F9A1344069323EAE373039300230B93FC
:1001B000BFE5DDF808B015E41FA91CAB741CCDE940
:1001C000003122461BAB02219DED160B089800F072
:1001D000FDF90A90472F3FF488AD0A9B1C4406E7BF
:1001E000002B40F0A480012303930693A1E59DF822
:1001F0006780139EFFF70CB821AADDE9071002F013
:1002000061FD00287EF45EAF239C0DF1B8090FE478
:10021000062642E521AADDE9071002F053FD002879
:100220007EF450AF1B9B0E9A239CD31A0DF1B80994
:1002300036E40396069609940646CDF808B00B906E
:100240009DF86780FEF7E4BF8DF86710FFF7ECB804
:100250008DF86710FFF705B9DDE90E3213440B9AEC
:100260000693002A06DC0B9B069AC3F101031A448D
:100270001346069223EAE3730393672759E58DF843
:100280006710FFF72CB88DF86710FFF700B88DF8EE
:100290006710FEF776BF8DF86710FFF723B9BB46EE
:1002A00001322C44072ACDE92224C9E900B57FF7A1
:1002B000F0AD21AADDE9071002F004FD00287EF46C
:1002C00001AFDDE922240DF1B809E4E500220023A5
:1002D000DDE9160107F09EFA00287FF486AEC6F12C
:1002E00001031B9382E60F9BD3183344069323EA42
:1002F000E37303931DE50D9B1D4A002BB6BF4FF022
:100300002D089DF867808DF867801A4BFFF7DAB8E3
:100310001BF001020B927FF442AFE8E70B9B0F9AB0
:100320001344069323EAE3730393672701E50F9BC6
:1003300001333344069323EAE3730393F9E44A4613
:100340002FE6099B9AF8017053F8046B09938246D3
:1003500046EAE676FEF721BE0223129318E7089AD2
:100360000C2313604FF0FF330493FEF7B4BE00BFBD
:10037000F8840308FC840308054B10B41C6802468B
:100380000B462046A1685DF8044B03F04DBA00BF50
:100390004800002013460A46816803F045BA00BFB2
:1003A000F0B4184C2568D5F8484114B365681F2D82
:1003B00024DC38B9AB1C0135656044F823100020FB
:1003C000F0BC704704EB85060127C6F8882007FAC1
:1003D00005F2D4F88871022847EA0207C4F8887148
:1003E000C6F80831E6D1D4F88C311A43C4F88C2110
:1003F000E0E705F5A674C5F84841D7E74FF0FF30B0
:10040000DEE700BF408203082DE9F04F244B83B0A4
:10041000D3F800B001908A464FF00008DBF848613D
:1004200096B17468651E0FD4013406EB840401276D
:10043000BAF1000F0BD0D4F80031534507D0013D7D
:100440006B1CA4F10404F3D103B0BDE8F08F736812
:100450002268013BAB420CBF7560C4F80080002AE3
:10046000EDD0D6F88811D6F8049007FA05FC1CEAFE
:10047000010F08D1904772684A45CFD1DBF8483167
:10048000B342DCD0CAE7D6F88C31D4F880101CEA2D
:10049000030F02D101989047EDE708469047EAE73D
:1004A00040820308000000002DE9F04F03690F6946
:1004B000BB4283B0C0F28680013F01F1140600F117
:1004C000140A56F827305AF82720BC00013300944C
:1004D00006EB04099A425444B2FBF3F801943AD370
:1004E00000252A46B646D4465EF8044BDCF80030B8
:1004F0001FFA84FB08FB0B554FEA154B240C08FB35
:1005000004B4ADB2551BA2B2C2EB134215FA83F389
:1005100002EB23429BB243EA0243F1454FEA144502
:100520004CF8043B4FEA2242DED2009B5AF80330DB
:100530008BB9019A131F9A450CD252F8043C4BB95F
:10054000A2F1080302E01A68043B1AB99A4507F1C0
:10055000FF37F8D30761044602F01CF900282DDBB1
:1005600008F101085046002356F8041B05688AB2BA
:100570009A1A0B0C12FA85F2C3EB154303EB2243D4
:1005800092B242EA0342B14540F8042B4FEA2343BA
:10059000EAD25AF827200AEB87037AB91A1F924544
:1005A0000BD253F8042C42B9083B02E01A68043B12
:1005B0001AB99A4507F1FF37F8D32761404603B0CF
:1005C000BDE8F08F002003B0BDE8F08F2DE9F04FBB
:1005D00057EC106B97B0056C209C039182460A92F1
:1005E0000793CDE9006755B1426C6A6001239340DF
:1005F000AB60294601F05EFE0023CAF840303E1E83
:10060000B4BF012300232360754BBCBF26F0004616
:100610000196B34300F0AE809DED007B00220023E5
:1006200051EC170B8DED047B07F0F4F8054678B11B
:10063000079A01231360219B002B00F01083694B64
:10064000219A1360013B0293029817B0BDE8F08F26
:10065000DDE9047814AA15A948EC107B504602F095
:10066000CDF9340D834640F09B80DDE914542C44D1
:1006700004F23243202B40F3BA83C3F140039E407F
:10068000009B04F2124023FA00F0304306F0E0FD34
:10069000A1F1F87301210246013C0E911046194662
:1006A0000022514B06F096FC47A3D3E9002306F045
:1006B00049FE47A3D3E9002306F08EFC06462046F8
:1006C0000F4606F0D5FD44A3D3E9002306F03AFE19
:1006D00002460B463046394606F07EFC06460F467B
:1006E00007F0E0F80022814600233046394607F043
:1006F0009BF8002840F0A6822C1BB9F1160F04F1DC
:10070000FF3800F29382394B03EBC903D3E900238E
:10071000DDE9040107F088F800286DD00023B8F166
:10072000000F09F1FF390D93C0F28682002309936F
:10073000B9F1000F66DA099BCDF81890A3EB090315
:100740000993C9F100030C93039B092B4FF0000997
:1007500060D8052B40F34983043B03930024039B9B
:10076000023B032B00F25186DFE813F068046504B6
:100770003E045804079A42F20F731360009BC6F3BD
:100780001306334318D1219B002B00F03586184BFC
:1007900002930833219A0298136017B0BDE8F08FD6
:1007A000C8F3130141F07F530E953A46A4F2FF348B
:1007B00043F44013149D71E7219B002B40F0038408
:1007C0000C4B029340E700BF61436F63A787D23FA2
:1007D000B3C8608B288AC63FFB799F501344D33F30
:1007E0000000F07F318503080000F83F788303089C
:1007F0003885030834850308B8F1000FC0F2BE84C1
:100800000D90099000230C93039BCDF81890092BB1
:10081000C8449ED9002301240393CDE90A344FF044
:10082000FF3308930021089BCAF844100F935046E9
:1008300001F01AFD0290002800F0F085029BCAF832
:100840004030089B0E2B00F20A81002C00F007813B
:100850000699002940F36884B14B01F00F0203EBC5
:10086000C20393ED007B0C11E2068DED107B40F18D
:100870000884AC4BDDE90401D3E9082306F08CFEC3
:10088000CDE9000104F00F0403267CB1DDE910017D
:10089000A44DE30704D5D5E9002306F053FD013646
:1008A000641005F10805F4D1CDE91001DDE900017E
:1008B000DDE9102306F070FECDE900010D9B53B178
:1008C000DDE900450022984B2046294606F0ACFFA2
:1008D000002840F02785304606F0CAFCDDE90023F9
:1008E00006F030FD914B002206F076FB089B044693
:1008F000A1F15075002B00F0FB83069B1293089B1F
:100900001093DDE900673946304606F0CBFF0090D2
:1009100006F0AEFC02460B463046394606F05AFB5E
:100920007F4B009A0F461099064603EBC1030B98C4
:1009300002993032CDE90045D5B24C1C53E902236F
:10094000002800F097840020794906F025FEDDE9B3
:10095000002306F03FFB029B32461D703B46CDE96B
:10096000000106F07FFF002840F0D48432463B4669
:1009700000206D4906F02EFB02460B46DDE9000122
:1009800006F070FF002840F03285109B012B62D0EA
:10099000029ACDF840901344CDF84C80DDE90089EF
:1009A000CDF800B0D3469A460EE032463B460020D2
:1009B0005D4906F00FFB42464B4606F035FF002826
:1009C00040F0EE8454453FD0404649460022594B02
:1009D00006F0B8FC0022574B80468946304639461F
:1009E00006F0B0FC0F46064606F05CFF054606F032
:1009F0003FFC02460B463046394606F0EBFA3035EE
:100A0000EDB204F8015B42464B4606460F4606F03F
:100A10000BFF0028C9D0129BDA460133DDF800B085
:100A200006935946504601F045FC00232370079B6E
:100A30001A46069B1360219B002B3FF405AE0298DB
:100A40001C6017B0BDE8F08FDA46DDF84090DDF8A5
:100A50004C80DDF800B0DDE90434CDE90034159BAD
:100A6000002BC0F2C680069A0E2A00F3C2802C4BDF
:100A700003EBC203D3E900890A9B002B17DA089F16
:100A8000002F14DC40F04D8300222B4B404649469A
:100A900006F058FCDDE9002306F0DAFE002800F03D
:100AA000C483089F3D460A9B029CDB435FE2DDE96D
:100AB000004542464B462046294606F06DFD06F0AD
:100AC000F1FE0646009006F0D3FB42464B4606F088
:100AD00039FC02460B4620462946029C35463035F5
:100AE00006F078FA069E04F8015B089D0136012D98
:100AF00002460B46069652D000220E4B06F022FC10
:100B00000022002306460F4606F084FE002888D106
:100B1000CDF800B00125DDF820B0CDF80CA01AE02A
:100B200078830308688403080000F03F00001C403D
:100B30000000E03F00002440000014400022B94BB8
:100B400006F000FC0022002306460F4606F062FE77
:100B5000002840F0608342464B463046394606F056
:100B60001BFD06F09FFE824606F082FB42464B4686
:100B700006F0E8FB02460B463046394606F02AFAF4
:100B800001350AF13006AB4502460B4604F8016B0D
:100B9000D4D1DDF800B0CDF800A0DDF80CA01046EF
:100BA000194606F019FA42464B4606460F4606F02D
:100BB00059FE60B942464B463046394606F02AFE99
:100BC00000283FF42EAF009BD9077FF52AAF14F819
:100BD000015C029A631E04E09A4200F0C98313F894
:100BE000015D392D03F10104F6D06A1CD2B21A70EE
:100BF00017E70B9A002A38D0039A012A40F356824D
:100C0000089B5E1E0C9BB342C0F235829E1B089B64
:100C1000002BC0F20583099A14461A44984409929D
:100C20000121504601F048FC054621E00123B8F1BE
:100C3000000F0D93BFF67AADC4F1010309934FF095
:100C4000000875E5484606F013FB32463B4606F0C1
:100C5000E1FD00287FF450AD09F1FF394CE5724BFE
:100C60000293029817B0BDE8F08F0C9E099C0B9D73
:100C7000002C0CDDB8F1000F09DD4445099A23462C
:100C8000A8BF4346D21A0992E41AA8EB03080C9BAA
:100C9000D3B10B9B002B00F08F81002E10DD294675
:100CA0003246504601F0C4FC5A46014605465046BD
:100CB00001F018FC59460746504601F0FBFABB46C6
:100CC0000C9B9A1B40F079810121504601F0F4FB06
:100CD000B9F1000F074600F39080039B012B40F30E
:100CE000778100260120B9F1000F40F09180404447
:100CF00010F01F0077D0C0F12003042B40F3808355
:100D0000C0F11C00099B0344099304448044099BDF
:100D1000002B05DD59461A46504601F0D5FC8346A6
:100D2000B8F1000F05DD39464246504601F0CCFCD3
:100D300007460D9B002B40F02481089B002B40F3BD
:100D4000FB800B9B002B7FD1069B01330693029CFB
:100D5000DDF82080012607E0594600230A2250468C
:100D600001F0B2FA0136834639465846FFF79CFB3C
:100D7000B04500F1300004F8010BEDDC03464FF004
:100D80000009594601225046009301F09DFC394666
:100D9000834601F0FFFC002814F8012C40F3788111
:100DA000631E029904E0994200F08D8113F8012D31
:100DB000392A03F10104F6D001321A70394650463F
:100DC00001F078FA002D3FF42CAEB9F1000F05D0F8
:100DD000A94503D04946504601F06CFA29465046D1
:100DE00001F068FA1DE61C208CE70124B7E4C3F18A
:100DF0002006009B03FA06F048E401464A465046A6
:100E000001F016FC039B012B074640F3B981002635
:100E10003B6907EB8303186901F0FEFAC0F120007B
:100E200065E700BF00002440308503082946002301
:100E30000A22504601F048FA0F9B002B054640F36A
:100E4000CE82CDF818800893002C00F30D81002E7F
:100E500040F0CA81A846009B0399029E03F001025C
:100E60000B920A430A92089A731E1A440992394651
:100E70005846FFF719FB29460090584601F08AFCB6
:100E8000424681463946504601F0A0FC009BC268AC
:100E900004463033002A41D101465846089301F0F8
:100EA00079FC21460490504601F004FA049A089B0C
:100EB0001AB90A99002900F07A82B9F1000F06F1F7
:100EC0000104C0F27481039941EA09090B9951EABE
:100ED000090100F06C81002A00F3A981099A33709E
:100EE000B24200F0B081594600230A22504601F078
:100EF000EBF94545834629464FF000034FF00A02BF
:100F0000504613D001F0E0F94146054600230A227D
:100F1000504601F0D9F926468046A8E701465046DA
:100F2000049301F0C7F90122049BC6E701F0CCF954
:100F30002646054680469AE7039B022B40F38180B4
:100F4000089B002B7FF4AFAD39460522504601F0D7
:100F5000BBF901460746584601F01CFC00287FF704
:100F6000A2AD029C069B312204F8012B0133013310
:100F700039465046069301F09DF9002D7FF42EAFBF
:100F80004FE53946584601F005FC0028BFF6D5AEBE
:100F9000594600230A22504601F096F9069B03F1B8
:100FA000FF380B9B8346002B7FF440AF0F9B002B39
:100FB00040F30A820893CAE60C9A5946504601F05B
:100FC00037FB834680E6A54B02930333FFF7E2BB72
:100FD000DDE9001200297FF484AEC2F31303002B75
:100FE00000F0D980009E7DE601230B930A9D002D21
:100FF00049DD0F9508950021172DCAF844107FF799
:1010000016AC012204235B0003F11400A842114630
:1010100002F10102F7D9CAF8441008E401230B9346
:101020000A9B069A13440F930133012B1D46089324
:10103000B8BF0125DFE700230B93F1E700230B93F3
:10104000D4E70B9B002B7FF4FFAE39465846FFF7E1
:101050002BFA069A029C00F130030132069204F842
:10106000013B4FF000098CE629462246504601F02C
:101070002BFB0546EBE60C9B0C96F31A99440026D5
:10108000C5E5022601E401230A930893FFF7CABBD2
:1010900003D1009BDB073FF583AE631E01E013F82D
:1010A000012D302A03F10104F9D087E60E9A002AB7
:1010B00000F0CF8003F23343099A0C9E14461A4481
:1010C00098440992ACE5069A01320692029A3123BD
:1010D000137073E6304606F0CBF8DDE9002306F026
:1010E00031F900225E4B05F077FF0446A1F15075FF
:1010F00000225C4BDDE9000105F06CFF22462B4627
:1011000006460F4606F0AEFB002840F08D802246D2
:1011100005F100433046394606F086FB00283FF4CF
:101120009AAC00273D46BEE400F0F980069B5C4285
:101130004D4B04F00F0203EBC203D3E90023DDE9BA
:10114000040106F0FFF82411CDE9000100F0E7806A
:10115000464D00230226E70705D5D5E9002306F012
:10116000F1F801360123641005F10805F3D1002BD5
:101170003FF4A4ABCDE90001FFF7A0BB0D905BE508
:10118000009B002B7FF443AEDDE90012C2F3130392
:10119000002B7FF43CAE364E1640002E3FF4A2AD3D
:1011A000099B0133099308F1010801269AE5069984
:1011B000002A01F10101069112DD59460122504633
:1011C000039301F081FA3946834601F0E3FA0028DF
:1011D000039B40F3DF80392B00F0D180009B31333B
:1011E000A94633704546E9E56968504601F03CF888
:1011F0000446002800F019812B6902339A0005F19A
:101200000C010C30FDF7E6F921460122504601F0B1
:101210005BFA80461FE6DDF800B0DDF80CA000E4C4
:10122000DDE908239C1AFBE400273D4699E6069A6F
:10123000392B02F10102069200F0A1800133A94688
:1012400033704546BAE5069A0132A94606924546EC
:1012500097E5149BC3F136032EE700BF34850308DE
:1012600000001C40000014407883030868840308D1
:101270000000F07FDDE9000106F064F8029B1D70BC
:10128000109B012BCDE9000123D0109B029ACDF8D1
:1012900040901344C146984600226D4B3046394673
:1012A00006F050F80F46064606F0FCFA054605F033
:1012B000DFFF303502460B463046394605F08AFEE0
:1012C00004F8015B444506460F46E5D1C846DDF803
:1012D0004090604B0022DDE9000105F07DFE3246C2
:1012E0003B4606F0A1FA00284ED1DDE9002300209C
:1012F000584905F06FFE32463B4606F0B3FA002827
:101300003FF4A9AB00E0144614F8013C302B04F183
:10131000FF32F8D0129B01330693FFF782BB0226FF
:10132000FFF7CCBA089B002B3FF4D4AE0F9F002FE1
:101330007FF791AB0022464B2046294606F002F883
:1013400004460D46701CCDE9004505F091FF22468C
:101350002B4605F0F7FF404B002205F03DFE069BB3
:101360001097013B0446A1F150751293FFF7C9BADB
:10137000069A0132069231221A70FFF752BB3922C7
:10138000A946327045460BE5129B0133069314F8CB
:10139000015C1EE47FF424AFDA077FF521AF1AE782
:1013A000129B0133DA460693DDF800B011E4069A89
:1013B000392B02F10102069206F10104DFD0B9F1E6
:1013C000000F3FF70BAF0BE7039B022B02DCCDF8BE
:1013D00018803AE60F9B0893CDF81880B0E5039B80
:1013E000022BF7DC0F9BCDF8188008932CE5129B9D
:1013F00001330693FFF7EDBB184B0293FFF724B9B7
:101400003FF485ACC0F13C007CE40024CAF84440C1
:101410002146504600F028FF029068B9104B114851
:1014200000224FF4D57103F03DFD02460C4B0D48F0
:1014300040F2EA2103F036FD4FF0FF330893029AA1
:101440000F930123CAF840200A940B93FFF707BBC0
:10145000000024400000E03F00001C4038850308E5
:101460004485030858850308B1F90C309AB22DE978
:10147000F0410C461107804648D4626843F400638B
:10148000002AA3815DDDA56A002D57D000229BB202
:10149000D8F80060E169C8F8002013F4805254D1F4
:1014A00001234046A847431C66D0A389A56AE16989
:1014B0005F0705D56268236B801A0BB1E36BC01A16
:1014C000024600234046A847451C48D1D8F80020D2
:1014D000B4F90C30002A5CD01D2A01D0162A64D140
:1014E00022690021C4E9002123F40063A381216B58
:1014F000C8F8006011B304F14003994202D040469D
:1015000000F0CEF900202063BDE8F0812669AEB17D
:101510002568266091070CBF63690023AD1BA3609B
:101520000AE02B463246676AE1694046B847002820
:10153000A5EB000506440ADD002DF2DC0020BDE825
:10154000F081E26B002A9EDCF8E7206DB0E7A3890A
:1015500043F04003A3814FF0FF30BDE8F081B4F9C0
:101560000C302269226023F4006300226260DA04F6
:10157000A381BCD52065BAE7D8F80030002B94D001
:101580001D2B0FD0162B0DD0A38943F04003A38150
:10159000D5E723F400632169A381DB04C4E90012C9
:1015A000A5D5E7E7C8F80060C8E743F04003A3818A
:1015B000C5E700BF10B5044682B008B1836B23B104
:1015C000B1F90C0048B902B010BD019100F0F8F873
:1015D0000199B1F90C000028F5D0204602B0BDE811
:1015E0001040FFF741BF00BF20B1054B014618680E
:1015F000FFF7E0BF034B0449186800F071BA00BF61
:101600004800002040820308B515030800207047F9
:10161000014900F065BA00BF714F03082DE9F84F8A
:1016200045682C4BC3630024074600F53B72042336
:101630000321C0E9B912C0F8E0422146EB6005F190
:101640005C006C66C5E90044AC60C5E90444AC616B
:101650000822FDF759F8DFF888B0BE68DFF884A0EB
:10166000DFF88490DFF884801B4BC5F82C80C5E937
:10167000075BC5E909A92146F360082206F15C0071
:101680007466C6E90044B460C6E90444B461FDF779
:101690003BF8FD68114BC6F82C80C6E9076BC6E91C
:1016A00009A92146EB606C66C5E90044AC60C5E958
:1016B0000444AC6105F15C000822FDF725F8012324
:1016C000C5E9075BC5E909A9C5F82C80BB63BDE87E
:1016D000F88F00BF11160308090001001200020074
:1016E000352C03085D2C03089D2C0308BD2C030832
:1016F0000020704770B54A1E682505FB02F50E46AE
:1017000005F1740100F0A8FA044640B100210C3044
:10171000666005F168022160A060FCF7F5FF2046D5
:1017200070BD00BF1F4B70B51D68AB6B06464BB359
:1017300005F53875D5E90134013B05D51EE0013BBF
:101740005A1C04F1680419D0B4F90C20002AF6D10F
:101750000025154B6566C4E90055A560C4E904552C
:10176000A5612946E360082204F15C00FCF7CCFF88
:10177000C4E90C55C4E91155204670BD2C682CB144
:101780002546D7E72846FFF749FFD1E70421304631
:10179000FFF7B0FF044628600028F1D10C23336026
:1017A000EAE700BF408203080100FFFF024B034944
:1017B000186800F095B900BF40820308714F030814
:1017C000836B03B1704729E7704700BF704700BFC4
:1017D000704700BF704700BF024B0349186800F014
:1017E00059B900BF480000200D160308024B0349F9
:1017F000186800F04FB900BF48000020F116030838
:10180000F8B5244F0C46064600F02AFDBB685D681B
:10181000C4F57E610F3125F00305294421F47F6171
:1018200021F00F01A1F58054B4F5805F07DB0021A2
:10183000304601F0EDF9BB682B44984204D03046A5
:1018400000F010FD0020F8BD6142304601F0E0F9E3
:1018500001300DD0104BBA6819682D1B45F00105F9
:101860003046091B5560196000F0FCFC0120F8BDF2
:101870000021304601F0CCF9BA68831A0F2BDEDD67
:10188000064C0549246843F00103001B53600860BF
:10189000D5E700BF7804002008E900208008002078
:1018A00000295ED0F8B50F46064600F0D9FC57F87F
:1018B00004CC754D2CF00103A7F10800C218A968EB
:1018C0005468914224F0030400F084801CF0010F5E
:1018D000546002EB040133D157F808EC4968A0EBDF
:1018E0000E0005F1080C87686745734401F001019B
:1018F00060D0D0F80CE0C7F80CE0CEF808700029F2
:1019000000F08D8043F0010141601360B3F5007F6A
:1019100030D2DB08591C6C689A1001239340234392
:1019200005EBC10255F831406B60083AC0E902424C
:1019300045F83100E0603046BDE8F84000F092BC68
:101940004968C9070ED4234405F1080C9168614524
:1019500043F001046BD0D268CA6091604460C35008
:10196000D4E7704743F00101B3F5007F47F8041C4A
:101970001360CED35A0A042A46D89A0902F13907CD
:10198000FF0002F13801EC19EA59083C944255D0A5
:10199000516821F00301994202D992689442F7D12B
:1019A000D468C0E90224A060D0603046BDE8F840A9
:1019B00000F058BC002962D1D2E90221234443F04F
:1019C0000104D1608A604460C3503046BDE8F840ED
:1019D00000F048BC1CF0010F234407D157F8082C35
:1019E000801A1344D0E90212CA609160274A126833
:1019F00043F001019A424160A8609CD8244B3046D4
:101A00001968FFF7FDFE96E7142A0AD9542A1DD853
:101A10001A0B02F16F07FF0002F16E01B3E72344D6
:101A200094E702F15C07FF0002F15B01ABE7C5E957
:101A30000400C0E902CC4460C3507CE76B688910A5
:101A4000012707FA01F119436960AAE7B2F5AA7FF5
:101A500006D8DA0B02F17807FF0002F1770192E76E
:101A600040F254518A4206D89A0C02F17D07FF00D9
:101A700002F17C0187E74FF47E777E2183E743F014
:101A800001014160136056E77804002084080020BB
:101A900004E900202DE9F04110F538771BD0884685
:101AA0000026D7E90154013D0FD4A389012B05F18C
:101AB000FF3506D9B4F90E300133204601D0C047B6
:101AC00006436B1C04F16804EFD13F68002FE8D196
:101AD0003046BDE8F0813E463046BDE8F08100BFAB
:101AE0002DE9F84310F538771FD0884606464FF0A9
:101AF0000009D7E90154013D11D4A389012B05F157
:101B0000FF3508D9B4F90E3001332146304602D0F2
:101B1000C04749EA00096B1C04F16804EDD13F6835
:101B2000002FE6D14846BDE8F883B9464846BDE8EF
:101B3000F88300BFF03070470048704778090020F4
:101B4000004870477809002070B50C46B1F90E10B6
:101B5000002996B015461E4614DB6A4603F076FA55
:101B600000280FDB019A02F47042A2F50052B2FA8B
:101B700082F252094FF480634FF4006032602B60B0
:101B800016B070BDA289002312F08000336004D02B
:101B9000402218462A6016B070BD4FF480632B6057
:101BA00016B070BD8A8992070B4606D501F1430233
:101BB00001211A60C3E90421704770B582B001ABFE
:101BC0006A460C460646FFF7BFFF009905463046B9
:101BD00000F042F8B4F90C3070B11649F163019A83
:101BE0000099206043F08003A381C4E904018AB90D
:101BF0002B43A38102B070BD9A05FBD423F00303ED
:101C000004F1430243F002030121A3812260C4E9ED
:101C10000421EFE73046B4F90E1003F02BFA10B9A7
:101C2000B4F90C30E4E7A38923F0030343F0010384
:101C30001BB2DDE711160308024B0146186800F0DD
:101C40000BB800BF48000020024B01461868FFF7A0
:101C500027BE00BF480000202DE9F04F01F10B0521
:101C6000162D83B0064623D8102900F2B98000F063
:101C7000F7FA102518230220CD4F3B44A3F10802A8
:101C80005C68944200F0B980636823F00303234446
:101C9000D4E902515A68E96042F0010230468D6091
:101CA0005A6000F0DFFA0834204603B0BDE8F08F38
:101CB00035F0070500F19480A94200F2918000F010
:101CC000CFFAB5F5FC7FC0F09D816B0A00F08F80E4
:101CD000042B00F27381AB0903F1390003F1380CD6
:101CE000C300B34F3B44A3F108015C68A14206D195
:101CF0000CE0002A80F22B81E468A14206D06368E0
:101D000023F003035A1B0F2AF3DD60463C69DFF81A
:101D1000A4C264457CD0636823F003035A1B0F2AD6
:101D200000F37E81002AC7E904CC80F26F81B3F50D
:101D3000007F80F01A81DB08591C7A6857F83180DF
:101D4000C4F808804FF0010E9B100EFA03F307EB66
:101D5000C10E1343AEF10802E2607B6047F83140E8
:101D6000C8F80C408210012494409C4256D81C4272
:101D700006D120F0030064001C4200F10400FAD0F8
:101D800007EBC009CE468046DEF80C309E4507D1F1
:101D900020E1002A80F22781DB689E4500F01A814D
:101DA000596821F003014A1B0F2AF2DDD3E9028EA4
:101DB0005C1945F001055D6042F00105C8F80CE0D2
:101DC0003046CEF80880C7E90444C4E902CC656017
:101DD0005A50009300F046FA009B03F1080402E019
:101DE0000C2333600024204603B0BDE8F08F4FF48D
:101DF000007340204FF03F0C73E7DC68A34208BF3C
:101E000002307FF441AF3C69DFF8A8C1644582D15C
:101E10007B688210012494409C42A8D9BC68636806
:101E200023F00308A84503D3A8EB05030F2B7EDCA2
:101E3000DFF88491D7F80824D9F80030013204EB98
:101E4000080A2B4400F0378103F580530F3323F445
:101E50007F6B2BF00F0B5946304600F0D9FE411C2A
:101E6000024600F0F780824500F2F280D9F80410B3
:101E70005944C9F804100B4600F05381D7F80814F0
:101E800001311BBFA2EB0A0A5344C7F80824C9F862
:101E9000043012F0070300F01A81C3F108010A446C
:101EA000C3F5805193440831A1EB0B01C1F30B0A38
:101EB000514630460193009200F0AAFE421CDDE933
:101EC000002300F05381831A03EB0A0BD9F80410A6
:101ED000BA604BF001035144BC425360C9F804108E
:101EE00000F02B81B8F10F0F40F229816368A8F14F
:101EF0000C0020F0070003F0010304EB000C034387
:101F00004FF0050E0F286360CCE901EE00F2358139
:101F100053681446D9F82C208A42D9F8302038BFAB
:101F2000C9F82C108A4238BFC9F8301094E0621901
:101F300043F0010345F0010565603046BA60536027
:101F400000F090F90834204603B0BDE8F08F234438
:101F5000E1685A68A56842F00102E96030468D6088
:101F60005A6000F07FF908343DE75A0A042A69D91B
:101F7000142A00F2BE8002F15C01C9005B3207EB5B
:101F8000010E7958AEF1080E8E4500F097804A6830
:101F900022F003029A4202D989688E45F7D1D1F81E
:101FA0000CE07B68C4E9021ECEF80840CC60D9E69C
:101FB000780400208004002004E90020142B59D963
:101FC000542B00F29E802B0B03F16F0003F16E0C7B
:101FD000C30086E608F1010818F0030F0EF1080EA1
:101FE0007FF4D2AE51E019441C464A68DB6854F8CD
:101FF000085F42F001024A603046EB609D6000F0ED
:1020000031F9F0E6E80805F1080335E623443046E7
:102010005A6842F001025A60083400F023F9E2E6FF
:10202000611945F0010E42F00105C4F804E03046A4
:10203000C7E90411C1E902CC4D60E25000F012F989
:102040000834D0E69A0902F13901C900383296E71E
:10205000BC4260D0BC68636823F0030BAB45ABEBBC
:10206000050302D30F2B3FF762AF304600F0FAF8BA
:102070000024B8E603F15C0003F15B0CC30030E61A
:1020800059F808394B4540F0968010F0030F00F1E5
:10209000FF30F5D17B6823EA04037B6064009C4237
:1020A0003FF6BCAE1CB9B9E6640008F104081C4256
:1020B000FAD0404664E603F1100BCCE67B68921040
:1020C0004FF0010808FA02F213437B606AE702EB63
:1020D0000B014942C1F30B0A51463046019300926D
:1020E00000F096FD431CDDE900237FF4ECAE9A4638
:1020F000ECE6542A26D81A0B02F16F01C9006E32A1
:102100003DE7B3F5AA7F26D8EB0B03F1780003F186
:10211000770CC300E5E5D9F804305B44C9F8043016
:10212000ACE6CAF30B0000287FF4A8AE08EB0B0363
:10213000BC6843F001036360ECE61446EAE6012361
:10214000536092E7B2F5AA7F21D8DA0B02F1780149
:10215000C900773213E740F25452934221D8AB0CB6
:1021600003F17D0003F17C0CC300BAE5083B9B44FE
:10217000ABEB020B4FF0000AA8E604F10801304671
:10218000FFF78EFBBC68D9F804106368C2E640F222
:1021900054518A420BD89A0C02F17D01C9007C325D
:1021A000EDE64FF47E737F204FF07E0C99E54FF4FF
:1021B0007E717E22E3E67B6870E700BF00000000CE
:1021C00001F0FF01102A2BDB10F0070F08D010F8E8
:1021D000013B013A8B422DD010F0070F42B3F6D1EC
:1021E000F0B441EA012141EA014122F007047FF005
:1021F00000070023F0E80256083C85EA010586EA5C
:10220000010685FA47F5A3FA87F586FA47F6A5FA97
:1022100087F68EB9EED1F0BC01F0FF0102F00702A3
:1022200032B110F8013B013A83EA010313B1F8D14E
:102230000020704701387047002D06BF354603382F
:10224000073815F0010F07D1013015F4807F02BF68
:10225000013015F4C03F0130F0BC0138704700BFB9
:10226000704700BF704700BFC36C70B505460C4691
:102270004BB153F8240080B1026843F824200023B6
:10228000C0E9033370BD2122042102F02FFE034672
:10229000E8640028EDD1002070BD012101FA04F6A8
:1022A000721D2846920002F021FE0028F3D0C0E9FA
:1022B0000146E4E731B1C36C4A6853F82200086074
:1022C00043F82210704700BFF0B50C6983B00D468B
:1022D000064601F1140C0027DCF8000081B202FB75
:1022E0000133190C000C02FB00109BB2013703EB09
:1022F0000043BC424CF8043B4FEA1043ECDC3BB1DA
:10230000AA68A24207DD05EB8402013453612C6107
:10231000284603B0F0BD6968019330460131FFF7EC
:10232000A3FF019B0746B8B12A690193023205F168
:102330000C0192000C30FCF74DF9F26C6968019BBE
:1023400052F82100286042F821503D4605EB8402F6
:10235000013453612C61DBE70246024B0248B52190
:1023600002F0A0FD448503088C8503082DE9F8439D
:10237000264C089E1D46083384FB034C092D4FEA6A
:10238000E373904607460C46C3EB6C0236DD01232F
:1023900000215B009A4201F10101FADC3846FFF7A7
:1023A00063FF68B30123B8F1090FC0E9043613DCF9
:1023B0000A344FF0090845450CDDA5EB0805254416
:1023C00014F8013B0146303B0A223846FFF77CFFF8
:1023D000A542F5D1BDE8F88304F109094E4644440D
:1023E00016F8013B0146303B0A223846FFF76CFFE6
:1023F000B442F5D1A8F108044C44DCE70021CDE754
:102400000246034B0348CE2102F04CFD398EE338DF
:10241000448503088C850308020C12040346CAB9DC
:102420000304102013F07F4F04BF1B02083013F089
:10243000704F04BF1B01043013F0404F04BF9B00DA
:102440000230002B05DB13F0804F00F1010008BFC4
:10245000202070470020E5E7036813F007020146DB
:1024600007D0DA0720D4980722D55B080B6001203B
:10247000704798B2B0B91B0C102013F0FF0F04BFC7
:102480001B0A08301A0704BF1B0904309A0704BF4F
:102490009B080230DA0703D45B0800F1010005D085
:1024A0000B6070471046E8E7002070472020704717
:1024B0009B080B600220704710B50C460121FFF706
:1024C000D3FE024618B10123C0E9043410BD034B0A
:1024D00003484FF4A07102F0E5FC00BF44850308F7
:1024E0008C8503082DE9F04F0E691769BE4283B051
:1024F0000C46154605DB3A462B4637460D46164632
:102500001C46D5E9011307EB06084345B8BF013166
:10251000FFF7AAFE009000287FD0009B03F1140A69
:102520000AEB8809CA4505D25346002143F8041B2B
:102530009945FBD804F1140E0EEB860B05F114033C
:10254000DE4503EB870753D2CDF80480984605E0BB
:10255000090C28D1F3450AF1040A47D95EF8041B97
:102560008EB2002EF4D045465446002355F8041B85
:1025700020688AB21FFA80FC06FB02C2090C000C1C
:10258000134406FB010202EB13429BB243EA0243EF
:10259000AF4244F8043B4FEA1243E7D823605EF8A9
:1025A000041C090CD6D0DAF8003040461A465446CE
:1025B0004FF0000C0588120C01FB052294449BB2DD
:1025C00043EA0C4344F8043B50F8043B22681B0CDC
:1025D00095B201FB035303EB1C4387424FEA134CB4
:1025E000E8D8F34523600AF1040AB7D8DDF804807F
:1025F000B8F1000F0BDD59F8043CA9F104091BB137
:1026000005E059F8043D13B9B8F10108F9D1009873
:10261000C0F8108003B0BDE8F08F0246024B0348BB
:1026200040F25D1102F03EFC448503088C850308EE
:1026300012F003032DE9F041144607462ED10D4652
:10264000A4101CD0BE6C96B3E3074FF0000806D46C
:10265000641014D03068A8B10646E307F8D53246B6
:1026600029463846FFF73EFFB5B16A68FB6C641037
:1026700053F82210296043F822500546EAD1284633
:10268000BDE8F081324631463846FFF72BFF306017
:10269000C0F800800646E0E70546D9E7013B094A55
:1026A00052F823200023FFF70FFE0546C8E740F24B
:1026B00071213846FFF700FF0023B8640646036027
:1026C000C2E700BF688303082DE9F8430E690D4691
:1026D0004FEA6219D1E901134E44741C9C429046A2
:1026E000074604DD5B009C4201F10101FADC38463B
:1026F000FFF7BAFD002842D0B9F1000F00F1140C29
:102700000EDD09F105094FEA890900EB090163466D
:10271000002243F8042B8B42FBD1A9F11409CC44CD
:10272000296905F1140318F01F0803EB810E1DD071
:10273000C8F120090022196801FA08F111434CF888
:10274000041B53F8042B734522FA09F2F3D3CCF897
:102750000020002A18BF2646FB6C6A68066153F801
:102760002210296043F82250BDE8F883ACF1040C34
:1027700053F8042B4CF8042F9E45F9D8ECE7024699
:10278000024B034840F2D91102F08CFB4485030848
:102790008C85030830B40B6905460069C01A10D156
:1027A0009B001435143119442B4401E09D4208D29A
:1027B00053F8044D51F8042D9442F7D003D24FF052
:1027C000FF3030BC7047012030BC70472DE9F84322
:1027D00016460B691269A3EB0208B8F1000F0D460B
:1027E00067D1920001F1140706F11401BB181144DE
:1027F00001E09F4261D253F8042D51F8044DA242EA
:10280000F7D050D36968FFF72FFD00285FD02F69FC
:102810003369C0F80C8006F11402143505EB870CFF
:1028200002EB830E00F11406002100E0264652F868
:10283000044B55F8048B1FFA84F911FA88F3210C24
:10284000A3EB0903C1EB184101EB234134469BB2D2
:1028500043EA014396454FEA214144F8043BA84628
:10286000E4D8AC4516D9264658F8042B11FA82F361
:10287000191401EB12419BB243EA0143C44546F8E7
:10288000043B4FEA2141EFD80CF1FF36761B26F0CE
:102890000306264423B956F8043D013F002BFAD025
:1028A0000761BDE8F8832B464FF0010835461E4608
:1028B000A8E7F8DB4FF00008A4E70021FFF7D4FCFD
:1028C00060B101220023C0E90423BDE8F883024679
:1028D000064B07484FF4107102F0E4FA0246034B2E
:1028E000034840F2322102F0DDFA00BF44850308BC
:1028F0008C850308124B10EE902A1A40A2F15073F7
:10290000002B04DD0020194641EC100B70475B42A0
:102910001B15132B07DC4FF40022002042FA03F1B1
:1029200041EC100B7047143B1E2BDABF4FF00042F6
:1029300022FA03F301230021184641EC100B7047E3
:102940000000F07FF8B5046900F1140606EB84047A
:1029500054F8045C2846FFF75FFDC0F120030A2805
:102960000B60A4F1040131DD8E42A0F10B001AD2FC
:1029700054F8081C10B3C0F12007854021FA07F372
:102980001D4345F07F53A4F10805AE4201FA00F063
:1029900043F4401303D254F80C1CF9400843024698
:1029A00043EC102BF8BD40B105FA00F040F07F5326
:1029B000002043F440130246F2E7014645F07F53FE
:1029C00043F440130A4643EC102BF8BD8E42C0F18D
:1029D0000B0738BF54F8081C25FA07FC00F1150056
:1029E0004CF07F5334BFF940002105FA00F043F466
:1029F000401340EA010243EC102BF8BD2DE9F043EF
:102A0000884683B00121154657EC106BFFF72CFC6C
:102A10000446002850D0C7F30A59C7F31303B9F18D
:102A2000000F01D043F48013002E019325D0684697
:102A30000096FFF711FD00283AD0DDE90013C0F140
:102A4000200203FA02F20A43C34001936261002BA1
:102A500014BF02210121A3612161B9F1000F17D038
:102A6000A9F2334909EB0003C0F13500C8F8003082
:102A70002860204603B0BDE8F08301A8FFF7ECFC16
:102A8000019B6361012120302161B9F1000FE7D181
:102A900004EB8103A0F23240C8F800001869FFF788
:102AA000BBFCC0EB41102860204603B0BDE8F083BA
:102AB000DDE900236261CAE70246034B034840F2A6
:102AC0000A3102F0EFF900BF448503088C85030842
:102AD0002DE9F04383B0884669468146FFF732FF0F
:102AE000404601A955EC104BFFF72CFFDDE9001320
:102AF000D9F81020D8F81000CB1A121A03EB4213A1
:102B0000002B57EC106B0DDD05EB03594D4632469B
:102B10003B462046294604F03FFD41EC100B03B034
:102B2000BDE8F083C3EB033307EB03510F46EEE739
:102B30001728D0B504460CDD0A490B4F00200026AB
:102B400032463B4604F0FEFB013CF9D141EC100B50
:102B5000D0BD064B03EBC004D4E9040141EC100BDB
:102B6000D0BD00BF0000F03F000024406883030890
:102B700070B414694E1E02F11403761103EB840144
:102B800001368B4200EB86060CD2041F53F8045B1F
:102B900044F8045F9942F9D88B1A153B23F00303DC
:102BA00004331844864204D9002340F8043B86428B
:102BB000FBD870BC704700BF03694A11934210B440
:102BC00000F1140410DA04EB83039C421ED253F884
:102BD000040C043B18B115E053F8042D92B99C4243
:102BE000FAD35DF8044B704704EB8203EDDD11F07E
:102BF0001F01EAD054F8220020FA01F202FA01F192
:102C00008842E2D001205DF8044B70470020E8E7DD
:102C100038B5074C0023054608462360FAF74EFEF8
:102C2000431C00D038BD2368002BFBD02B6038BD7F
:102C300010EA002010B50C46B1F90E1002F0F8FAB7
:102C4000002803DB236D0344236510BDA38923F40F
:102C50008053A38110BD00BF002070472DE9F041D3
:102C60001646B1F90C201F46D3050C460546B1F9AE
:102C70000E1009D422F48052A2813B4632462846E7
:102C8000BDE8F04102F090B80022022302F032FACF
:102C9000B4F90C20B4F90E10ECE700BF10B50C46E7
:102CA000B1F90E1002F026FAA389421C0EBF23F4DC
:102CB000805343F480532065A38110BDB1F90E10F9
:102CC00002F044B92DE9F04F936883B09046002B91
:102CD0006DD017688D6882460C460868083743E057
:102CE000A38913F4906F2ED0D4E9041505EB4505A4
:102CF000A0EB010B05EBD5750BEB06006D10013059
:102D0000A8422A4684BF05462A465B0536D51146A9
:102D10005046FEF7A1FF00283AD05A46216901909B
:102D2000FBF758FCA289019B22F4906242F08002DA
:102D3000A281A5EB0B0203EB0B0065612361206010
:102D4000A2603546B3465A46494602F009FAD8F819
:102D50000830A2682068551B58449E1BA56020605F
:102D6000C8F808601EB3083757E90296AB46002E34
:102D7000F9D0AE42B4D23546B346E4E7504602F04D
:102D80006DFA03460028D4D121695046FEF788FD2C
:102D90000C23CAF80030A389002243F040034FF00F
:102DA000FF30A381C8E9012203B0BDE8F08F002005
:102DB000C8F8040003B0BDE8F08F00BF2DE9F04F64
:102DC00092468A89ABB0140604910393059003D50B
:102DD0000B69002B00F0B88400230893CDE90E3373
:102DE00001931AAB0D939B469AF80030002B00F02C
:102DF000C180252B00F07E84554603E0252B00F092
:102E0000AB8025466B786C1C002BF7D1B4EB0A061F
:102E100000F0B080DDE90E3201333244072BCBF8ED
:102E200000A0CBF80460CDE90E3200F39A800BF1DC
:102E3000080B019A6B7832440192002B00F09A80C3
:102E40004FF0000300218DF82F3063780846894643
:102E50000F4604F1010A4FF0FF380AF1010AA3F10D
:102E60002002582A00F27482DFE812F0DF007202BA
:102E70007202DA007202720272027202720272024C
:102E8000CF00CA007202C500AC007202A700980011
:102E90009800980098009800980098009800980072
:102EA0007202720272027202720272027202720282
:102EB00072027202440272027202720272027202A0
:102EC000720272027202720272026700720272026F
:102ED000720272027202590072027202E3017202FD
:102EE0007202720272027202720272027202720242
:102EF00072026A013D0172027202720238013D01E2
:102F0000720272022B01720231026900F80126017D
:102F10007202060172025B0072027202E70047F061
:102F20001007B906039B40F10682073323F007031D
:102F3000F3E80245039301239EE147F0100717F0E1
:102F4000200300F0EE81039B073323F00703F3E82F
:102F50000245039300238FE1B4EB0A063FF470AF00
:102F600058E70DAADDE90410FFF7ACFE48B90DF1F2
:102F7000680B5EE70F9B23B1059804990DAAFFF734
:102F8000A1FE049B9B8913F0400F019B18BF4FF0DB
:102F9000FF33019301982BB0BDE8F08FA3F130020D
:102FA0004FF000091AF8013B09EB890902EB4909C6
:102FB000A3F13002092AF5D951E747F080079AF8C2
:102FC00000304AE7544614F8013B2A2B00F01784DE
:102FD000A3F13002092AA2464FF000083FF63FAFA6
:102FE0001AF8013B08EB880802EB4808A3F130020D
:102FF000092AF5D933E79AF8003047F004072CE79F
:103000009AF8003001212B2027E7039A9AF8003024
:1030100052F8049BB9F1000FC0F2B48303921CE78D
:1030200047F001079AF8003017E79AF800300028B7
:103030007FF413AF012120200FE7002940F0D08357
:10304000C14A0892BE06039A40F1FC80073222F082
:103050000702F2E802450392F90740F1898154EA38
:10306000050200F0858130228DF8313047F00207EB
:103070008DF830200223FFE0039C54F8046B4FF0DE
:1030800000038DF82F30002E00F09083B8F1FF3F41
:1030900000F04E83424600213046FFF791F80028A9
:1030A00000F09383831BCDE902349DF82F30009705
:1030B00006934FF00008FFE047F020079AF8003031
:1030C000CBE69AF800306C2B03BF9AF8013047F03A
:1030D00020070AF1010A47F01007BEE647F0400753
:1030E0009AF80030B9E6002940F08083BA06039BC5
:1030F00040F10981073323F007031946F1E8022361
:10310000039114461D46002A73F10003C0F2D982D0
:103110009DF82F300693B8F1FF3F00F0BA8227F0F8
:103120008003009354EA050340F0B282B8F1000F27
:1031300040F049834FF00008CDF808801AAEBBE09C
:10314000039B53F8042B8DF840200125CDE9025351
:103150004FF000018DF82F1010AE00974FF00008CF
:10316000009B13F002030693009B18BF023513F077
:103170008403DDE90E12079304D1A9EB0504002CAA
:1031800000F3DC819DF82F4001F1010C0BF10800E8
:1031900094B101320DF12F070124BCF1070FCDE9E5
:1031A0000EC2CBE9007400F301828F1C0BF11004F6
:1031B00061468346BC462046069B7BB102320CA981
:1031C0000223BCF1070FCDE90EC2CBE9001300F3D7
:1031D000FD81614683460CF1010C0830079B802B72
:1031E00000F0F280029BA8EB0307002F00F334816C
:1031F000029BCDF838C01A44BCF1070F0F92CBE9FF
:10320000006300F36B81009B5B0704D5A9EB050409
:10321000002C00F3EB81019BA945ACBF4B445B192B
:103220000193002A40F0818100230E930DF1680B79
:10323000DAE5002940F0DD82444A0892BE06039A8E
:103240003FF504AF52F8044B0392FD0600F12F82C4
:10325000780640F12C82A4B20025FDE6039B53F8CA
:10326000044B039347F63002374B0893ADF83020F8
:1032700047F00207002502234FF000028DF82F20AF
:1032800000220692B8F1FF3F75D027F0800200922D
:1032900054EA05026ED1B8F1000F40F0DD81002B39
:1032A0007FF448AF17F00103029300F02682302329
:1032B0008DF867300DF16706029B4345B8BF434662
:1032C0001D46069B002B3FF44BAF013548E7002914
:1032D00040F08382039ABD0652F8043B039200F14A
:1032E0002082FC0600F13D82780640F13A82019A84
:1032F0001A8079E5002940F0768247F01007BA0677
:10330000039B3FF5F7AE53F8044B0393FB0600F124
:10331000D0817E0640F1CD8124B2E51722462B46AE
:10332000F1E6039A52F8044B039217F0100200F0F2
:10333000F1810025A0E753F8044B0393FA0640F10E
:10334000E3810025012397E714850308008503081E
:10335000002940F03582002B3FF40CAE01258DF89A
:1033600040304FF000038DF82F30029510AEF4E698
:10337000022381E7009F012B00F08B81022B00F0DC
:1033800072811AA900E03146E20842EA4572E80873
:1033900004F0070305461446303354EA050201F8E9
:1033A000013C01F1FF36EED1FA0740F1B980302B34
:1033B00000F0B6803023023906F8013C1AAB5B1AE4
:1033C000009702930E4677E7A9EB0507002F7FF7DA
:1033D00009AF102FCA4C40F30F82069658461023AF
:1033E000D346049EAA46059D04E0103F102F00F12D
:1033F000080017DD013110320729CDE90E12C0E9AE
:103400000043F2DD0DAA31462846FFF75BFC002899
:103410007FF4B7AD103F102FDDE90E121AA84FF060
:103420001003E7DC069E55460131DA4600F1080339
:1034300083463A4407290F92CBE900470E9100F3E7
:10344000A58103F108009B46029BA8EB0307002F10
:1034500001F1010C7FF7CCAE102FA94C40F3AE81E7
:10346000069658462646D3464FF01008AA46059CB5
:10347000049D04E0103F102F00F1080015DD01311C
:1034800010320729CDE90E12C0E90068F2DD0DAA5D
:1034900029462046FFF716FC00287FF472AD103F46
:1034A000102FDDE90E121AA8E9DC3446069E5546B7
:1034B00001F1010CDA4600F1080383463A44BCF1FD
:1034C000070F0F92CBE90047CDF838C000F3028117
:1034D0000CF1010C03F108009B4689E60DAADDE919
:1034E0000410FFF7EFFB00287FF44BAD0F9A1AA8EA
:1034F00089E61AAE01E004460D460A220023204662
:10350000294604F0F7F9303206F8012D00230A228B
:103510002046294604F0EEF9002D08BF0A2CEAD215
:103520001AAB9B1B00970293C6E60DAADDE90410B7
:10353000FFF7C8FB00283FF477AE22E5102C714F4F
:1035400028DD099658461023D346049EAA46059DB9
:1035500004E0103C102C00F1080017DD013110329E
:103560000729CDE90E12C0E90073F2DD0DAA31463C
:103570002846FFF7A7FB00287FF403AD103C102C72
:10358000DDE90E121AA84FF01003E7DC099E55463C
:10359000DA468346013122440729CDE90E12CBE9F0
:1035A000007400F3E2800BF1080BEBE50DAADDE9F6
:1035B0000410FFF787FB00287FF4E3ACDDE90E126F
:1035C0001CA801F1010C0DF1680BF5E50DAADDE970
:1035D0000410FFF777FB00287FF4D3ACDDE90E126F
:1035E0001CA801F1010C0DF1680BF7E5102C0E9BE6
:1035F000444F1EDD1026DDE904B804E0103C102C19
:1036000000F1080015DD01331032072BCDE90E3231
:10361000C0E90076F2DD0DAA59464046FFF752FB9D
:1036200000287FF4AEAC103C102CDDE90E321AA855
:10363000E9DC01332244072BCDE90E32C0E90074E6
:103640007FF7E9AD0DAADDE90410FFF73BFB002889
:103650007FF497AC0F9ADEE5012B00F0B480022BCB
:10366000009F7FF48EAE08981AAE230904F00F0174
:1036700043EA05732A091C461546435C06F8013DDA
:1036800054EA0503F1D11AAB9B1B0097029313E692
:10369000009F002D08BF0A2CBFF42BAF303401234C
:1036A0008DF86740009702930DF1670604E6002548
:1036B000D2E4E51722462B46002A73F10003BFF639
:1036C00027AD2D2364428DF82F30069365EB450519
:1036D0000123D7E50DAADDE90410FFF7F3FA00286E
:1036E0007FF44FACDDE90E321CA803F1010C0DF1A3
:1036F000680B7DE55446FFF7A3BB1AAEDCE500BFBF
:10370000A0840308908403087B0648BFA4B2002568
:103710000123B1E517F040031CBF1346A4B20025F6
:10372000AAE5019A1046D117C3E90001FFF75CBB77
:10373000304603940097FBF723FA9DF82F30029050
:1037400006934FF00008B7E54021FEF785FA049B89
:103750001860186100285DD0049A40235361FFF778
:103760003BBB019A1A60FFF73FBB0DAADDE90410CD
:10377000FFF7A8FA00287FF404ACDDE90E120DF182
:10378000680BFFE4C9F10009039236E40DAADDE9F4
:103790000410FFF797FA00287FF4F3ABDDE90E126F
:1037A0001CA801F1010C0DF1680B1BE54546062D27
:1037B00028BF0625CDE902541A4ECEE403467DE625
:1037C0008DF82F00C7E5009F68E79DF82F3006931E
:1037D000CDE90284009780466EE58DF82F0079E5EB
:1037E0008DF82F002CE48DF82F0086E58DF82F0042
:1037F0007CE48DF82F001FE50346614619E6039D22
:103800009AF8013055F8042B0395A24642EAE27873
:10381000FFF723BB059A0C2313604FF0FF3301938E
:10382000FFF7B8BB288503082DE9F04FBFB01C4651
:103830000491914605460890FEF77EF903681193BE
:103840001846FBF79DF909940F901DB1AB6B002B47
:1038500000F067830499B1F90C2093B29E040846E6
:1038600007D4496E42F4005321F40051838141662C
:103870009BB21D0740F1D080049A1269002A00F023
:10388000CB8003F01A030A2B00F0D4809FED9A7BC3
:1038900000238DED0C7B0E93CDE922331093129310
:1038A00005932EAB21939A4699F80030002B00F037
:1038B000DD80252B00F0BE864D4603E0252B00F071
:1038C000C78025466B786C1C002BF7D1B4EB09063A
:1038D00000F0CC80DDE9223201333244072BCAF8F4
:1038E0000090CAF80460CDE9223200F3B6800AF1F4
:1038F000080A059A6B7832440592002B00F0B680D6
:10390000002367788DF867301A46194606939B4660
:1039100004F101094FF0FF3609F10109A7F1200375
:10392000582B00F20283DFE813F0DA0200030003F1
:10393000E202000300030003000300030003290266
:10394000BC020003B702C1020003C000B100B10015
:10395000B100B100B100B100B100B100B10000038D
:10396000000300030003000300030003000300033F
:1039700000039D02510200035102000300030003F3
:1039800000034C020003000368000003000300036F
:103990000003000359000003000334020003000386
:1039A00000030003000300030003000300030003FF
:1039B000AE0174015102510251026F017401000302
:1039C0000003620100034C016A001C01170100039F
:1039D000ED0000035B0000030003C5004BF0100B7B
:1039E0001BF0200F00F09282099C073424F007039B
:1039F000F3E8024509930123C3E04BF0100B1BF0E1
:103A0000200300F07982099C073424F00703F3E8CF
:103A1000024509930023B4E00499089801F0DAF90B
:103A2000002841F01381049B9B8903F01A030A2BA1
:103A30007FF42CAF049BB3F90E30002BFFF626AFBA
:103A400023464A460499089801F078F9059019E050
:103A5000B4EB09063FF454AF3CE721AA0499089857
:103A600001F0B8FF48B90DF1B80A42E7239B23B132
:103A70000898049921AA01F0ADFF049B9B895A067E
:103A800001F1E48005983FB0BDE8F08FA7F1300365
:103A9000002019F8017B00EB800003EB4000A7F148
:103AA0003003092BF5D9069038E74BF0800B99F8D5
:103AB000007031E7002A41F0B180114B10931BF0E8
:103AC000200F00F06F81099C073424F00703F3E80E
:103AD000024509931BF0010F00F0388254EA0503F8
:103AE00000F0348230238DF868308DF869704BF027
:103AF000020B022345E000BF0000000000000000B0
:103B000014850308099C54F8043B0A9300258DF89A
:103B10006750002B00F07F86711C00F053873246FF
:103B200029460A98FEF74CFB002801F059800A9BB1
:103B3000C31A07932E4623EAE3739DF8678009941E
:103B4000CDF808B003930B96B8F1000F00F0AD80EC
:103B5000039B01330393A8E04BF0200B99F800700E
:103B6000DAE6099C54F8043B099447F630021C46F7
:103B7000B74B1093ADF868204BF0020B00250223E1
:103B800078274FF000088DF86780721C00F0E28102
:103B90002BF08002029254EA050240F0D981002EF7
:103BA00040F01284002B40F0DC841BF001030793EB
:103BB00000F0498530238DF8B7300DF1B7030A9333
:103BC00059E0002A41F03280099A1BF0200F52F888
:103BD000043B099240F03B851BF0100F40F05486E7
:103BE0001BF0400F00F05086059A1A805CE699F8A9
:103BF00000706C2F03BF99F801704BF0200B09F196
:103C000001094BF0100B87E64BF0400B99F8007060
:103C100082E6002A41F012801BF0200F00F02B8179
:103C2000099C073424F007031946F1E8022309919F
:103C300014461D46002A73F10003C0F2F184731C80
:103C40009DF8678008D02BF08003029354EA0503A7
:103C500000F08484DDF808B0002D08BF0A2C80F045
:103C600054840123303407930DF1B7038DF8B74026
:103C7000CDF808B00A93079BB342B8BF334603930D
:103C800000230B9360E7099C002354F8042B8DF864
:103C900090208DF86730012224AB0392099407929B
:103CA0000A930026CDF808B00B96029B13F002038E
:103CB00002D0039A02320392029A239C12F0840BE0
:103CC00005D1069A0399551A002D00F3E8829DF854
:103CD000672072B1229A013201340DF1670001218F
:103CE000072ACDE92224CAE9000100F31A830AF168
:103CF000080A6BB1229B013302341AA90222072B56
:103D0000CDE92234CAE9001200F319830AF1080A46
:103D1000BBF1800F00F0A881079BF61A002E00F37C
:103D2000EC81029BDB0500F14281229B0A9ACAF8D2
:103D30000020079ACAF8042001331444072B239467
:103D4000229300F34E820AF1080A029B590705D517
:103D5000069B039A9D1A002D00F3FD82DDE90532D2
:103D600003998A42ACBF9B185B180593002C40F066
:103D7000FE81002322930DF1B80A95E5099B99F87D
:103D8000007053F8040B06900028C0F216850993C2
:103D9000C2E5002A40F056872E4B10931BF0200FEF
:103DA0007FF491AE099B1BF0100F53F8044B09935D
:103DB00040F02B841BF0400F00F02784A4B20025B4
:103DC00088E64BF0080B99F80070A5E5002A40F052
:103DD0002987099C073424F00703B3EC027B55ECD8
:103DE000174B099325F0004315938DED147ADDE907
:103DF00014014FF0FF32184B8DED0C7B03F03CFDAE
:103E0000002840F02B844FF0FF32134BDDE9140102
:103E100003F014FD002840F02184002200232046F6
:103E2000294603F001FD002840F03E869DF867809A
:103E30000A4A0B4B032100262BF08000472FC8BFF6
:103E40001A46039102900A9207910B967CE600BFF6
:103E50001485030800850308FFFFEF7FF084030843
:103E6000F4840308002A40F0E5864BF0100B1BF0A9
:103E7000200F7FF4D5AE099B1BF0100F53F8044BB5
:103E8000099340F0C5831BF0400F00F0C18324B2BA
:103E9000E51722462B46CDE699F800704BF0040B4F
:103EA0003AE599F8007001222B2135E5484610F8D3
:103EB000017B2A2F00F02387A7F13003092B8146CD
:103EC0004FF000063FF62AAD19F8017B06EB860697
:103ED00003EB4606A7F13003092BF5D91EE599F847
:103EE000007000297FF418AD0122202114E54BF069
:103EF000010B99F800700FE5099A52F8044B0992EA
:103F00001BF0100200F0518400253AE6099B1BF0DB
:103F1000100F53F8044B099300F03F840025012350
:103F20002FE60898FDF74CFC94E4002A40F0D68573
:103F3000002F3FF49BAD002301228DF8673024ABA6
:103F400003928DF8907007920A93AAE6022318E66E
:103F5000DDF808B0012B3FF47FAE022B00F03C826D
:103F60002EA900E01146E20842EA4572E80804F092
:103F7000070305461446303354EA050001F8013CB6
:103F800001F1FF32EED11BF0010F0A9200F0DF8247
:103F9000302B00F04B840A9ACDF808B03023023958
:103FA00002F8013C2EAB5B1A07930A9163E6652F7A
:103FB00040F3238100220023DDE90C0103F02AFCF9
:103FC000002800F02282229BBC4ACAF8002001335C
:103FD00001340122072BCDE92234CAF8042000F372
:103FE0009D840AF1080A1B9B0E9A239C934280F23F
:103FF0002483229B119ACAF800200F9ACAF8042041
:1040000001331444072BCDE9223400F3F7830AF17E
:10401000080A0E9B5D1E002D7FF797AE102D229A89
:10402000DFF89CB240F370841026089FDDF8108002
:1040300005E00AF1080A103D102D40F365840132B5
:104040001034072ACDE92224CAE900B6F1DD21AAFD
:104050004146384601F0BEFC00287FF40EADDDE994
:1040600022240DF1B80AE6E7069B039A9D1A002D5B
:104070007FF752AE102D229ADFF844B22DDD58465C
:1040800053462146CA46BB46B1464FF01008089C2D
:10409000049E074604E0103D102D03F1080315DDD2
:1040A00001321031072ACDE92221C3E90078F2DD7F
:1040B00021AA3146204601F08DFC00287FF4DDACBA
:1040C000103D102DDDE922212EABE9DC4E46D14614
:1040D0009A463B460C465F469B4601322C44072AD3
:1040E000CDE92224CAE900B500F32484079BF61A1F
:1040F000002E0AF1080A7FF714AE102E229ADFF87C
:10410000C0B128DD59462346BB461025DDF8208086
:10411000049C0F4604E0103E102E0AF1080A16DD3A
:1041200001321033072ACDE92223CAE90075F2DDF6
:1041300021AA2146404601F04DFC00287FF49DACA9
:10414000103E102EDDE922230DF1B80AE8DC1C46F2
:104150003B465F469B4601323444072ACDE9222480
:10416000CAE900B600F344820AF1080AD9E521AA97
:104170000499089801F02EFC00283FF4FAAD7CE485
:1041800021AA0499089801F025FC00287FF475AC59
:104190001B9B239C0DF1B80A002B40F0D883029B97
:1041A0000E9A03F0010313433FF4CFAD229A119B03
:1041B000CAF800300F9BCAF8043001321C44072AA9
:1041C0002394229200F39E840AF1080A0E9B0A9916
:1041D00001321C44072ACDE92224CAE900137FF7E3
:1041E000B2AD21AA0499089801F0F4FB00287FF4ED
:1041F00044AC239C0DF1B80AA7E50E9A229B012A34
:1042000004F1010403F101050AF1080640F3AF814E
:1042100001230A9ACAF80020072DCDE92254CAF8D2
:10422000043000F345830F9B119A01351C44072D80
:10423000CDE92254C6E9002300F32E8308366B1C17
:104240001F46B8460E9F079300220023DDE90C01AC
:1042500006F1080A013F03F0DDFA002840F09B81D7
:104260000A9B776001333C44B8F1070F3360239415
:10427000CDF8888000F3B28206F1100305F1020840
:1042800056469A46129A726014441DABB8F1070F55
:104290002394CDF8888033607FF757ADA1E7102DC8
:1042A000229A31DD51462046CA464FF01008B146E9
:1042B00013932E46089C049D09E000BF3085030837
:1042C000C0840308103E102E01F1080116DD0132F2
:1042D000C54B1030072ACDE92220C1E90038F1DDB5
:1042E00021AA2946204601F075FB00287FF4C5ABC2
:1042F000103E102EDDE922202EA9E8DC139B354666
:1043000004464E46D1468A460132B7492C44072A14
:10431000CDE92224CAE9001500F3D6820AF1080A81
:10432000D5E421AA04990898139301F053FB0028BF
:104330007FF4A3AB239C139B0DF1B80AD9E421AA07
:104340000499089801F046FB00287FF496AB239C63
:104350000DF1B80ADCE4102D229B21DD1026089F08
:10436000DDF8108004E0103D102D0AF1080A17DD79
:1043700001339D4A1034072BCDE92234CAE90026C7
:10438000F1DD21AA4146384601F024FB00287FF4E4
:1043900074AB103D102DDDE922340DF1B80AE7DCD5
:1043A0000133914A2C44072BCDE92234CAE9002578
:1043B0007FF7D4AC21AA0499089801F00BFB0028E0
:1043C0007FF45BAB239CC9E4012B00F0B583022B87
:1043D000DDF808B07FF4C4ADDDF840C02EAA230993
:1043E00004F00F0043EA057329091C460D461CF82A
:1043F000003002F8013D54EA0503F0D12EAB9B1AC0
:104400000A92CDF808B0079335E41B9B002B40F3CC
:104410006A820E9B0B9A9342A8BF1346002B1D463F
:104420000EDD229B0A9ACAF8002001332C44072B88
:104430002394CAF80450229300F3B5830AF1080AC2
:104440000B9B002DA8BF5B1B002B1D4600F3F681C4
:104450001B9A0E9B9A4280F2B581229B1199CAF851
:1044600000100F99CAF8041001330C44072B239451
:10447000229300F326830AF1080A0B990E9B9142BE
:10448000A3EB020380F204821D46002D10DD229A68
:10449000CAF80450DDE90A10013201442C44072A0D
:1044A000CAF80010CDE9222400F38B830AF1080A30
:1044B000002DACBF5D1B1D46002D7FF746AC102DB7
:1044C000229ADFF828B140F31F821026089FDDF8FA
:1044D000108005E00AF1080A103D102D40F3148207
:1044E00001321034072ACDE92224CAE900B6F1DDF1
:1044F00021AA4146384601F06DFA00287FF4BDAA92
:10450000DDE922240DF1B80AE6E72EABCDF80890DC
:10451000C146B0461E4601E004460D460A2200236D
:104520002046294603F0E6F9303206F8012D002333
:104530000A222046294603F0DDF9002D08BF0A2C87
:10454000EAD232460A964646C846DDF80890CDF8CB
:1045500008B02EAB9B1A0793FFF78DBB002E40F0DF
:10456000EB8200262EAB07960A93FFF784BB029AD4
:10457000D0073FF54DAE01220A99CAF80010072D69
:10458000CDE92254CAF8042000F3288103F102087F
:104590000AF1100A76E6002F7FF774AE102FDFF8CD
:1045A0004CB040F3AA8323464FF01008DDF820A05A
:1045B000049C079D05E00836103F102F40F30A8247
:1045C00001351033072DCDE92253C6E900B8F2DDDD
:1045D00021AA2146504601F0FDF900287FF44DAA9A
:1045E000DDE922532EAEE7E7B0840308C084030858
:1045F00021AA0499089801F0EDF900287FF43DAA5A
:10460000239C0DF1B80AFFF78CBB0025FFF762BAB7
:10461000E51722462B46002A73F10003BFF60FABC5
:104620004FF02D08644265EB45058DF86780012346
:10463000FFF7ABBA4C46FFF763B9029BDE073FF5C5
:10464000D8ACFFF782BB2EAB0A93FFF714BB059AD9
:104650001046D117C3E90001FFF726B9DDE90C01C7
:1046600002460B4603F008F9002840F02C83741C26
:1046700027F0200500F0A382472D00F03F82DDE9FE
:104680000C014BF4807200290292C0F213829DED5E
:104690000C7B8DED167B00231393662F00F0B88101
:1046A000462F00F0B581452D00F04A821FAA1CABB1
:1046B000CDE9003202211BAB32469DED160B089866
:1046C000FBF784FF672F0A90344640F047821BF0C7
:1046D000010F40F046821B9A1F9B0B920A9A472DAE
:1046E000A3EB02030E9306D10B9BD81C02DB9E4268
:1046F00080F24B82023F0B9B8DF874705A1E002A89
:104700001B92B6BFC3F101022B232D23092A8DF87A
:10471000753040F3B8820DF183042046B84D01E0B6
:1047200008461A4685FB0231D317C3EBA10303EBFE
:104730008301A2EB41013031632A00F8011C00F132
:10474000FF31EDDC3033821EDBB2944201F8013CD4
:1047500040F2E0820DF1760201E011F8013B02F82F
:10476000013B8C42F9D10DF185030DF176021B1A44
:1047700013441DAA9B1A12930E9A129B012A1344EA
:10478000079340F39282079B0F9A1344079323EAFF
:10479000E373039300230B9372E11BF0400F18BFE8
:1047A000A4B200250123FFF7ECB91BF040031CBFA6
:1047B0001346A4B20025FFF7E4B9404206900993DE
:1047C000FFF76CBB029BDD073FF547AE0B990E9BD5
:1047D0008A42A3EB02035BDD1D4669E621AA049928
:1047E000089801F0F7F800287FF447A9DDE92234A2
:1047F0000DF1C00A03F101082EAE43E521AA049988
:10480000089801F0E7F800287FF437A9239C0DF100
:10481000B80AFFF7FEBB062E334628BF06230793D0
:104820000393784B09940A93FFF73BBA0A9ACDF8A1
:1048300008B02EAB9B1A0793FFF71DBA102B229AD4
:10484000DFF8C8B140F325811026089FDDF81080FD
:1048500005E00AF1080A103D102D40F31A810132DB
:104860001034072ACDE92224CAE900B6F1DD21AAD5
:104870004146384601F0AEF800287FF4FEA8DDE995
:1048800022240DF1B80AE6E7059A1A60FFF70CB882
:104890000E9A0B99551AF8E521AA0499089801F087
:1048A00099F800287FF4E9A8DDE922542EAEC6E489
:1048B00021AA0499089801F08DF800287FF4DDA85A
:1048C000DDE922542EAEAEE421AA04990898139390
:1048D00001F080F800287FF4D0A8239C139B0DF1F1
:1048E000B80AFFF7F4B9229A4749CAF80010013212
:1048F00001340121072ACDE92224CAF804103FF728
:104900003FAC0AF1080A47E401322C44072ACDE9FA
:104910002224CAE900B57FF716AA62E421AA049905
:10492000089801F057F800287FF4A7A80DF1B80AFD
:10493000FFF759BB21AA0499089801F04BF8002809
:104940007FF49BA8239C0DF1B80AFFF7E5B9229AE2
:104950001199CAF800100F99CAF8041001320C44DA
:10496000072A2394229200F3CD800AF1080A002B33
:10497000BFF62CAC5D421033DFF890B080F26C8152
:104980005F461026DDF81080DDF820B005E00AF162
:10499000080A103D102D40F35E8101321034072AC1
:1049A000CDE92224CAE90076F1DD21AA4146584624
:1049B00001F010F800287FF460A8DDE922240DF151
:1049C000B80AE6E70A98FAF7DBF82E46034607909E
:1049D000FFF7B1B81C4605F1010806F108023C4496
:1049E000B8F1070F2394C6E900B7CDF888803FF7E8
:1049F000F5AE08F1010802F1080A164642E400BFCC
:104A0000676666662885030830850308C084030846
:104A10001FAA1CABCDE9003203211BAB32469DED32
:104A2000160B0898FBF7D2FD0A900A9B1B78302BD7
:104A300000EB060456D01B9B1C4400220023DDE93A
:104A4000160102F0E7FE002800F08E8023460A9A45
:104A50009B1A0E93472D1B9B0B933FF445AE662F7D
:104A60007FF449AE0B9A0BF00103002A43EA0603D8
:104A700040F33681002B40F021810B9B0393079379
:104A8000139B002B7CD02D238DF867300026FFF779
:104A90005FB801322C44072ACDE92224CAE900B5C7
:104AA0003EDC0AF1080AD3E44FF02D088DF8678048
:104AB000FFF7BEB901F1004317932D23169013930E
:104AC000EBE521AA0499089800F084FF00287EF401
:104AD000D4AF1B9A239C0DF1B80ACEE48DF8671071
:104AE000FFF726BA00220023DDE9160102F092FE4C
:104AF0000028A0D1C6F101031B939DE7002E08BF3B
:104B00000126BCE521AA0499089800F063FF00285B
:104B10007EF4B3AF1B9BDDE922240DF1B80A26E732
:104B200021AA0499089800F055FF00287EF4A5AF4B
:104B3000239C0DF1B80A8BE4DDF808B0FFF791B8BB
:104B40001FA91CAB741CCDE9003122461BAB02210E
:104B50009DED160B0898FBF739FD0A90472F3FF49F
:104B6000B6AD0A9B1C4468E71F9BA342BFF46FAF1E
:104B700030215A1C1F9219701F9B9C42F9D866E77E
:104B80009DF86780139EFEF7DFBF0E9B19460B9BB7
:104B9000994230DC1BF0010F7ED123EAE3720392CD
:104BA000079367276CE721AA0499089800F012FF81
:104BB00000287EF462AF239C0DF1B80A40E406267B
:104BC0005DE521AA0499089800F004FF00287EF40E
:104BD00054AF1B9B0E9A239CD31A0DF1B80A67E4BD
:104BE0000396079609940646CDF808B00B909DF8F9
:104BF0006780FEF7A9BFDDE90E3213440B9A0793D5
:104C0000002A06DC0B9B079AC3F101031A441346E2
:104C1000079223EAE3730393672731E78DF8671060
:104C2000FEF74BBF8DF86710FFF7D3B88DF867100C
:104C3000FEF7CABF8DF86710FFF717B98DF8671038
:104C4000FEF7EABF8DF86710FFF7A6B84FF0FF3305
:104C50000593FEF717BFBB4601322C44072ACDE966
:104C60002224CAE900B57FF7AFAA21AA04990898BF
:104C700000F0B0FE00287EF400AFDDE922240DF143
:104C8000B80AFFF7A3BA302330328DF87630042308
:104C90008DF8772012936FE50B9B0F9A13440793BF
:104CA00023EAE37303936727EAE61BF001020B9202
:104CB0007FF469AD23EAE3730393E1E60F9BD31816
:104CC00033440793F6E70D9B144A002BB6BF4FF011
:104CD0002D089DF867808DF86780114BFFF7AAB803
:104CE0001BB9012303930793CAE60F9B0133334497
:104CF000079323EAE3730393C2E652466FE6099BE8
:104D000099F8017053F8046B0993814646EAE676F8
:104D1000FEF702BE022312932EE500BFF8840308BB
:104D2000FC84030810B4044C13460A46014620686C
:104D30005DF8044BFEF778BD48000020F0B50C4646
:104D4000ADF26C4D8989666EE589199621F00201F4
:104D5000666AADF80E500025E769ADF80C100996AB
:104D600006951AAE4FF48065694600960496029542
:104D7000059507970646FEF757FD051E07DB3046EB
:104D80006946FCF717FC002818BF4FF0FF35BDF847
:104D90000C305B0603D5A38943F04003A38128466A
:104DA0000DF26C4DF0BD00BF70B50D46084C1146BC
:104DB00006461A46284600232360F8F763FD431C85
:104DC00000D070BD2368002BFBD0336070BD00BFE6
:104DD00010EA002038B5324B1B6805460C460BB173
:104DE0009A6B12B3B4F90C2093B2180725D5206939
:104DF00000282DD013F0010207D0636900225B4226
:104E0000A361A26038B1002038BD990758BF62691C
:104E1000A2600028F7D1B4F90C301A06F4D543F09B
:104E20004003A3814FF0FF3038BD1846FCF7C8FCA3
:104E3000B4F90C2093B21807D9D4D90628D558074D
:104E400012D4206942F00803A3819BB20028D1D17B
:104E500003F42072B2F5007FCCD028462146FCF73F
:104E6000A1FEA3892069C5E7216B51B104F140037C
:104E7000994204D02846FCF713FDB4F90C20002316
:104E8000236300232069636022F024022060D9E7B5
:104E900042F0400209232B604FF0FF30A28138BD61
:104EA0004800002000B50A4C2668054685B01C461F
:104EB000F06852B1074B0091CDE9013206492B460B
:104EC000224600F0AFF801F0E1FB044B1A46F2E78E
:104ED00048000020C0850308D0850308CC8503085E
:104EE00008B513460022FFF7DDFF00BF10B502FB37
:104EF00001F1FCF7B1FE044668B150F8042C22F031
:104F00000302043A242A18D8132A06D8024600239A
:104F1000C2E900339360204610BD00231B2AC0E97C
:104F200000330FD9242AC0E9023312BF00F1100266
:104F3000C0E9043300F11802E9E70021F9F7E4FBC6
:104F4000204610BD00F10802E1E700BF38B5074C6C
:104F50000023054608462360F8F7DCFC431C00D01C
:104F600038BD2368002BFBD02B6038BD10EA002031
:104F700070B539B105460C4608B1836B83B3B4F9FB
:104F80000C3013B90026304670BD21462846FCF788
:104F90006BFAE36A064633B1E16928469847002870
:104FA000B8BF4FF0FF36A3891B0620D4216B41B157
:104FB00004F14003994202D02846FCF771FC00231B
:104FC0002363616C21B12846FCF76AFC002363640B
:104FD000FCF7FAFB0023A381FCF7F8FB304670BD19
:104FE000FCF7EEFBB4F90C30002BCBD0CDE72169F8
:104FF0002846FCF755FCD9E7024B01461868FFF735
:10500000B7BF00BF480000200CB400B583B004ABAC
:1050100053F8042B019300F0E7FC03B05DF804EBB8
:1050200002B070470EB410B583B005AB064C53F810
:10503000042B01930146206800F0D6FC03B0BDE8C4
:10504000104003B0704700BF4800002038B50B4641
:10505000074C05461146184600232360F8F766FC06
:10506000431C00D038BD2368002BFBD02B6038BD1B
:1050700010EA002038B5074C002305460846236097
:10508000F8F764FC431C00D038BD2368002BFBD02C
:105090002B6038BD10EA002042B110B50B49104614
:1050A000144600F0F1FA18B9094810BD08487047D5
:1050B0000749204600F0E8FA0028F5D020460549C7
:1050C00000F0E2FA0028EFD0002010BD04860308AB
:1050D00000860308CC850308014B93F8280170472C
:1050E00088080020024B0A4601461868FFF7D4BF23
:1050F0004800002070B50D46084C114606461A4679
:10510000284600232360F8F72CFC431C00D070BD18
:105110002368002BFBD0336070BD00BF10EA002075
:1051200010B4034CD4F8E440A4465DF8044B604747
:105130008808002082B049B15AB16BB113780B6076
:105140001278101C18BF012002B0704701A9002A74
:10515000F3D1104602B070476FF00100F4E700BFD2
:105160008842F0B40DD98B1883420AD9841832B121
:10517000224613F8014D02F8014D9942F9D1F0BCD5
:1051800070470F2A0ED80346541E002AF7D0013468
:105190000C44013B11F8012B03F8012FA142F9D176
:1051A000F0BC704740EA01039B073BD1A2F1100716
:1051B0003F0901F1200606EB071601F1100300F18B
:1051C000100453F8105C44F8105C53F80C5C44F87D
:1051D0000C5C53F8085C44F8085C53F8045C44F831
:1051E000045C1033B34204F11004EAD17B1C1B01B0
:1051F00012F00C0F194402F00F05034415D0043DC2
:10520000AD0803EB850C1C1F0E4656F8047B44F8D2
:10521000047F6445F9D10135AD002B44294402F0E7
:105220000302B1E7541E0346B1E72A46ACE700BFCC
:1052300070B50D46084C114606461A46284600230E
:105240002360F8F702FB431C00D070BD2368002BDD
:10525000FBD0336070BD00BF10EA00202DE9F84F8D
:105260001746002900F0BB8007F10B0481460D466C
:10527000FCF7F6FF162C5ED810242246A7425FD812
:1052800055F804EC2EF00306A5F10808964208EB49
:10529000060A80F28180CB4BDAF804009968514508
:1052A00000F0B58020F0010353445B68DB0700F198
:1052B0008A8020F003003318934280F212811EF09E
:1052C000010F0FD155F8083CA8EB030BDBF80410D5
:1052D00021F0030108448319934280F21681731868
:1052E000934234DA39464846FCF7B6FC0746E0B14B
:1052F00055F8043C23F001034344A0F10802934213
:1053000000F0F780321F242A00F2FB80132A29685C
:1053100000F2C98003462A461960516859609268B4
:105320009A6029464846FCF7BBFA4846FCF79AFFC4
:105330003846BDE8F88F24F00704002C22469DDA99
:105340000C23C9F8003000273846BDE8F88F5F46C7
:10535000DBF80C1057F8080F321F242AC1600BEB42
:10536000030A886000F2D980132A296840F2D380AA
:10537000CBF808106968CBF80C101B2AA96800F25A
:10538000E0800BF110020835116069685160A9686E
:1053900091601E46D8463D46D8F80430321B0F2A8D
:1053A00003F0010320D83343C8F80430DAF804309E
:1053B00043F00103CAF8043048462F46FCF752FF79
:1053C0003846BDE8F88F1EF0010F8BD155F8083C28
:1053D000A8EB030BDBF8041021F003017FE7114673
:1053E000BDE8F84FFCF738BC08EB0401234342F05A
:1053F0000102C8F804304A60DAF8043043F00103CF
:105400000831CAF804304846FCF74AFAD4E720F0DD
:105410000300311804F1100C61454FDA1EF0010F42
:105420007FF460AF55F8081CA8EB010BDBF8041003
:1054300021F00301084400EB060AD4453FF74FAFC3
:105440005F46DBF80C1057F8080F321F242AC160A2
:10545000886000F29980132A296840F29380CBF883
:1054600008106968CBF80C101B2AA96800F292801A
:105470000BF110020835116069685160A9689160EC
:105480000BEB0401AAEB040242F0010299604A60AE
:10549000DBF8043003F001031C434846CBF804401A
:1054A000FCF7E0FE50E701606B6843601B2A3CD8C4
:1054B00005F1080200F10803A9682DE708EB0400D4
:1054C0000A1B42F001029860426055F8043C03F068
:1054D00001031C43484645F8044CFCF7C3FE2F4625
:1054E00032E7DAE902121E46CA6008EB030A91604D
:1054F00052E750F8043C23F003031E4408EB060A6D
:105500004AE72946FFF72CFE0BE7DAE902125F466D
:10551000CA6091601CE73A4636E7294638461E467F
:10552000D846FFF71DFE3D4636E7AB688360EB6863
:10553000C360242A11D005F1100200F1100329697B
:10554000EAE6CBF81010E968CBF81410242A0ED044
:1055500029690BF11802103516E72B6903616B6995
:105560004361A96905F1180200F11803D4E62A691C
:10557000CBF818206A69CBF81C20A9690BF120022E
:10558000183501E73A4676E729463846FFF7E8FD41
:105590000C4B75E7CBF81010E968CBF81410242AEF
:1055A00004D029690BF11802103564E72A69CBF899
:1055B00018206A69CBF81C20A9690BF12002183564
:1055C00059E700BF7804002038B50C460968054645
:1055D00009B1FFF7F9FF21462846BDE83840FCF73E
:1055E0005FB900BF204B1B6883423BD0C36C70B5D2
:1055F00005468BB10026995939B10C682846FCF74D
:105600004FF92146002CF8D1EB6C0436802EF2D1F4
:1056100019462846FCF744F9296C11B12846FCF7D5
:105620003FF9D5F8481151B105F5A676B14206D03B
:105630000C682846FCF734F9A6422146F8D1696D7A
:1056400011B12846FCF72CF9AB6B53B1EB6B284634
:105650009847D5F8E01221B12846BDE87040FFF721
:10566000B3BF70BD704700BF4800002000000000BD
:10567000000000000000000000000000000000002A
:10568000A2EB0300704700BF02780B78012A28BF05
:105690009A42F5D16DE9044540EA0104CDE902677B
:1056A0006FF0000C4FEA447212B380EA010414F068
:1056B000070F6AD100F0070420F0070004F003058B
:1056C00021F007014FEAC505F0E8042314F0040FA8
:1056D000F1E804670CFA05F462EA040266EA0406DB
:1056E0000AD063EA0403624667EA0407664603E0F9
:1056F000F0E80423F1E8046782FA4CF582EA060434
:10570000A4FA8CF46CBB83FA4CF583EA0705A5FA7E
:105710008CF595B950E9022351E9026782FA4CF5FC
:1057200082EA0604A4FA8CF483FA4CF583EA0705AE
:10573000A5FA8CF52543DBD09CB92DBAB5FA85F4D2
:1057400024F0070427FA04F1DDE9026723FA04F3E1
:1057500003F0FF0001F0FF01FDE80445A0EB0100AC
:10576000704724BAB4FA84F424F0070426FA04F14A
:10577000DDE9026722FA04F202F0FF0001F0FF0106
:10578000FDE80445A0EB0100704714F0030F3CD185
:1057900010F0030428D150F8082B51F8083B82FA86
:1057A0004CF582EA0305A5FA8CF55DB950F8042C96
:1057B00051F8043C82FA4CF582EA0305A5FA8CF50F
:1057C000002DE8D02DBAB5FA85F424F0070423FAA9
:1057D00004F122FA04F202F0FF0001F0FF01FDE8FB
:1057E0000445A0EB010070474FEAC40420F0030019
:1057F00050F8082B21F0030151F8083B0CFA04F48F
:1058000062EA040263EA0403C9E710F003041AD051
:10581000A1EB040120F00300E40750F8042B06D0AC
:105820000FD28B785FFAA2F4E41A06D12BB1CB78B1
:105830005FFAB2F4E41A00D11BB920465DF8104BB0
:10584000704701F1040150F8042BCC0721F003014B
:1058500051F8043B48D824D222F07F4482FA4CF518
:1058600094EA1325A5FA8CF50AD165B951F8043BE1
:1058700084EA0204B4EB036F0ED150F8042BEBE77B
:105880004FEA132355E035F07F454DD10878FDE808
:105890000445C0F1000070474FEA126203F0FF03B5
:1058A00047E002EA1C4482FA4CF594EA1345A5FA53
:1058B0008CF50AD165B951F8043B84EA0204B4EBD3
:1058C000034F0CD150F8042BEBE74FEA134330E0C1
:1058D00015EA1C4528D10B884FEA124229E04FEA0D
:1058E000124203EA1C4324E002F0FF0482FA4CF562
:1058F00094EA1365A5FA8CF50AD165B951F8043B11
:1059000084EA0204B4EB032F09D150F8042BEBE72F
:105910004FEA13630DE015F0FF0F05D10B684FEA56
:10592000122223F07F4304E04FF00000FDE804451D
:10593000704712BA1BBA82FA4CF482EA0304A4FA42
:105940008CF5B5FA85F402FA04F203FA04F34FEA8F
:105950001260FDE80445A0EB136070472DE9F84F95
:105960004B6E9C0493462DD59368126843B30E4644
:10597000074602F1080959E9025A5FEA9A0815D068
:10598000043D002401E0A0450ED0324655F8041F26
:10599000384600F0D7FE431C04F10104F3D1002384
:1059A000CBE90133BDE8F88FDBF808302AF0030AB1
:1059B000A3EB0A03CBF8083009F10809002BDAD170
:1059C0000020ECE700F0F2FE0023CBE90133BDE854
:1059D000F88F00BF936803B1C0E710B41846536056
:1059E0005DF8044B704700BF2DE9F04FABB01C468B
:1059F0008A469046CDE9043018B1836B002B00F045
:105A0000FF82BAF90C108AB290040AD4DAF8643032
:105A100041F4005223F40053AAF80C20CAF8643071
:105A200092B2110740F1CA80DAF81030002B00F072
:105A3000C58002F01A020A2A00F0CE8000230893E3
:105A4000CDE90E3302931AAB0D939B4698F80030C4
:105A5000002B00F0DF80252B00F01C85454603E07D
:105A6000252B00F0C68025466B786C1C002BF7D1E7
:105A7000B4EB080600F0CE80DDE90E32013332448B
:105A8000072BCBF80080CBF80460CDE90E3200F391
:105A9000B5800BF1080B029A6B7832440292002B0E
:105AA00000F0B8804FF0000300218DF82F306378AC
:105AB000039108460F4604F101084FF0FF3908F141
:105AC0000108A3F12002582A00F29D82DFE812F0BB
:105AD000F9009B029B02F4009B029B029B029B022B
:105AE0009B029B02E900E4009B02DF00C6009B02D0
:105AF000C100B200B200B200B200B200B200B20007
:105B0000B200B2009B029B029B029B029B029B0283
:105B10009B029B029B029B0228029B029B029B0210
:105B20009B029B029B029B029B029B029B026700C3
:105B30009B029B029B029B029B0259009B029B02C1
:105B400013029B029B029B029B029B029B029B02F5
:105B50009B029B029B02840157019B029B029B02BA
:105B6000520157019B029B0245019B026E02690094
:105B70003F0240019B0220019B025B009B029B02B3
:105B8000010147F01007BA06049B40F12282073357
:105B900023F00703F3E8024504930123E5E147F00E
:105BA000100717F0200300F02182049B073323F035
:105BB0000703F3E8024504930023D6E15146059814
:105BC000FFF708F9002840F0F484BAF80C2002F03E
:105BD0001A020A2A7FF432AFBAF90E30002BFFF610
:105BE0002DAF234642465146059800F001FD029034
:105BF0001CE0B4EB08063FF455AF3DE7002A00F087
:105C00000F840DAA51460598FFF7A8FE48B90DF17B
:105C1000680B40E70F9B23B105980DAA5146FFF78B
:105C20009DFEBAF80C305B0600F1C38402982BB0DD
:105C3000BDE8F08FA3F13002002418F8013B04EB1B
:105C4000840402EB4404A3F13002092AF5D9039439
:105C500037E747F0800798F8003030E7444614F8FB
:105C6000013B2A2B00F0AA84A3F13002092AA046A6
:105C70004FF000093FF625AF18F8013B09EB890901
:105C800002EB4909A3F13002092AF5D919E798F87E
:105C9000003047F0040712E798F8003001212B206C
:105CA0000DE7049A98F8003052F8044B0394002C46
:105CB000C0F21584049202E747F0010798F800301B
:105CC000FDE698F8003000287FF4F9AE012120208D
:105CD000F5E6002940F05B84C24A0892B806049AAF
:105CE00040F11281073222F00702F2E802450492E5
:105CF000FE0740F1988154EA050200F094813022B9
:105D00008DF8313047F002078DF8302002232CE166
:105D1000049C54F8046B4FF000038DF82F30002ED4
:105D200000F00784B9F1FF3F00F0DE834A4600210E
:105D30003046FCF745FA002800F01984831B0193D4
:105D40009DF82F300494009706934FF00009AFE1BF
:105D500047F0200798F80030B1E698F800306C2B37
:105D600003BF98F8013047F0200708F1010847F019
:105D70001007A4E647F0400798F800309FE6002996
:105D800040F00184BA06049B40F1D380073323F02E
:105D900007031946F1E80223049114461D46002A20
:105DA00073F10003C0F249839DF82F300693B9F1D7
:105DB000FF3F00F0148327F08003009354EA0503AB
:105DC00040F00C83B9F1000F40F0CF834FF0000991
:105DD000CDF804901AAE6BE1049B012553F8042B17
:105DE0008DF840204FF000018DF82F10049301959D
:105DF00010AE00974FF00009009BDDE90E2C13F068
:105E000002030693009B18BF0235501C13F0840355
:105E10000146079304D1039B5C1B002C00F32482F2
:105E20009DF82F400BF108007CB10CF1010C0DF135
:105E30002F0401220729CDE90E1CCBE9004200F313
:105E4000F3810A46834601310830069BE3B10CF129
:105E5000020C0CAA02230729CDE90E1CCBE9002372
:105E600040F3FC81BCF1000F00F0FD820DAA514609
:105E70000598FFF773FD00287FF4D3AEDDE90E2C03
:105E80001CA8511C0DF1680B079B802B00F01B8197
:105E9000019BA9EB0307002F00F37281019A0E9179
:105EA0001346634407290F93CBE900620CDD002BF6
:105EB00000F023820DAA51460598FFF74FFD0028F8
:105EC0007FF4AFAE0F9B1AA8009A520704D5039A2D
:105ED000541B002C00F31A82DDE90221A942ACBF59
:105EE000521852190292002B40F0908100230E9319
:105EF0000DF1680BAAE5002940F052833A4A089256
:105F0000B806049A3FF5EEAE52F8044B0492F90637
:105F100000F19C827A0640F19982A4B20025E7E65E
:105F2000002940F02D8347F01007BA06049B3FF587
:105F30002DAF53F8044B0493FE0600F176827D06E4
:105F400040F1738224B2E51722462B4627E7049BD3
:105F500053F8044B049347F63002224B0893ADF8F4
:105F6000302047F00207002502234FF000028DF891
:105F70002F2000220692B9F1FF3F57D027F0800270
:105F8000009254EA050250D1B9F1000F40F00982A5
:105F9000002B7FF41BAF17F00103019300F07D820B
:105FA00030238DF867300DF1670681E0002940F05D
:105FB000F282049ABC0652F8043B049200F18282F9
:105FC000F80600F1AA82790640F1A782029A1A80A7
:105FD0003CE553F8044B0493FE0640F16D82002526
:105FE0000123C2E71485030800850308049A52F8C8
:105FF000044B049217F0100200F057820025B4E71A
:10600000FBF7DEFBFDE4002940F0AC82002B3FF4FF
:1060100001AE01258DF840304FF000038DF82F3090
:10602000019510AEE5E602239FE7009F012B00F0EB
:10603000D681022B00F0BC811AA900E03146E208AB
:1060400042EA4572E80804F0070305461446303377
:1060500054EA050201F8013C01F1FF36EED1F807E0
:1060600022D5302B20D03023023906F8013C1AAB60
:106070005B1A009701930E461AE01AAE01E004463F
:106080000D460A2200232046294601F033FC303217
:1060900006F8012D00230A222046294601F02AFC99
:1060A000002D08BF0A2CEAD21AAB9B1B0097019364
:1060B000019B4B45B8BF4B461D46069B002B3FF44A
:1060C0009BAE013598E6039B5F1B002F7FF7E0AE88
:1060D000102FC04C40F36A826346DC46AB4625462F
:1060E000059C06E0901C0CF1080C0A46103F102F8E
:1060F0001EDD511C1033102007290F93CCF80050DF
:10610000CCF804000E91EDDD0DAA51462046002B7F
:1061100000F08580FFF722FC00287FF482ADDDE9E6
:106120000E23103F102F02F101000DF1680CE0DC8E
:106130002C465D46E3469C460BF10803BC44072809
:10614000CDF83CC0CBE900470E9040F3A881BCF1EC
:10615000000F00F0F8810DAA51460598FFF7FEFBED
:1061600000287FF45EAD019BDDE90E2CA9EB03074F
:10617000002F02F101011CA80DF1680B7FF78EAE14
:10618000102F944C40F3DD8163464FF01009DC463C
:10619000AB462546059C06E0911C0CF1080C024616
:1061A000103F102F19DD501C103307280F93CCE936
:1061B00000590E90F0DD0DAA514620460BB3FFF7B3
:1061C000CDFB00287FF42DADDDE90E23103F102F0D
:1061D00002F101010DF1680CE5DC2C465D46E34659
:1061E0009C460BF10803BC440729CDF83CC0CBE921
:1061F00000470E9100F30181013103F108009B4635
:106200004CE601211A460DF1680CC9E70DAA51466A
:106210000598FFF7A3FB00283FF468AE01E50120D5
:106220001A460DF1680C61E7BCF1000F00F0108117
:106230000DAA51460598FFF791FB00287FF4F1ACB9
:10624000DDE90E2C1CA8511C0DF1680BFDE50223A5
:106250000CAACDE91A239C461CA8012183460A46B4
:10626000511C0BF108000FE6102C5B4F40F3968198
:10627000099659461023C3466646A846059D07E081
:1062800002F1020E08310246103C102C1ADD501C9F
:10629000103607280F96C1E900730E90F0DD0DAAA5
:1062A0005146284626B3FFF759FB00287FF4B9ACC6
:1062B000DDE90E26103C102C02F1010E1AA94FF058
:1062C0001003E4DCB446099E4546D8468B46A444F8
:1062D000BEF1070FCDF83CC0CBE90074CDF838E033
:1062E00000F3C7800BF1080B0EF10101724697E530
:1062F00032464FF0010E1AA9C6E7009A0E935107D5
:1063000047D5039A541B002C43DD1AA8102C0E9974
:10631000314F40F348811026DDF8149006E001F17A
:10632000020C08301146103C102C18DD4A1C1033AA
:10633000072A0F93C0E900760E92F0DD0DAA5146B0
:1063400048460BB3FFF70AFB00287FF46AACDDE98F
:106350000E13103C102C01F1010C1AA8E6DC2344AA
:10636000BCF1070F0F93C0E90074CDF838C07FF778
:10637000B3AD73B10DAA51460598FFF7EFFA0028A7
:106380007FF44FAC0F9BA7E54FF0010C19461AA8FC
:10639000C9E7DDE90232AA42ACBF9B185B19029340
:1063A000A4E5012B00F0E180022B009F7FF444AEB6
:1063B00008981AAE230904F00F0143EA05732A096D
:1063C0001C461546435C06F8013D54EA0503F1D12D
:1063D0006AE600BFE0840308D0840308009F002D14
:1063E00008BF0A2CBFF449AE303401238DF8674052
:1063F000009701930DF167065AE6BCF1000F00F01B
:1064000090800DAA51460598FFF7A8FA00287FF45E
:1064100008ACDDE90E1C1CA801310DF1680B3DE54F
:106420000E920DF1680BFFF736BBE51722462B469F
:10643000002A73F10003BFF6B7AC2D2364428DF838
:106440002F30069365EB4505012394E500254FE4C5
:10645000069B002B3DD002230CA9CDE91A139C46C4
:106460000DF1700BFCE61CA8012162460DF1680BD2
:106470000AE5BCF1000F43D00DAA51460598FFF77D
:106480006DFA00287FF4CDABDDE90E2C0DF1680B21
:10649000511CC5E44446FFF705BB1AAE08E6411C93
:1064A00002469B4603F10800F2E417F040031CBFCC
:1064B0001346A4B2002558E57D0648BFA4B20025C6
:1064C000012352E5029A1046D117C3E90001FFF7F4
:1064D000BDBA11461CA862460DF1680BD4E46442B3
:1064E000CDE90342FFF7D5BB304604940097F8F797
:1064F00047FB9DF82F30019006934FF00009D7E538
:106500009DF82F202ABB069B002B7FF4A0AE62468D
:106510001CA801210DF1680BBAE4029A1A60FFF77A
:1065200095BA019B1B9301220F931A960E921CA8F9
:10653000CAE44D46062D28BF062501950494254E34
:1065400057E403464FE61CA8012162460DF1680B93
:106550009EE401220DF12F001A9094461B921146E1
:106560001CA86EE48DF82F0050E5009F3CE79DF8D5
:106570002F30CDF80490069304940097814697E558
:106580008DF82F00CFE48DF82F00FFF7FBBB8DF8BF
:106590002F00FFF7A1BB8DF82F000AE5864696E68F
:1065A0008DF82F00AAE401F1010CD8E60346084655
:1065B000C4E54FF0FF330293FFF738BB049D98F812
:1065C000013055F8042B0495A04642EAE279FFF722
:1065D00076BA00BF2885030810B4044C13460A4657
:1065E000014620685DF8044BFFF7FEB94800002023
:1065F000F0B50C46ADF26C4D8989666EE589199649
:1066000021F00201666AADF80E500025E769ADF889
:106610000C10099606951AAE4FF4806569460096EF
:1066200004960295059507970646FFF7DDF9051EC6
:1066300007DB30466946FAF7BDFF002818BF4FF068
:10664000FF35BDF80C305B0603D5A38943F040034A
:10665000A38128460DF26C4DF0BD00BF10B4034C71
:10666000D4F8E040A4465DF8044B60478808002059
:1066700049B1FF2A02D80A70012070478A230360BB
:106680004FF0FF3070470846704700BF08B506203E
:1066900000F09CFA0120F7F7CEF800BF2DE9F04793
:1066A00082B0804689461446FEF716FD012803D1C4
:1066B00009F1FF33FE2B36D94A4604F15C0301A9E8
:1066C000404600F01BFB421C064632D030B39DF81A
:1066D00004C000250DF1040A09E023685A1C226059
:1066E00083F800C00135B54218D215F80AC0A36876
:1066F000013B002BA360F0DAA769BB42614622464A
:10670000404602DBBCF10A0FE7D100F097FA431CC8
:10671000E8D10646304602B0BDE8F0874E46304626
:1067200002B0BDE8F0875FFA89FC06468DF804C028
:10673000CFE7A389304643F04003A38102B0BDE810
:10674000F08700BFB2F90C3013F4005F0BD110B426
:10675000546E43F4005344F40054546693815DF83E
:10676000044BFFF79BBFFFF799BF00BF0E4B70B5FF
:106770001D6806460C460DB1AB6B8BB1B4F90C30FD
:106780009A0406D4626E43F4005342F40052A3818B
:106790006266224631462846BDE87040FFF77EBF5C
:1067A0002846FBF70DF8E9E7480000209368002B26
:1067B00000F002812DE9F04FB1F90C309BB20C468C
:1067C000190783B08246904635D522699AB313F0F3
:1067D0000202D8F800603DD00027D4F824B0D4F8E5
:1067E0001CC0DFF8CC923D464D452B463A4628BFAB
:1067F0004B4661465046D5B1D847002840F3D28079
:10680000D8F808301B1A07442D1AC8F80830002B96
:1068100000F0B780D4F81CC0D4F824B04D452B4606
:106820003A4628BF4B4661465046002DE4D1D6E992
:1068300000750836D8E721465046FEF7CBFA002807
:1068400040F03081B4F90C30D8F800609BB213F0FE
:106850000202C1D113F0010940F0B080A76820689E
:106860004D46002D54D09A0540F1BC80AF42BB4646
:1068700000F2E78013F4906F2FD0D4E9041707EBF0
:106880004707A0EB010B07EBD777681C7F10584434
:10689000B8423A4684BF07463A465B0540F1E98074
:1068A00011465046FBF7D8F9002800F0F5805A460B
:1068B00021690190F7F78EFEA289019B22F4906274
:1068C00042F08002A281A7EB0B0203EB0B00676191
:1068D00023612060A2602F46AB465A464946FEF728
:1068E0003FFCA2682368D21B5B442F46A260236052
:1068F0000025D8F80830DB1BB944C8F80830002B55
:106900003FD0B4F90C30A76820689BB2002DAAD103
:10691000D6E900950836A4E70BF1080353E90267AE
:106920009B460833002FF9D03A460A213046FBF740
:1069300047FC002853D00130A0EB06094B46D4E9B0
:1069400004122068BB4228BF3B46884203D9A56891
:106950001544AB4219DC9A427DDC1346656AE16955
:1069600032465046A847051E1CDDB9EB05096BD021
:106970000120D8F808305B1B2E447F1BC8F8083074
:1069800013BB002003B0BDE8F08F31462A46FEF766
:10699000E7FB23682B44236021465046FAF70AFEA2
:1069A0000028E2D0B4F90C3043F040034FF0FF3040
:1069B000A38103B0BDE8F08F0020704733469146B5
:1069C000104617464E469B46002FA5D00028B5D14D
:1069D0003A460A213046FBF7F3FB0028ABD17B1C7B
:1069E0009946ACE72369834215D36169A94212D85D
:1069F0002E4B676A9D4294BF2B466FF000434A4678
:106A000093FBF1F3504601FB03F3E169B847071E1E
:106A1000C8DDED1B6DE7AF4228BF2F463A46494619
:106A2000FEF79EFBA3682268DB1B3A44A36022604A
:106A3000002BEED121465046FAF7BCFD0028E8D0E5
:106A4000B0E72F46AB4648E721465046FAF7B2FD7D
:106A500000288ED0A6E71A4631460193FEF780FB48
:106A6000019BA1682268C91A1A44A16022601D46D0
:106A70007BE75046FEF7F2FB034600287FF423AF86
:106A800021695046FAF70CFFB4F90C300C2223F0C0
:106A90008003CAF8002087E70C23CAF80030B4F955
:106AA0000C3081E74FF0FF306CE700BFFEFFFF7F47
:106AB00000FCFF7F10B580210446FBF7CDF8C4F839
:106AC000DC0240B1031F00227C3043F8042F8342D4
:106AD000FBD1002010BD4FF0FF3010BDD0F8DC32EC
:106AE0000BB100207047E5E71F2970B5054609D8AE
:106AF000D0F8DC3216460C464BB153F8240043F86C
:106B0000246070BD162202604FF0FF3070BDFFF7A9
:106B1000D1FF10B9D5F8DC32EFE74FF0FF3070BD90
:106B20001F2938B522D8D0F8DC2205460C466AB1B8
:106B300052F8213053B1012B16D0591C10D000252A
:106B4000204642F824509847284638BD284600F091
:106B500073F8224601462846BDE8384000F058B890
:106B600016230360012038BD002038BD16230360C2
:106B70004FF0FF3038BD00BF1F2923D838B5D0F8FB
:106B8000DC3205460C4683B153F8242003EB840322
:106B90004AB1511C11D0012A0DD0002520461D609C
:106BA0009047284638BD012038BDFFF783FF30B934
:106BB000D5F8DC32E8E7032038BD022038BD4FF0BD
:106BC000FF3038BD4FF0FF30704700BF024B014629
:106BD0001868FFF7A5BF00BF48000020024B0A4617
:106BE00001461868FFF780BF48000020034B186873
:106BF000D0F8DC320BB1002070475BE74800002082
:106C0000024B01461868FFF7B7BF00BF48000020DD
:106C100038B50B46074C054611461846002323603D
:106C2000F6F7F9FD431C00D038BD2368002BFBD0DC
:106C30002B6038BD10EA0020F6F7E5BDF8B50D462B
:106C40001446064610B1836B002B43D0B4F90C20D8
:106C5000A369A36091B208071BD52369CBB1EDB23C
:106C600089042F4622D522686169D31A994229DD09
:106C70000133A168501C0139A16020601570626960
:106C80009A422AD0A389DB0701D50A2D25D03846A0
:106C9000F8BD21463046FEF79DF820BBB4F90C2024
:106CA000236991B2EDB289042F46DCD4616E42F4BF
:106CB000005221F40051A281226861666169D31AF1
:106CC0009942D5DC21463046FAF774FC58B922685F
:106CD0000123CEE7FAF774FDB8E721463046FAF70C
:106CE00069FC0028D3D04FF0FF37D0E7024B0A46AB
:106CF00001461868FFF7A2BF48000020F0B50B4C12
:106D000085B00646D4F8E0401F4621B1A047431C99
:106D100006D005B0F0BD0A4601A9A047431CF8D132
:106D200000228A233A60336005B0F0BD8808002055
:106D300070B50F4B0F4CD3F8E060246884B0154653
:106D400040B10A462B4601462046B047431C08D0B6
:106D500004B070BD02462B4601A92046B047431C33
:106D6000F6D100228A232A60236004B070BD00BFE0
:106D7000880800204800002070B54FF0FF0C4CF44C
:106D8000E06C1CEA11541DBF1CEA135594EA0C0F69
:106D900095EA0C0F00F0DEF82C4481EA030621EAA4
:106DA0004C5123EA4C5350EA013518BF52EA0335DF
:106DB00041F4801143F4801338D0A0FB02CE4FF091
:106DC0000005E1FB02E506F00042E0FB03E54FF0C1
:106DD0000006E1FB03569CF0000F18BF4EF0010EB9
:106DE000A4F1FF04B6F5007F64F5407404D25FEAB5
:106DF0004E0E6D4146EB060642EAC62141EA555168
:106E00004FEAC52040EA5E504FEACE2EB4F1FD0CA9
:106E100088BFBCF5E06F1ED8BEF1004F08BF5FEA27
:106E2000500E50F1000041EB045170BD06F00046D9
:106E300046EA010140EA020081EA0301B4EB5C0486
:106E4000C2BFD4EB0C0541EA045170BD41F480117E
:106E50004FF0000E013C00F3AB8014F1360FDEBFA3
:106E6000002001F0004170BDC4F10004203C35DA7F
:106E70000C341BDC04F11404C4F1200500FA05F302
:106E800020FA04F001FA05F240EA020001F00042A3
:106E900021F0004110EBD37021FA04F642EB060119
:106EA0005EEA430E08BF20EAD37070BDC4F10C0443
:106EB000C4F1200500FA04F320FA05F001FA04F207
:106EC00040EA020001F0004110EBD37041F10001F3
:106ED0005EEA430E08BF20EAD37070BDC4F12005FE
:106EE00000FA05F24EEA020E20FA04F301FA05F266
:106EF00043EA020321FA04F001F0004121FA04F20E
:106F000020EA020000EBD3705EEA430E08BF20EADD
:106F1000D37070BD94F0000F0FD101F00046400017
:106F200041EB010111F4801F08BF013CF7D041EA99
:106F3000060195F0000F18BF704703F0004652009D
:106F400043EB030313F4801F08BF013DF7D043EA6E
:106F50000603704794EA0C0F0CEA135518BF95EA24
:106F60000C0F0CD050EA410618BF52EA4306D1D1AB
:106F700081EA030101F000414FF0000070BD50EACA
:106F8000410606BF1046194652EA430619D094EA54
:106F90000C0F02D150EA013613D195EA0C0F05D13E
:106FA00052EA03361CBF104619460AD181EA030192
:106FB00001F0004141F0FE4141F470014FF000004A
:106FC00070BD41F0FE4141F4780170BD81F0004197
:106FD00002E000BF83F0004330B54FEA41044FEABE
:106FE000430594EA050F08BF90EA020F1FBF54EA59
:106FF000000C55EA020C7FEA645C7FEA655C00F0F5
:10700000E2804FEA5454D4EB5555B8BF6D420CDDC5
:107010002C4480EA020281EA030382EA000083EA48
:10702000010180EA020281EA0303362D88BF30BDE8
:1070300011F0004F4FEA01314FF4801C4CEA11313E
:1070400002D0404261EB410113F0004F4FEA03339D
:107050004CEA133302D0524263EB430394EA050F28
:1070600000F0A780A4F10104D5F1200E0DDB02FA97
:107070000EFC22FA05F2801841F1000103FA0EF22B
:10708000801843FA05F359410EE0A5F120050EF1F1
:10709000200E012A03FA0EFC28BF4CF0020C43FA22
:1070A00005F3C01851EBE37101F0004507D54FF02F
:1070B000000EDCF1000C7EEB00006EEB0101B1F57F
:1070C000801F1BD3B1F5001F0CD349085FEA3000C5
:1070D0004FEA3C0C04F101044FEA445212F5800FD0
:1070E00080F09A80BCF1004F08BF5FEA500C50F16D
:1070F000000041EB045141EA050130BD5FEA4C0C50
:10710000404141EB0101013C28BFB1F5801FE9D2AC
:1071100091F0000F04BF01460020B1FA81F308BFCF
:107120002033A3F10B03B3F120020CDA0C3208DD9B
:1071300002F1140CC2F10C0201FA0CF021FA02F176
:107140000CE002F11402D8BFC2F1200C01FA02F1E6
:1071500020FA0CFCDCBF41EA0C019040E41AA2BF0B
:1071600001EB0451294330BD6FEA04041F3C1CDAD3
:107170000C340EDC04F11404C4F1200220FA04F0F3
:1071800001FA02F340EA030021FA04F345EA03019D
:1071900030BDC4F10C04C4F1200220FA02F001FA5F
:1071A00004F340EA0300294630BD21FA04F02946E1
:1071B00030BD94F0000F83F4801306BF81F480117A
:1071C0000134013D4EE77FEA645C18BF7FEA655CED
:1071D00029D094EA050F08BF90EA020F05D054EABF
:1071E000000C04BF1946104630BD91EA030F1EBFC4
:1071F0000021002030BD5FEA545C05D140004941C8
:1072000028BF41F0004130BD14F580043CBF01F5BA
:10721000801130BD01F0004545F0FE4141F47001A0
:107220004FF0000030BD7FEA645C1ABF194610467B
:107230007FEA655C1CBF0B46024650EA013406BF7C
:1072400052EA033591EA030F41F4002130BD00BF3B
:1072500090F0000F04BF0021704730B54FF48064F8
:1072600004F132044FF000054FF0000150E700BF79
:1072700090F0000F04BF0021704730B54FF48064D8
:1072800004F1320410F0004548BF40424FF00001C5
:107290003EE700BF42004FEAE2014FEA31014FEA08
:1072A00002701FBF12F07F4393F07F4F81F0605157
:1072B000704732F07F4208BF704793F07F4F04BFA2
:1072C00041F40021704730B54FF4607401F000457F
:1072D00021F000411CE700BF50EA010208BF7047DF
:1072E00030B54FF000050AE050EA010208BF7047D0
:1072F00030B511F0004502D5404261EB41014FF439
:10730000806404F132045FEA915C3FF4D8AE4FF040
:1073100003025FEADC0C18BF03325FEADC0C18BF23
:10732000033202EBDC02C2F1200300FA03FC20FA74
:1073300002F001FA03FE40EA0E0021FA02F11444C1
:10734000BDE600BF70B54FF0FF0C4CF4E06C1CEADA
:1073500011541DBF1CEA135594EA0C0F95EA0C0F4B
:1073600000F0DEF82C4481EA030621EA4C5123EABE
:107370004C5350EA013518BF52EA033541F48011ED
:1073800043F4801338D0A0FB02CE4FF00005E1FBA0
:1073900002E506F00042E0FB03E54FF00006E1FBEA
:1073A00003569CF0000F18BF4EF0010EA4F1FF042D
:1073B000B6F5007F64F5407404D25FEA4E0E6D416D
:1073C00046EB060642EAC62141EA55514FEAC5207E
:1073D00040EA5E504FEACE2EB4F1FD0C88BFBCF5FA
:1073E000E06F1ED8BEF1004F08BF5FEA500E50F1AB
:1073F000000041EB045170BD06F0004646EA010171
:1074000040EA020081EA0301B4EB5C04C2BFD4EBA2
:107410000C0541EA045170BD41F480114FF0000E9B
:10742000013C00F3AB8014F1360FDEBF002001F009
:10743000004170BDC4F10004203C35DA0C341BDC83
:1074400004F11404C4F1200500FA05F320FA04F055
:1074500001FA05F240EA020001F0004221F0004189
:1074600010EBD37021FA04F642EB06015EEA430EFC
:1074700008BF20EAD37070BDC4F10C04C4F120052C
:1074800000FA04F320FA05F001FA04F240EA0200DF
:1074900001F0004110EBD37041F100015EEA430EB0
:1074A00008BF20EAD37070BDC4F1200500FA05F2D0
:1074B0004EEA020E20FA04F301FA05F243EA02034F
:1074C00021FA04F001F0004121FA04F220EA02005E
:1074D00000EBD3705EEA430E08BF20EAD37070BDA4
:1074E00094F0000F0FD101F00046400041EB010184
:1074F00011F4801F08BF013CF7D041EA060195F066
:10750000000F18BF704703F00046520043EB03031F
:1075100013F4801F08BF013DF7D043EA060370470C
:1075200094EA0C0F0CEA135518BF95EA0C0F0CD017
:1075300050EA410618BF52EA4306D1D181EA03015D
:1075400001F000414FF0000070BD50EA410606BF57
:107550001046194652EA430619D094EA0C0F02D19C
:1075600050EA013613D195EA0C0F05D152EA0336E1
:107570001CBF104619460AD181EA030101F00041FF
:1075800041F0FE4141F470014FF0000070BD41F048
:10759000FE4141F4780170BD70B54FF0FF0C4CF422
:1075A000E06C1CEA11541DBF1CEA135594EA0C0F41
:1075B00095EA0C0F00F0A7F8A4EB050481EA030E8E
:1075C00052EA03354FEA013100F088804FEA033375
:1075D0004FF0805545EA131343EA12634FEA022243
:1075E00045EA111545EA10654FEA00260EF0004104
:1075F0009D4208BF964244F1FD0404F5407402D256
:107600005B084FEA3202B61A65EB03055B084FEAE6
:1076100032024FF480104FF4002CB6EB020E75EBE3
:10762000030E22BFB61A754640EA0C005B084FEA0B
:107630003202B6EB020E75EB030E22BFB61A754688
:1076400040EA5C005B084FEA3202B6EB020E75EBD3
:10765000030E22BFB61A754640EA9C005B084FEA4B
:107660003202B6EB020E75EB030E22BFB61A754658
:1076700040EADC0055EA060E18D04FEA051545EA47
:1076800016754FEA06164FEAC30343EA52734FEAF0
:10769000C2025FEA1C1CC0D111F4801F0BD141EA69
:1076A00000014FF000004FF0004CB6E711F4801FCE
:1076B00004BF01430020B4F1FD0C88BFBCF5E06FAE
:1076C0003FF6AFAEB5EB030C04BFB6EB020C5FEABE
:1076D000500C50F1000041EB045170BD0EF0004E13
:1076E0004EEA113114EB5C04C2BFD4EB0C0541EA45
:1076F000045170BD41F480114FF0000E013C90E642
:1077000045EA060E8DE60CEA135594EA0C0F08BF05
:1077100095EA0C0F3FF43BAF94EA0C0F0AD150EA04
:1077200001347FF434AF95EA0C0F7FF425AF104697
:1077300019462CE795EA0C0F06D152EA03353FF4BF
:10774000FDAE1046194622E750EA410618BF52EA3C
:1077500043067FF4C5AE50EA41047FF40DAF52EA10
:1077600043057FF4EBAE12E74FF0FF3C06E000BFAD
:107770004FF0010C02E000BF4FF0010C4DF804CDBA
:107780004FEA410C7FEA6C5C4FEA430C18BF7FEA7A
:107790006C5C1BD001B050EA410C0CBF52EA430CA8
:1077A00091EA030F02BF90EA020F0020704710F128
:1077B000000F91EA030F58BF994208BF90422CBFB7
:1077C000D8176FEAE37040F0010070474FEA410CB0
:1077D0007FEA6C5C02D150EA013C07D14FEA430CCE
:1077E0007FEA6C5CD6D152EA033CD3D05DF8040B3F
:1077F000704700BF8446104662468C461946634671
:1078000000E000BF01B5FFF7B7FF002848BF10F147
:10781000000F01BD4DF808EDFFF7F4FF0CBF01208C
:1078200000205DF808FB00BF4DF808EDFFF7EAFF08
:1078300034BF012000205DF808FB00BF4DF808EDC3
:10784000FFF7E0FF94BF012000205DF808FB00BFB8
:107850004DF808EDFFF7CEFF94BF012000205DF842
:1078600008FB00BF4DF808EDFFF7C4FF34BF01204F
:1078700000205DF808FB00BF4FEA410C7FEA6C5C1A
:1078800002D150EA013C0AD14FEA430C7FEA6C5C1A
:1078900002D152EA033C02D14FF0000070474FF092
:1078A000010070474FEA410212F5001215D211D5BE
:1078B0006FF47873B3EB625212D94FEAC12343F0ED
:1078C000004343EA505311F0004F23FA02F018BF6F
:1078D000404270474FF00000704750EA013005D138
:1078E00011F0004008BF6FF0004070474FF00000FB
:1078F000704700BF53B94AB9002908BF00281CBF10
:107900004FF0FF314FF0FF3000F06EB9ADF1080CD1
:107910006DE904CE00F006F8DDF804E0DDE90223AD
:1079200004B070472DE9F047089D04468C46002BB3
:1079300040F083808A42174647D9B2FA82F242B1B8
:10794000C2F1200024FA00F09140974040EA010C77
:1079500094404FEA1748230CBCFBF8F61FFA87FE49
:1079600008FB16C143EA014306FB0EF1994209D90F
:10797000FB1806F1FF3080F01981994240F2168120
:10798000023E3B445B1AA4B2B3FBF8F008FB103391
:1079900044EA034400FB0EFEA64509D93C1900F158
:1079A000FF3380F00581A64540F2028102383C4455
:1079B00040EA0640A4EB0E0400261DB1D44000238B
:1079C000C5E900433146BDE8F08702B9FFDEB2FAEF
:1079D00082F2002A50D1CB1B4FEA174E1FFA87F8CC
:1079E0000126B3FBFEFC210C0EFB1C3341EA0341D4
:1079F00008FB0CF38B4207D979180CF1FF3002D247
:107A00008B4200F2E9808446C91AA3B2B1FBFEF0B2
:107A10000EFB101143EA014408FB00F8A04507D90A
:107A20003C1900F1FF3302D2A04500F2D98018467C
:107A3000A4EB080440EA0C40BFE78B4209D9002DB3
:107A400000F0B1800026C5E9000130463146BDE8AE
:107A5000F087B3FA83F6002E4AD18B4202D38242DA
:107A600000F2B880841A61EB030101208C46002DDE
:107A7000A8D0C5E9004CA5E7C2F1200320FA03F61F
:107A8000974001FA02F04FEA174ED9403043030CF9
:107A9000B1FBFEF61FFA87F80EFB161143EA01430D
:107AA00006FB08F1994204FA02F409D9FB1806F121
:107AB000FF3C80F08D80994240F28A80023E3B4438
:107AC0005B1A81B2B3FBFEF00EFB103341EA0341B7
:107AD00000FB08F38B4207D9791800F1FF3C73D201
:107AE0008B4271D902383944CB1A40EA064678E70E
:107AF000C6F1200C03FA06F422FA0CF31C4320FA18
:107B00000CF701FA06F34FEA144E21FA0CF11F4369
:107B10003B0CB1FBFEF91FFA84F80EFB191143EA86
:107B2000014109FB08FA8A4502FA06F200FA06F357
:107B300008D9611809F1FF3048D28A4546D9A9F120
:107B400002092144A1EB0A01BFB2B1FBFEF00EFB1A
:107B5000101147EA014700FB08F8B84507D9E719B3
:107B600000F1FF312ED2B8452CD90238274440EA23
:107B70000940A7EB0807A0FB02894F45C6464946C6
:107B80001AD317D05DB1B3EB0E0267EB010707FA0A
:107B90000CFCF2404CEA0202F740C5E9002700263F
:107BA0003146BDE8F0872E4628460BE70646E9E653
:107BB0001846FDE64345E5D2B8EB020E69EB040139
:107BC0000138DFE70846D2E760468DE78146B9E72E
:107BD000664675E730464AE7ACF1020C394413E7D4
:107BE00002383C4424E700BF704700BFDFF834D0C0
:107BF000002103E00C4B5B58435004310B480C4B05
:107C000042189A42F6D30B4A02E0002342F8043BA2
:107C1000094B9A42F9D3F6F7BBFBF6F7B7FCC8F766
:107C20004BFB70470000032024860308000000205F
:107C3000F4090020F409002014EA0020FEE7000007
:107C4000024B13B10248F6F763BC70470000000016
:107C500059E5020800000000F8B500BFF8BC08BCF8
:107C60009E467047F8B500BFF8BC08BC9E467047FA
:107C700008000000C80000005472696D706F7454F1
:107C800061736B0053575461736B000052434D5343
:107C9000595300004A4F494E0000000058595A25D8
:107CA0003033642530336425303264005A4F4F4DF1
:107CB0002530336400000000425249474854256390
:107CC000253033640000000058595A2530336430A1
:107CD000303030303000000058595A3030302530C4
:107CE000336430300000000058595A3030303030A2
:107CF0003025303264000000434D4453454C454329
:107D000054000000434D44494E0000004C4544429D
:107D10004152000053574D4F4E0000005345474419
:107D200049535000524742005452494D504F54005D
:107D3000434C4900545820526164696F2054617368
:107D40006B2052756E6E696E672E2E2E0D0A000026
:107D50005458524144000000437265617465206EBE
:107D6000657720726164696F207461736B2E0D0AF0
:107D7000000000004661696C20746F2063726561C9
:107D80007465206E657720726164696F2074617319
:107D90006B2E0D0A000000005458205461736B20B4
:107DA000616C7265616479206578697374732E0DF6
:107DB0000A0000005458205461736B2064656C65A0
:107DC0007465642E0D0A00004E6F205458205461D3
:107DD000736B20746F2064656C6574652E0D0A00EA
:107DE0005461736B4E616D6509537461746509501C
:107DF00072696F09537461636B095461736B4E75DB
:107E00006D0D0A0043757272656E74205461736B58
:107E1000204C6973743A0D0A00000000556E6B6EB9
:107E20006F776E20457874656E64656420436F6D6E
:107E30006D616E642E0D0A004661696C6564207484
:107E40006F20637265617465204576656E742047A6
:107E5000726F75702E0D0A0052434D455854000044
:107E60003F065B4F666D7D077F6F400058595A256E
:107E70003033642530336425303264005B434C4931
:107E80005D2053656E742058203D2025640D0A0046
:107E9000496E76616C6964205820636F6D6D616E08
:107EA000640D0A00224831567600000000000000F0
:107EB000000000005B434C495D2053656E742059FF
:107EC000203D2025640D0A00496E76616C696420AE
:107ED0005920636F6D6D616E640D0A005B434C4900
:107EE0005D2053656E74205A203D2025640D0A00E4
:107EF000496E76616C6964205A20636F6D6D616EA6
:107F0000640D0A005B434C495D20536574205A6F31
:107F10006F6D203D2025640D0A000000496E7661DA
:107F20006C6964205A6F6F6D20636F6D6D616E6454
:107F30000D0A00005B434C495D205365742042727A
:107F400069676874203D2025640D0A00496E7661DA
:107F50006C69642042726967687420636F6D6D613B
:107F60006E640D0A000000005B434C495D205265C1
:107F700073657474696E6720746F206F72696769C6
:107F80006E202B2064656661756C74730D0A0000A9
:107F9000436F6D6D616E64206E6F74207265636FE8
:107FA000676E697365642E20456E7465722027685C
:107FB000656C702720746F20766965772061206C6E
:107FC000697374206F6620617661696C61626C65AB
:107FD00020636F6D6D616E64732E0D0A00000000EA
:107FE0007800000078203C76616C75653E3A095354
:107FF000657420582076616C75650D0A00000000DC
:10800000E07F0308E47F030843300008010000001C
:108010007900000079203C76616C75653E3A095321
:10802000657420592076616C75650D0A00000000AA
:1080300010800308148003081531000801000000B7
:108040007A0000007A203C76616C75653E3A0953EF
:108050006574205A2076616C75650D0A0000000079
:108060004080030844800308E93100080100000053
:108070007A6F6F6D000000007A6F6F6D203C766143
:108080006C75653E3A09536574207A6F6F6D207682
:10809000616C75650D0A0000708003087880030824
:1080A000C132000801000000627269676874000054
:1080B000627269676874203C76616C75653E3A0946
:1080C000536574206272696768746E6573730D0A14
:1080D00000000000A8800308B080030815330008E2
:1080E000010000006F7267006F72673A0952657392
:1080F000657420746F206F726967696E0D0A0000E5
:10810000E4800308E88003086933000800000000E9
:1081100068656C70000000000D0A68656C703A0DAF
:108120000A204C6973747320616C6C20746865203C
:108130007265676973746572656420636F6D6D61E4
:108140006E64730D0A0D0A0010810308188103087C
:10815000DF3C000800000000496E636F72726563C7
:108160007420636F6D6D616E6420706172616D6506
:108170007465722873292E2020456E746572202242
:1081800068656C702220746F2076696577206120A5
:108190006C697374206F6620617661696C61626CD2
:1081A0006520636F6D6D616E64732E0D0A0D0A009C
:1081B000436F6D6D616E64206E6F74207265636FC6
:1081C000676E697365642E2020456E746572202782
:1081D00068656C702720746F207669657720612050
:1081E0006C697374206F6620617661696C61626C82
:1081F0006520636F6D6D616E64732E0D0A0D0A004C
:1082000049444C45000000000925630925750925EE
:10821000750925750D0A0000F0E300E00006101650
:108220000006101602040810000000000000000004
:10823000010203040607080900000000010203040C
:10824000500000202020202020202020202020203E
:10825000202020203030303030303030303030305E
:1082600030303030002020202020202020202828DE
:1082700028282820202020202020202020202020E6
:108280002020202020881010101010101010101026
:108290001010101010040404040404040404041056
:1082A00010101010101041414141414101010101E4
:1082B00001010101010101010101010101010101AE
:1082C00010101010101042424242424202020202BA
:1082D000020202020202020202020202020202027E
:1082E000101010102000000000000000000000002E
:1082F000000000000000000000000000000000007E
:10830000000000000000000000000000000000006D
:10831000000000000000000000000000000000005D
:10832000000000000000000000000000000000004D
:10833000000000000000000000000000000000003D
:10834000000000000000000000000000000000002D
:10835000000000000000000000000000000000001D
:1083600000000000000000000500000019000000EF
:108370007D00000000000000000000000000F03F51
:1083800000000000000024400000000000005940F0
:108390000000000000408F40000000000088C34043
:1083A00000000000006AF8400000000080842E41B8
:1083B00000000000D01263410000000084D7974104
:1083C0000000000065CDCD41000000205FA002420A
:1083D000000000E876483742000000A2941A6D427F
:1083E000000040E59C30A2420000901EC4BCD64272
:1083F00000003426F56B0C430080E03779C341431D
:1084000000A0D8855734764300C84E676DC1AB4392
:10841000003D9160E458E143408CB5781DAF1544B0
:1084200050EFE2D6E41A4B4492D54D06CFF080448B
:10843000F64AE1C7022DB544B49DD9794378EA44A0
:10844000BC89D897B2D29C3C33A7A8D523F649392A
:108450003DA7F444FD0FA5329D978CCF08BA5B254C
:10846000436FAC642806C80A0080E03779C34143F3
:10847000176E05B5B5B89346F5F93FE9034F384D8A
:10848000321D30F94877825A3CBF737FDD4F157536
:1084900020202020202020202020202020202020DC
:1084A00030303030303030303030303030303030CC
:1084B00020202020202020202020202020202020BC
:1084C00030303030303030303030303030303030AC
:1084D000202020202020202020202020202020209C
:1084E000303030303030303030303030303030308C
:1084F000494E4600696E66004E414E006E616E0048
:1085000030313233343536373839414243444546C9
:10851000000000003031323334353637383961628B
:108520006364656600000000286E756C6C290000AD
:10853000300000004E614E00496E66696E697479C4
:108540000000000042616C6C6F63207375636365AB
:1085500065646564000000002E2E2F2E2E2F2E2E17
:108560002F2E2E2F2E2E2F2E2E2F2E2E2F2E2E2F25
:108570006E65776C69622F6C6962632F7374646CCB
:1085800069622F64746F612E630000002E2E2F2EFF
:108590002E2F2E2E2F2E2E2F2E2E2F2E2E2F2E2EF6
:1085A0002F2E2E2F6E65776C69622F6C6962632F98
:1085B0007374646C69622F6D707265632E63000062
:1085C0002C2066756E6374696F6E3A20000000009F
:1085D000617373657274696F6E2022257322206641
:1085E00061696C65643A2066696C65202225732296
:1085F0002C206C696E65202564257325730A0000A4
:1086000043000000504F5349580000002E00000066
:08861000387CFC7F0100000032
:08861800417C0308290200085F
:04862000010200084B
:10862400000000003010000052012200640000002D
:10863400FF000000FFFFFFFFFF00000030100018E4
:1086440061000000488103080000000024000020AD
:1086540006000000AAAAAAAA100000000100000057
:10866400FCE800200024F40050000020000000007A
:10867400000000003C030020A40300200C040020A0
:1086840000000000000000000000000000000000E6
:1086940000000000000000000000000000000000D6
:1086A40000000000000000000000000000000000C6
:1086B40000000000000000000000000000000000B6
:1086C40000000000000000000000000000000000A6
:1086D4000000000000000000000000000000000096
:1086E4000000000000000000000000000000000086
:1086F4000000000000000000000000000000000076
:108704000000000000000000000000000000000065
:108714000000000000000000010000000000000054
:108724000E33CDAB34126DE6ECDE05000B00000019
:108734000000000000000000000000000000000035
:108744000000000000000000000000000000000025
:108754000000000000000000000000000000000015
:108764000000000000000000000000000000000005
:1087740000000000000000000000000000000000F5
:1087840000000000000000000000000000000000E5
:1087940000000000000000000000000000000000D5
:1087A40000000000000000000000000000000000C5
:1087B40000000000000000000000000000000000B5
:1087C40000000000000000000000000000000000A5
:1087D4000000000000000000000000000000000095
:1087E4000000000000000000000000000000000085
:1087F4000000000000000000000000000000000075
:108804000000000000000000000000000000000064
:108814000000000000000000000000000000000054
:108824000000000000000000000000000000000044
:108834000000000000000000000000000000000034
:108844000000000000000000000000000000000024
:108854000000000000000000000000000000000014
:108864000000000000000000000000000000000004
:1088740000000000000000000000000000000000F4
:1088840000000000000000000000000000000000E4
:1088940000000000000000000000000000000000D4
:1088A40000000000000000000000000000000000C4
:1088B40000000000000000000000000000000000B4
:1088C40000000000000000000000000000000000A4
:1088D4000000000000000000000000000000000094
:1088E4000000000000000000000000000000000084
:1088F4000000000000000000000000000000000074
:108904000000000000000000000000000000000063
:108914000000000000000000000000000000000053
:108924000000000000000000000000000000000043
:108934000000000000000000000000000000000033
:108944000000000000000000000000000000000023
:108954000000000000000000000000000000000013
:108964000000000000000000000000000000000003
:1089740000000000000000000000000000000000F3
:1089840000000000000000000000000000000000E3
:1089940000000000000000000000000000000000D3
:1089A40000000000000000000000000000000000C3
:1089B40000000000000000000000000000000000B3
:1089C40000000000000000000000000000000000A3
:1089D4000000000000000000000000000000000093
:1089E4000000000000000000000000000000000083
:1089F4000000000000000000000000000000000073
:108A04000000000000000000000000000000000062
:108A14000000000000000000000000000000000052
:108A24000000000000000000000000000000000042
:108A34000000000000000000000000000000000032
:108A44000000000000000000000000000000000022
:108A54000000000000000000000000000000000012
:108A64000000000000000000000000000000000002
:108A740000000000000000000000000000000000F2
:108A840000000000000000000000000000000000E2
:108A940000000000000000000000000000000000D2
:108AA4007804002078040020800400208004002042
:108AB40088040020880400209004002090040020F2
:108AC4009804002098040020A0040020A0040020A2
:108AD400A8040020A8040020B0040020B004002052
:108AE400B8040020B8040020C0040020C004002002
:108AF400C8040020C8040020D0040020D0040020B2
:108B0400D8040020D8040020E0040020E004002061
:108B1400E8040020E8040020F0040020F004002011
:108B2400F8040020F80400200005002000050020BF
:108B3400080500200805002010050020100500206D
:108B4400180500201805002020050020200500201D
:108B540028050020280500203005002030050020CD
:108B6400380500203805002040050020400500207D
:108B7400480500204805002050050020500500202D
:108B840058050020580500206005002060050020DD
:108B9400680500206805002070050020700500208D
:108BA400780500207805002080050020800500203D
:108BB40088050020880500209005002090050020ED
:108BC4009805002098050020A0050020A00500209D
:108BD400A8050020A8050020B0050020B00500204D
:108BE400B8050020B8050020C0050020C0050020FD
:108BF400C8050020C8050020D0050020D0050020AD
:108C0400D8050020D8050020E0050020E00500205C
:108C1400E8050020E8050020F0050020F00500200C
:108C2400F8050020F80500200006002000060020BA
:108C34000806002008060020100600201006002068
:108C44001806002018060020200600202006002018
:108C540028060020280600203006002030060020C8
:108C64003806002038060020400600204006002078
:108C74004806002048060020500600205006002028
:108C840058060020580600206006002060060020D8
:108C94006806002068060020700600207006002088
:108CA4007806002078060020800600208006002038
:108CB40088060020880600209006002090060020E8
:108CC4009806002098060020A0060020A006002098
:108CD400A8060020A8060020B0060020B006002048
:108CE400B8060020B8060020C0060020C0060020F8
:108CF400C8060020C8060020D0060020D0060020A8
:108D0400D8060020D8060020E0060020E006002057
:108D1400E8060020E8060020F0060020F006002007
:108D2400F8060020F80600200007002000070020B5
:108D34000807002008070020100700201007002063
:108D44001807002018070020200700202007002013
:108D540028070020280700203007002030070020C3
:108D64003807002038070020400700204007002073
:108D74004807002048070020500700205007002023
:108D840058070020580700206007002060070020D3
:108D94006807002068070020700700207007002083
:108DA4007807002078070020800700208007002033
:108DB40088070020880700209007002090070020E3
:108DC4009807002098070020A0070020A007002093
:108DD400A8070020A8070020B0070020B007002043
:108DE400B8070020B8070020C0070020C0070020F3
:108DF400C8070020C8070020D0070020D0070020A3
:108E0400D8070020D8070020E0070020E007002052
:108E1400E8070020E8070020F0070020F007002002
:108E2400F8070020F80700200008002000080020B0
:108E3400080800200808002010080020100800205E
:108E4400180800201808002020080020200800200E
:108E540028080020280800203008002030080020BE
:108E6400380800203808002040080020400800206E
:108E7400480800204808002050080020500800201E
:108E840058080020580800206008002060080020CE
:108E9400680800206808002070080020700800207E
:108EA400FFFFFFFF0000020043000000000000007D
:108EB40000000000000000000000000000000000AE
:108EC400000000000000000043000000000000005B
:108ED400000000000000000000000000000000008E
:108EE400000000000000000043000000000000003B
:108EF400000000000000000000000000000000006E
:108F0400000000000000000043000000000000001A
:108F1400000000000000000000000000000000004D
:108F240000000000000000004300000000000000FA
:108F3400000000000000000000000000000000002D
:108F440000000000000000004300000000000000DA
:108F5400000000000000000000000000000000000D
:108F640000000000000000004300000000000000BA
:108F740000000000000000000000000000000000ED
:108F8400000000000000000071660308355103086A
:108F940000000000648203080C860308CC850308E3
:108FA400CC850308CC850308CC850308CC8503084D
:108FB400CC850308CC850308CC850308CC8503083D
:108FC400FFFFFFFFFFFFFFFFFFFFFFFFFFFF0000AB
:108FD4000100415343494900000000000000000023
:108FE400000000000000000000000000000000007D
:108FF4000000415343494900000000000000000004
:10900400000000000000000000000000000000005C
:049014000000000058
:0400000508037BED84
:00000001FF
